INSERT INTO countries VALUES('11','Armenia','AM','ARM','1')
INSERT INTO countries VALUES('12','Aruba','AW','ABW','1')
INSERT INTO countries VALUES('13','Australia','AU','AUS','1')
INSERT INTO countries VALUES('14','Austria','AT','AUT','5')
INSERT INTO countries VALUES('15','Azerbaijan','AZ','AZE','1')
INSERT INTO countries VALUES('16','Bahamas','BS','BHS','1')
INSERT INTO countries VALUES('17','Bahrain','BH','BHR','1')
INSERT INTO countries VALUES('18','Bangladesh','BD','BGD','1')
INSERT INTO countries VALUES('19','Barbados','BB','BRB','1')
INSERT INTO countries VALUES('20','Belarus','BY','BLR','1')
INSERT INTO countries VALUES('21','Belgium','BE','BEL','1')
INSERT INTO countries VALUES('22','Belize','BZ','BLZ','1')
INSERT INTO countries VALUES('23','Benin','BJ','BEN','1')
INSERT INTO countries VALUES('24','Bermuda','BM','BMU','1')
INSERT INTO countries VALUES('25','Bhutan','BT','BTN','1')
INSERT INTO countries VALUES('26','Bolivia','BO','BOL','1')
INSERT INTO countries VALUES('27','Bosnia and Herzegowina','BA','BIH','1')
INSERT INTO countries VALUES('28','Botswana','BW','BWA','1')
INSERT INTO countries VALUES('29','Bouvet Island','BV','BVT','1')
INSERT INTO countries VALUES('30','Brazil','BR','BRA','1')
INSERT INTO countries VALUES('31','British Indian Ocean Territory','IO','IOT','1')
INSERT INTO countries VALUES('32','Brunei Darussalam','BN','BRN','1')
INSERT INTO countries VALUES('33','Bulgaria','BG','BGR','1')
INSERT INTO countries VALUES('34','Burkina Faso','BF','BFA','1')
INSERT INTO countries VALUES('35','Burundi','BI','BDI','1')
INSERT INTO countries VALUES('36','Cambodia','KH','KHM','1')
INSERT INTO countries VALUES('37','Cameroon','CM','CMR','1')
INSERT INTO countries VALUES('38','Canada','CA','CAN','2')
INSERT INTO countries VALUES('39','Cape Verde','CV','CPV','1')
INSERT INTO countries VALUES('40','Cayman Islands','KY','CYM','1')
INSERT INTO countries VALUES('41','Central African Republic','CF','CAF','1')
INSERT INTO countries VALUES('42','Chad','TD','TCD','1')
INSERT INTO countries VALUES('43','Chile','CL','CHL','1')
INSERT INTO countries VALUES('44','China','CN','CHN','1')
INSERT INTO countries VALUES('45','Christmas Island','CX','CXR','1')
INSERT INTO countries VALUES('46','Cocos (Keeling) Islands','CC','CCK','1')
INSERT INTO countries VALUES('47','Colombia','CO','COL','1')
INSERT INTO countries VALUES('48','Comoros','KM','COM','1')
INSERT INTO countries VALUES('49','Congo','CG','COG','1')
INSERT INTO countries VALUES('50','Cook Islands','CK','COK','1')
INSERT INTO countries VALUES('51','Costa Rica','CR','CRI','1')
INSERT INTO countries VALUES('52','Cote D\'Ivoire','CI','CIV','1')
INSERT INTO countries VALUES('53','Croatia','HR','HRV','1')
INSERT INTO countries VALUES('54','Cuba','CU','CUB','1')
INSERT INTO countries VALUES('55','Cyprus','CY','CYP','1')
INSERT INTO countries VALUES('56','Czech Republic','CZ','CZE','1')
INSERT INTO countries VALUES('57','Denmark','DK','DNK','1')
INSERT INTO countries VALUES('58','Djibouti','DJ','DJI','1')
INSERT INTO countries VALUES('59','Dominica','DM','DMA','1')
INSERT INTO countries VALUES('60','Dominican Republic','DO','DOM','1')
INSERT INTO countries VALUES('61','East Timor','TP','TMP','1')
INSERT INTO countries VALUES('62','Ecuador','EC','ECU','1')
INSERT INTO countries VALUES('63','Egypt','EG','EGY','1')
INSERT INTO countries VALUES('64','El Salvador','SV','SLV','1')
INSERT INTO countries VALUES('65','Equatorial Guinea','GQ','GNQ','1')
INSERT INTO countries VALUES('66','Eritrea','ER','ERI','1')
INSERT INTO countries VALUES('67','Estonia','EE','EST','1')
INSERT INTO countries VALUES('68','Ethiopia','ET','ETH','1')
INSERT INTO countries VALUES('69','Falkland Islands (Malvinas)','FK','FLK','1')
INSERT INTO countries VALUES('70','Faroe Islands','FO','FRO','1')
INSERT INTO countries VALUES('71','Fiji','FJ','FJI','1')
INSERT INTO countries VALUES('72','Finland','FI','FIN','1')
INSERT INTO countries VALUES('73','France','FR','FRA','1')
INSERT INTO countries VALUES('74','France, Metropolitan','FX','FXX','1')
INSERT INTO countries VALUES('75','French Guiana','GF','GUF','1')
INSERT INTO countries VALUES('76','French Polynesia','PF','PYF','1')
INSERT INTO countries VALUES('77','French Southern Territories','TF','ATF','1')
INSERT INTO countries VALUES('78','Gabon','GA','GAB','1')
INSERT INTO countries VALUES('79','Gambia','GM','GMB','1')
INSERT INTO countries VALUES('80','Georgia','GE','GEO','1')
INSERT INTO countries VALUES('81','Germany','DE','DEU','5')
INSERT INTO countries VALUES('82','Ghana','GH','GHA','1')
INSERT INTO countries VALUES('83','Gibraltar','GI','GIB','1')
INSERT INTO countries VALUES('84','Greece','GR','GRC','1')
INSERT INTO countries VALUES('85','Greenland','GL','GRL','1')
INSERT INTO countries VALUES('86','Grenada','GD','GRD','1')
INSERT INTO countries VALUES('87','Guadeloupe','GP','GLP','1')
INSERT INTO countries VALUES('88','Guam','GU','GUM','1')
INSERT INTO countries VALUES('89','Guatemala','GT','GTM','1')
INSERT INTO countries VALUES('90','Guinea','GN','GIN','1')
INSERT INTO countries VALUES('91','Guinea-bissau','GW','GNB','1')
INSERT INTO countries VALUES('92','Guyana','GY','GUY','1')
INSERT INTO countries VALUES('93','Haiti','HT','HTI','1')
INSERT INTO countries VALUES('94','Heard and Mc Donald Islands','HM','HMD','1')
INSERT INTO countries VALUES('95','Honduras','HN','HND','1')
INSERT INTO countries VALUES('96','Hong Kong','HK','HKG','1')
INSERT INTO countries VALUES('97','Hungary','HU','HUN','1')
INSERT INTO countries VALUES('98','Iceland','IS','ISL','1')
INSERT INTO countries VALUES('99','India','IN','IND','1')
INSERT INTO countries VALUES('100','Indonesia','ID','IDN','1')
INSERT INTO countries VALUES('101','Iran (Islamic Republic of)','IR','IRN','1')
INSERT INTO countries VALUES('102','Iraq','IQ','IRQ','1')
INSERT INTO countries VALUES('103','Ireland','IE','IRL','1')
INSERT INTO countries VALUES('104','Israel','IL','ISR','1')
INSERT INTO countries VALUES('105','Italy','IT','ITA','1')
INSERT INTO countries VALUES('106','Jamaica','JM','JAM','1')
INSERT INTO countries VALUES('107','Japan','JP','JPN','1')
INSERT INTO countries VALUES('108','Jordan','JO','JOR','1')
INSERT INTO countries VALUES('109','Kazakhstan','KZ','KAZ','1')
INSERT INTO countries VALUES('110','Kenya','KE','KEN','1')
INSERT INTO countries VALUES('111','Kiribati','KI','KIR','1')
INSERT INTO countries VALUES('112','Korea, Democratic People\'s Republic of','KP','PRK','1')
INSERT INTO countries VALUES('113','Korea, Republic of','KR','KOR','1')
INSERT INTO countries VALUES('114','Kuwait','KW','KWT','1')
INSERT INTO countries VALUES('115','Kyrgyzstan','KG','KGZ','1')
INSERT INTO countries VALUES('116','Lao People\'s Democratic Republic','LA','LAO','1')
INSERT INTO countries VALUES('117','Latvia','LV','LVA','1')
INSERT INTO countries VALUES('118','Lebanon','LB','LBN','1')
INSERT INTO countries VALUES('119','Lesotho','LS','LSO','1')
INSERT INTO countries VALUES('120','Liberia','LR','LBR','1')
INSERT INTO countries VALUES('121','Libyan Arab Jamahiriya','LY','LBY','1')
INSERT INTO countries VALUES('122','Liechtenstein','LI','LIE','1')
INSERT INTO countries VALUES('123','Lithuania','LT','LTU','1')
INSERT INTO countries VALUES('124','Luxembourg','LU','LUX','1')
INSERT INTO countries VALUES('125','Macau','MO','MAC','1')
INSERT INTO countries VALUES('126','Macedonia, The Former Yugoslav Republic of','MK','MKD','1')
INSERT INTO countries VALUES('127','Madagascar','MG','MDG','1')
INSERT INTO countries VALUES('128','Malawi','MW','MWI','1')
INSERT INTO countries VALUES('129','Malaysia','MY','MYS','1')
INSERT INTO countries VALUES('130','Maldives','MV','MDV','1')
INSERT INTO countries VALUES('131','Mali','ML','MLI','1')
INSERT INTO countries VALUES('132','Malta','MT','MLT','1')
INSERT INTO countries VALUES('133','Marshall Islands','MH','MHL','1')
INSERT INTO countries VALUES('134','Martinique','MQ','MTQ','1')
INSERT INTO countries VALUES('135','Mauritania','MR','MRT','1')
INSERT INTO countries VALUES('136','Mauritius','MU','MUS','1')
INSERT INTO countries VALUES('137','Mayotte','YT','MYT','1')
INSERT INTO countries VALUES('138','Mexico','MX','MEX','1')
INSERT INTO countries VALUES('139','Micronesia, Federated States of','FM','FSM','1')
INSERT INTO countries VALUES('140','Moldova, Republic of','MD','MDA','1')
INSERT INTO countries VALUES('141','Monaco','MC','MCO','1')
INSERT INTO countries VALUES('142','Mongolia','MN','MNG','1')
INSERT INTO countries VALUES('143','Montserrat','MS','MSR','1')
INSERT INTO countries VALUES('144','Morocco','MA','MAR','1')
INSERT INTO countries VALUES('145','Mozambique','MZ','MOZ','1')
INSERT INTO countries VALUES('146','Myanmar','MM','MMR','1')
INSERT INTO countries VALUES('147','Namibia','NA','NAM','1')
INSERT INTO countries VALUES('148','Nauru','NR','NRU','1')
INSERT INTO countries VALUES('149','Nepal','NP','NPL','1')
INSERT INTO countries VALUES('150','Netherlands','NL','NLD','1')
INSERT INTO countries VALUES('151','Netherlands Antilles','AN','ANT','1')
INSERT INTO countries VALUES('152','New Caledonia','NC','NCL','1')
INSERT INTO countries VALUES('153','New Zealand','NZ','NZL','1')
INSERT INTO countries VALUES('154','Nicaragua','NI','NIC','1')
INSERT INTO countries VALUES('155','Niger','NE','NER','1')
INSERT INTO countries VALUES('156','Nigeria','NG','NGA','1')
INSERT INTO countries VALUES('157','Niue','NU','NIU','1')
INSERT INTO countries VALUES('158','Norfolk Island','NF','NFK','1')
INSERT INTO countries VALUES('159','Northern Mariana Islands','MP','MNP','1')
INSERT INTO countries VALUES('160','Norway','NO','NOR','1')
INSERT INTO countries VALUES('161','Oman','OM','OMN','1')
INSERT INTO countries VALUES('162','Pakistan','PK','PAK','1')
INSERT INTO countries VALUES('163','Palau','PW','PLW','1')
INSERT INTO countries VALUES('164','Panama','PA','PAN','1')
INSERT INTO countries VALUES('165','Papua New Guinea','PG','PNG','1')
INSERT INTO countries VALUES('166','Paraguay','PY','PRY','1')
INSERT INTO countries VALUES('167','Peru','PE','PER','1')
INSERT INTO countries VALUES('168','Philippines','PH','PHL','1')
INSERT INTO countries VALUES('169','Pitcairn','PN','PCN','1')
INSERT INTO countries VALUES('170','Poland','PL','POL','1')
INSERT INTO countries VALUES('171','Portugal','PT','PRT','1')
INSERT INTO countries VALUES('172','Puerto Rico','PR','PRI','1')
INSERT INTO countries VALUES('173','Qatar','QA','QAT','1')
INSERT INTO countries VALUES('174','Reunion','RE','REU','1')
INSERT INTO countries VALUES('175','Romania','RO','ROM','1')
INSERT INTO countries VALUES('176','Russian Federation','RU','RUS','1')
INSERT INTO countries VALUES('177','Rwanda','RW','RWA','1')
INSERT INTO countries VALUES('178','Saint Kitts and Nevis','KN','KNA','1')
INSERT INTO countries VALUES('179','Saint Lucia','LC','LCA','1')
INSERT INTO countries VALUES('180','Saint Vincent and the Grenadines','VC','VCT','1')
INSERT INTO countries VALUES('181','Samoa','WS','WSM','1')
INSERT INTO countries VALUES('182','San Marino','SM','SMR','1')
INSERT INTO countries VALUES('183','Sao Tome and Principe','ST','STP','1')
INSERT INTO countries VALUES('184','Saudi Arabia','SA','SAU','1')
INSERT INTO countries VALUES('185','Senegal','SN','SEN','1')
INSERT INTO countries VALUES('186','Seychelles','SC','SYC','1')
INSERT INTO countries VALUES('187','Sierra Leone','SL','SLE','1')
INSERT INTO countries VALUES('188','Singapore','SG','SGP','4')
INSERT INTO countries VALUES('189','Slovakia (Slovak Republic)','SK','SVK','1')
INSERT INTO countries VALUES('190','Slovenia','SI','SVN','1')
INSERT INTO countries VALUES('191','Solomon Islands','SB','SLB','1')
INSERT INTO countries VALUES('192','Somalia','SO','SOM','1')
INSERT INTO countries VALUES('193','South Africa','ZA','ZAF','1')
INSERT INTO countries VALUES('194','South Georgia and the South Sandwich Islands','GS','SGS','1')
INSERT INTO countries VALUES('195','Spain','ES','ESP','3')
INSERT INTO countries VALUES('196','Sri Lanka','LK','LKA','1')
INSERT INTO countries VALUES('197','St. Helena','SH','SHN','1')
INSERT INTO countries VALUES('198','St. Pierre and Miquelon','PM','SPM','1')
INSERT INTO countries VALUES('199','Sudan','SD','SDN','1')
INSERT INTO countries VALUES('200','Suriname','SR','SUR','1')
INSERT INTO countries VALUES('201','Svalbard and Jan Mayen Islands','SJ','SJM','1')
INSERT INTO countries VALUES('202','Swaziland','SZ','SWZ','1')
INSERT INTO countries VALUES('203','Sweden','SE','SWE','1')
INSERT INTO countries VALUES('204','Switzerland','CH','CHE','1')
INSERT INTO countries VALUES('205','Syrian Arab Republic','SY','SYR','1')
INSERT INTO countries VALUES('206','Taiwan','TW','TWN','1')
INSERT INTO countries VALUES('207','Tajikistan','TJ','TJK','1')
INSERT INTO countries VALUES('208','Tanzania, United Republic of','TZ','TZA','1')
INSERT INTO countries VALUES('209','Thailand','TH','THA','1')
INSERT INTO countries VALUES('210','Togo','TG','TGO','1')
INSERT INTO countries VALUES('211','Tokelau','TK','TKL','1')
INSERT INTO countries VALUES('212','Tonga','TO','TON','1')
INSERT INTO countries VALUES('213','Trinidad and Tobago','TT','TTO','1')
INSERT INTO countries VALUES('214','Tunisia','TN','TUN','1')
INSERT INTO countries VALUES('215','Turkey','TR','TUR','1')
INSERT INTO countries VALUES('216','Turkmenistan','TM','TKM','1')
INSERT INTO countries VALUES('217','Turks and Caicos Islands','TC','TCA','1')
INSERT INTO countries VALUES('218','Tuvalu','TV','TUV','1')
INSERT INTO countries VALUES('219','Uganda','UG','UGA','1')
INSERT INTO countries VALUES('220','Ukraine','UA','UKR','1')
INSERT INTO countries VALUES('221','United Arab Emirates','AE','ARE','1')
INSERT INTO countries VALUES('222','United Kingdom','GB','GBR','6')
INSERT INTO countries VALUES('223','United States','US','USA','2')
INSERT INTO countries VALUES('224','United States Minor Outlying Islands','UM','UMI','1')
INSERT INTO countries VALUES('225','Uruguay','UY','URY','1')
INSERT INTO countries VALUES('226','Uzbekistan','UZ','UZB','1')
INSERT INTO countries VALUES('227','Vanuatu','VU','VUT','1')
INSERT INTO countries VALUES('228','Vatican City State (Holy See)','VA','VAT','1')
INSERT INTO countries VALUES('229','Venezuela','VE','VEN','1')
INSERT INTO countries VALUES('230','Viet Nam','VN','VNM','1')
INSERT INTO countries VALUES('231','Virgin Islands (British)','VG','VGB','1')
INSERT INTO countries VALUES('232','Virgin Islands (U.S.)','VI','VIR','1')
INSERT INTO countries VALUES('233','Wallis and Futuna Islands','WF','WLF','1')
INSERT INTO countries VALUES('234','Western Sahara','EH','ESH','1')
INSERT INTO countries VALUES('235','Yemen','YE','YEM','1')
INSERT INTO countries VALUES('236','Yugoslavia','YU','YUG','1')
INSERT INTO countries VALUES('237','Zaire','ZR','ZAR','1')
INSERT INTO countries VALUES('238','Zambia','ZM','ZMB','1')
INSERT INTO countries VALUES('239','Zimbabwe','ZW','ZWE','1')
DROP TABLE IF EXISTS coupon_email_track
CREATE TABLE `coupon_email_track` (  `unique_id` int(11) NOT NULL auto_increment,  `coupon_id` int(11) NOT NULL default '0',  `customer_id_sent` int(11) NOT NULL default '0',  `sent_firstname` varchar(32) default NULL,  `sent_lastname` varchar(32) default NULL,  `emailed_to` varchar(32) default NULL,  `date_sent` datetime NOT NULL default '0001-01-01 00:00:00',  PRIMARY KEY  (`unique_id`),  KEY `idx_coupon_id_zen` (`coupon_id`)) ENGINE=MyISAM DEFAULT CHARSET=utf8
DROP TABLE IF EXISTS coupon_gv_customer
CREATE TABLE `coupon_gv_customer` (  `customer_id` int(5) NOT NULL default '0',  `amount` decimal(15,4) NOT NULL default '0.0000',  PRIMARY KEY  (`customer_id`)) ENGINE=MyISAM DEFAULT CHARSET=utf8
DROP TABLE IF EXISTS coupon_gv_queue
CREATE TABLE `coupon_gv_queue` (  `unique_id` int(5) NOT NULL auto_increment,  `customer_id` int(5) NOT NULL default '0',  `order_id` int(5) NOT NULL default '0',  `amount` decimal(15,4) NOT NULL default '0.0000',  `date_created` datetime NOT NULL default '0001-01-01 00:00:00',  `ipaddr` varchar(32) NOT NULL default '',  `release_flag` char(1) NOT NULL default 'N',  PRIMARY KEY  (`unique_id`),  KEY `idx_cust_id_order_id_zen` (`customer_id`,`order_id`),  KEY `idx_release_flag_zen` (`release_flag`)) ENGINE=MyISAM AUTO_INCREMENT=3 DEFAULT CHARSET=utf8
INSERT INTO coupon_gv_queue VALUES('1','2','1231231327','10.0000','2008-08-22 12:07:23','127.0.0.1','N')
INSERT INTO coupon_gv_queue VALUES('2','2','2147483647','10.0000','2008-08-22 16:34:55','127.0.0.1','N')
DROP TABLE IF EXISTS coupon_redeem_track
CREATE TABLE `coupon_redeem_track` (  `unique_id` int(11) NOT NULL auto_increment,  `coupon_id` int(11) NOT NULL default '0',  `customer_id` int(11) NOT NULL default '0',  `redeem_date` datetime NOT NULL default '0001-01-01 00:00:00',  `redeem_ip` varchar(32) NOT NULL default '',  `order_id` int(11) NOT NULL default '0',  PRIMARY KEY  (`unique_id`),  KEY `idx_coupon_id_zen` (`coupon_id`)) ENGINE=MyISAM AUTO_INCREMENT=2 DEFAULT CHARSET=utf8
INSERT INTO coupon_redeem_track VALUES('1','1','2','2008-09-28 10:42:36','127.0.0.1','11')
DROP TABLE IF EXISTS coupon_restrict
CREATE TABLE `coupon_restrict` (  `restrict_id` int(11) NOT NULL auto_increment,  `coupon_id` int(11) NOT NULL default '0',  `product_id` int(11) NOT NULL default '0',  `category_id` int(11) NOT NULL default '0',  `coupon_restrict` char(1) NOT NULL default 'N',  PRIMARY KEY  (`restrict_id`),  KEY `idx_coup_id_prod_id_zen` (`coupon_id`,`product_id`)) ENGINE=MyISAM DEFAULT CHARSET=utf8
DROP TABLE IF EXISTS coupons
CREATE TABLE `coupons` (  `coupon_id` int(11) NOT NULL auto_increment,  `coupon_type` char(1) NOT NULL default 'F',  `coupon_code` varchar(32) NOT NULL default '',  `coupon_amount` decimal(15,4) NOT NULL default '0.0000',  `coupon_minimum_order` decimal(15,4) NOT NULL default '0.0000',  `coupon_start_date` datetime NOT NULL default '0001-01-01 00:00:00',  `coupon_expire_date` datetime NOT NULL default '0001-01-01 00:00:00',  `uses_per_coupon` int(5) NOT NULL default '1',  `uses_per_user` int(5) NOT NULL default '0',  `restrict_to_products` varchar(255) default NULL,  `restrict_to_categories` varchar(255) default NULL,  `restrict_to_customers` text,  `coupon_active` char(1) NOT NULL default 'Y',  `date_created` datetime NOT NULL default '0001-01-01 00:00:00',  `date_modified` datetime NOT NULL default '0001-01-01 00:00:00',  `coupon_zone_restriction` int(11) NOT NULL default '0',  PRIMARY KEY  (`coupon_id`),  KEY `idx_active_type_zen` (`coupon_active`,`coupon_type`),  KEY `idx_coupon_code_zen` (`coupon_code`),  KEY `idx_coupon_type_zen` (`coupon_type`)) ENGINE=MyISAM AUTO_INCREMENT=2 DEFAULT CHARSET=utf8
INSERT INTO coupons VALUES('1','F','6666678890','40.0000','1.0000','2008-09-28 00:00:00','2014-09-28 00:00:00','2','1','','','','N','2008-09-28 10:41:05','2008-09-28 10:41:05','0')
DROP TABLE IF EXISTS coupons_description
CREATE TABLE `coupons_description` (  `coupon_id` int(11) NOT NULL default '0',  `language_id` int(11) NOT NULL default '0',  `coupon_name` varchar(32) NOT NULL default '',  `coupon_description` text,  PRIMARY KEY  (`coupon_id`,`language_id`)) ENGINE=MyISAM DEFAULT CHARSET=utf8
INSERT INTO coupons_description VALUES('1','1','autumn','<p><strong>sd</strong></p>')
DROP TABLE IF EXISTS currencies
CREATE TABLE `currencies` (  `currencies_id` int(11) NOT NULL auto_increment,  `title` varchar(32) NOT NULL default '',  `code` char(3) NOT NULL default '',  `symbol_left` varchar(24) default NULL,  `symbol_right` varchar(24) default NULL,  `decimal_point` char(1) default NULL,  `thousands_point` char(1) default NULL,  `decimal_places` char(1) default NULL,  `value` float(13,8) default NULL,  `last_updated` datetime default NULL,  PRIMARY KEY  (`currencies_id`)) ENGINE=MyISAM AUTO_INCREMENT=8 DEFAULT CHARSET=utf8
INSERT INTO currencies VALUES('1','US Dollar','USD','US$','','.',',','2','1.00000000','2008-07-20 12:06:20')
INSERT INTO currencies VALUES('2','Euro','EUR','&euro;','','.',',','2','0.74129999','2008-07-20 12:06:20')
INSERT INTO currencies VALUES('3','GB Pound','GBP','&pound;','','.',',','2','0.50300002','2008-07-20 12:06:20')
INSERT INTO currencies VALUES('4','Canadian Dollar','CAD','CA$','','.',',','2','1.10590005','2008-07-20 12:06:20')
INSERT INTO currencies VALUES('5','Australian Dollar','AUD','AU$','','.',',','2','1.24070001','2008-07-20 12:06:20')
INSERT INTO currencies VALUES('6','Hong Kong Dollars','HKD','HK$','','','','','0.50000000','')
INSERT INTO currencies VALUES('7','Switzerland Francs','CHF','CHF','','','','','0.35249999','')
DROP TABLE IF EXISTS customers
CREATE TABLE `customers` (  `customers_id` int(11) NOT NULL auto_increment,  `customers_gender` char(1) NOT NULL default '',  `customers_firstname` varchar(32) NOT NULL default '',  `customers_lastname` varchar(32) NOT NULL default '',  `customers_dob` datetime NOT NULL default '0001-01-01 00:00:00',  `customers_email_address` varchar(96) NOT NULL default '',  `customers_nick` varchar(96) NOT NULL default '',  `customers_default_address_id` int(11) NOT NULL default '0',  `customers_telephone` varchar(32) NOT NULL default '',  `customers_fax` varchar(32) default NULL,  `customers_password` varchar(40) NOT NULL default '',  `customers_newsletter` char(1) default NULL,  `customers_group_pricing` int(11) NOT NULL default '0',  `customers_email_format` varchar(4) NOT NULL default 'TEXT',  `customers_authorization` int(1) NOT NULL default '0',  `customers_referral` varchar(32) NOT NULL default '',  `customers_paypal_payerid` varchar(20) NOT NULL default '',  `customers_paypal_ec` tinyint(1) unsigned NOT NULL default '0',  `customers_whole` varchar(4) NOT NULL default '0',  `customers_describes` varchar(45) default NULL,  PRIMARY KEY  (`customers_id`),  KEY `idx_email_address_zen` (`customers_email_address`),  KEY `idx_referral_zen` (`customers_referral`(10)),  KEY `idx_grp_pricing_zen` (`customers_group_pricing`),  KEY `idx_nick_zen` (`customers_nick`),  KEY `idx_newsletter_zen` (`customers_newsletter`)) ENGINE=MyISAM AUTO_INCREMENT=20 DEFAULT CHARSET=utf8
INSERT INTO customers VALUES('1','m','Bill','Smith','2001-01-01 00:00:00','show@qq.com','','1','12345','','d95e8fa7f20a009372eb3477473fcd34:1c','0','0','TEXT','0','','','0','0','')
INSERT INTO customers VALUES('16','m','ttt','tretrtretr','0001-01-01 00:00:00','yaolian@foxmail.com','','30','4553534453','','420e536cf36a1f8d1807898cccb4c59d:3e','1','0','TEXT','0','','','0','0','1')
INSERT INTO customers VALUES('17','m','abc','abc','0001-01-01 00:00:00','jay@msn.com','','31','32432432','','2306c3976e12e126b6bdc9021ac88bc0:05','1','0','TEXT','0','','','0','0','4')
INSERT INTO customers VALUES('18','m','test','adtest','0001-01-01 00:00:00','pepelu@tom.com','','32','230-430-3433','','c3846ba74224104adf30efb9484f6e35:9c','1','0','TEXT','0','','','0','0','6')
INSERT INTO customers VALUES('19','m','asdfg','asdfg','0001-01-01 00:00:00','afdsfs@dfdfads.com','','33','23423432','','d5a8370a8bddb52de80e4de83ac86e2a:ce','1','0','TEXT','0','','','0','0','6')
DROP TABLE IF EXISTS customers_basket
CREATE TABLE `customers_basket` (  `customers_basket_id` int(11) NOT NULL auto_increment,  `customers_id` int(11) NOT NULL default '0',  `products_id` tinytext NOT NULL,  `customers_basket_quantity` float NOT NULL default '0',  `final_price` decimal(15,4) NOT NULL default '0.0000',  `customers_basket_date_added` varchar(8) default NULL,  PRIMARY KEY  (`customers_basket_id`),  KEY `idx_customers_id_zen` (`customers_id`)) ENGINE=MyISAM AUTO_INCREMENT=67 DEFAULT CHARSET=utf8
DROP TABLE IF EXISTS customers_basket_attributes
CREATE TABLE `customers_basket_attributes` (  `customers_basket_attributes_id` int(11) NOT NULL auto_increment,  `customers_id` int(11) NOT NULL default '0',  `products_id` tinytext NOT NULL,  `products_options_id` varchar(64) NOT NULL default '0',  `products_options_value_id` int(11) NOT NULL default '0',  `products_options_value_text` blob,  `products_options_sort_order` text NOT NULL,  PRIMARY KEY  (`customers_basket_attributes_id`),  KEY `idx_cust_id_prod_id_zen` (`customers_id`,`products_id`(36))) ENGINE=MyISAM AUTO_INCREMENT=7 DEFAULT CHARSET=utf8
DROP TABLE IF EXISTS customers_info
CREATE TABLE `customers_info` (  `customers_info_id` int(11) NOT NULL default '0',  `customers_info_date_of_last_logon` datetime default NULL,  `customers_info_number_of_logons` int(5) default NULL,  `customers_info_date_account_created` datetime default NULL,  `customers_info_date_account_last_modified` datetime default NULL,  `global_product_notifications` int(1) default '0',  PRIMARY KEY  (`customers_info_id`)) ENGINE=MyISAM DEFAULT CHARSET=utf8
INSERT INTO customers_info VALUES('1','0001-01-01 00:00:00','0','2004-01-21 01:35:28','2008-07-30 16:05:11','0')
INSERT INTO customers_info VALUES('3','2008-08-21 21:56:32','1','2008-08-21 17:08:42','','0')
INSERT INTO customers_info VALUES('4','2008-08-21 17:21:01','2','2008-08-21 17:15:11','','0')
INSERT INTO customers_info VALUES('5','','0','2008-08-26 04:26:36','','0')
INSERT INTO customers_info VALUES('6','','0','2008-08-26 04:31:25','','0')
INSERT INTO customers_info VALUES('7','','0','2008-08-26 04:42:45','','0')
INSERT INTO customers_info VALUES('8','','0','2008-08-26 04:46:04','','0')
INSERT INTO customers_info VALUES('9','','0','2008-08-26 05:05:23','','0')
INSERT INTO customers_info VALUES('16','','0','2008-11-30 20:11:43','2008-11-30 20:12:05','0')
INSERT INTO customers_info VALUES('17','','0','2008-11-30 21:13:01','2008-11-30 21:15:20','0')
INSERT INTO customers_info VALUES('18','','0','2008-12-01 00:12:14','2008-12-01 00:14:09','0')
INSERT INTO customers_info VALUES('19','','0','2008-12-01 03:39:58','2008-12-01 03:42:40','0')
DROP TABLE IF EXISTS customers_origin
CREATE TABLE `customers_origin` (  `origin_id` int(8) NOT NULL auto_increment,  `customers_id` int(8) NOT NULL default '0',  `from_type_id` int(4) NOT NULL,  PRIMARY KEY  (`origin_id`)) ENGINE=MyISAM AUTO_INCREMENT=9 DEFAULT CHARSET=utf8
INSERT INTO customers_origin VALUES('1','12','2')
INSERT INTO customers_origin VALUES('2','13','2')
INSERT INTO customers_origin VALUES('3','14','1')
INSERT INTO customers_origin VALUES('4','15','3')
INSERT INTO customers_origin VALUES('5','16','1')
INSERT INTO customers_origin VALUES('6','17','2')
INSERT INTO customers_origin VALUES('7','18','2')
INSERT INTO customers_origin VALUES('8','19','2')
DROP TABLE IF EXISTS customers_origin_freq
CREATE TABLE `customers_origin_freq` (  `from_type_id` int(4) NOT NULL auto_increment,  `from_type_name` varchar(64) NOT NULL,  `from_type_freq` varchar(64) NOT NULL,  PRIMARY KEY  (`from_type_id`)) ENGINE=MyISAM AUTO_INCREMENT=5 DEFAULT CHARSET=utf8
INSERT INTO customers_origin_freq VALUES('1','From Friends','3')
INSERT INTO customers_origin_freq VALUES('2','Search Engine','4')
INSERT INTO customers_origin_freq VALUES('3','Forums or Blogs','6')
INSERT INTO customers_origin_freq VALUES('4','Other Websites','2')
DROP TABLE IF EXISTS customers_searches
CREATE TABLE `customers_searches` (  `search` varchar(255) NOT NULL default '',  `language_id` int(11) unsigned default NULL,  `freq` tinyint(3) unsigned default '0',  PRIMARY KEY  USING BTREE (`search`),  KEY `lang` (`language_id`)) ENGINE=MyISAM DEFAULT CHARSET=utf8
INSERT INTO customers_searches VALUES('Lethal Weapon','1','2')
INSERT INTO customers_searches VALUES('Gift Certificate','1','8')
INSERT INTO customers_searches VALUES('peal','1','14')
INSERT INTO customers_searches VALUES('123','1','13')
INSERT INTO customers_searches VALUES('234','1','1')
INSERT INTO customers_searches VALUES('Maximum Sample','1','17')
INSERT INTO customers_searches VALUES('dddd','1','4')
INSERT INTO customers_searches VALUES('mirco','1','2')
INSERT INTO customers_searches VALUES('Microsoft Internet Keyboard PS/2','1','1')
INSERT INTO customers_searches VALUES('Microsoft Internet','1','2')
INSERT INTO customers_searches VALUES('fff','1','1')
INSERT INTO customers_searches VALUES('The Replacement Killers','1','18')
INSERT INTO customers_searches VALUES('The Replacement','1','3')
INSERT INTO customers_searches VALUES('Maximum','1','5')
INSERT INTO customers_searches VALUES('sas','1','7')
INSERT INTO customers_searches VALUES('ss','1','1')
INSERT INTO customers_searches VALUES('a','1','69')
INSERT INTO customers_searches VALUES('ssss','1','5')
INSERT INTO customers_searches VALUES('Test','1','138')
INSERT INTO customers_searches VALUES('f','1','1')
INSERT INTO customers_searches VALUES('mp3','1','1')
DROP TABLE IF EXISTS customers_wishlist
CREATE TABLE `customers_wishlist` (  `products_id` int(13) NOT NULL default '0',  `customers_id` int(13) NOT NULL default '0',  `products_model` varchar(13) default NULL,  `products_name` varchar(64) NOT NULL default '',  `products_price` decimal(8,2) NOT NULL default '0.00',  `final_price` decimal(8,2) NOT NULL default '0.00',  `products_quantity` int(2) NOT NULL default '0',  `wishlist_name` varchar(64) default NULL) ENGINE=MyISAM DEFAULT CHARSET=utf8
DROP TABLE IF EXISTS db_cache
CREATE TABLE `db_cache` (  `cache_entry_name` varchar(64) NOT NULL default '',  `cache_data` mediumblob,  `cache_entry_created` int(15) default NULL,  PRIMARY KEY  (`cache_entry_name`)) ENGINE=MyISAM DEFAULT CHARSET=utf8
DROP TABLE IF EXISTS email_archive
CREATE TABLE `email_archive` (  `archive_id` int(11) NOT NULL auto_increment,  `email_to_name` varchar(96) NOT NULL default '',  `email_to_address` varchar(96) NOT NULL default '',  `email_from_name` varchar(96) NOT NULL default '',  `email_from_address` varchar(96) NOT NULL default '',  `email_subject` varchar(255) NOT NULL default '',  `email_html` text NOT NULL,  `email_text` text NOT NULL,  `date_sent` datetime NOT NULL default '0001-01-01 00:00:00',  `module` varchar(64) NOT NULL default '',  PRIMARY KEY  (`archive_id`),  KEY `idx_email_to_address_zen` (`email_to_address`),  KEY `idx_module_zen` (`module`)) ENGINE=MyISAM AUTO_INCREMENT=46 DEFAULT CHARSET=utf8
INSERT INTO email_archive VALUES('1','','163@qq.com','My.com','showq@qq.com','fdasdf','HTML disabled in admin','asdfasdfasdf\nThis email address was given to us by you or by one of our customers. If you feel that you have received this email in error, please send an email to showq@qq.com\nThis e-mail is sent in accordance with the US CAN-SPAM Law in effect 01/01/2004. Removal requests can be sent to this address and will be honored and respected.','2008-10-11 18:53:58','direct_email')
INSERT INTO email_archive VALUES('2','','sdfsdf@11.com','My.com','showq@qq.com','fdasdf','HTML disabled in admin','asdfasdfasdf\nThis email address was given to us by you or by one of our customers. If you feel that you have received this email in error, please send an email to showq@qq.com\nThis e-mail is sent in accordance with the US CAN-SPAM Law in effect 01/01/2004. Removal requests can be sent to this address and will be honored and respected.','2008-10-11 18:53:58','direct_email')
INSERT INTO email_archive VALUES('3','','show1q@163.com','My.com','showq@qq.com','fdasdf','HTML disabled in admin','asdfasdfasdf\nThis email address was given to us by you or by one of our customers. If you feel that you have received this email in error, please send an email to showq@qq.com\nThis e-mail is sent in accordance with the US CAN-SPAM Law in effect 01/01/2004. Removal requests can be sent to this address and will be honored and respected.','2008-10-11 18:53:58','direct_email')
INSERT INTO email_archive VALUES('4','','showaq@163.com','My.com','showq@qq.com','fdasdf','HTML disabled in admin','asdfasdfasdf\nThis email address was given to us by you or by one of our customers. If you feel that you have received this email in error, please send an email to showq@qq.com\nThis e-mail is sent in accordance with the US CAN-SPAM Law in effect 01/01/2004. Removal requests can be sent to this address and will be honored and respected.','2008-10-11 18:53:58','direct_email')
INSERT INTO email_archive VALUES('5','','sina@qq.com','My.com','showq@qq.com','fdasdf','HTML disabled in admin','asdfasdfasdf\nThis email address was given to us by you or by one of our customers. If you feel that you have received this email in error, please send an email to showq@qq.com\nThis e-mail is sent in accordance with the US CAN-SPAM Law in effect 01/01/2004. Removal requests can be sent to this address and will be honored and respected.','2008-10-11 18:53:58','direct_email')
INSERT INTO email_archive VALUES('6','','ss@qq.com','My.com','showq@qq.com','fdasdf','HTML disabled in admin','asdfasdfasdf\nThis email address was given to us by you or by one of our customers. If you feel that you have received this email in error, please send an email to showq@qq.com\nThis e-mail is sent in accordance with the US CAN-SPAM Law in effect 01/01/2004. Removal requests can be sent to this address and will be honored and respected.','2008-10-11 18:53:59','direct_email')
INSERT INTO email_archive VALUES('7','','wolfregionq@qq.com','My.com','showq@qq.com','fdasdf','HTML disabled in admin','asdfasdfasdf\nThis email address was given to us by you or by one of our customers. If you feel that you have received this email in error, please send an email to showq@qq.com\nThis e-mail is sent in accordance with the US CAN-SPAM Law in effect 01/01/2004. Removal requests can be sent to this address and will be honored and respected.','2008-10-11 18:53:59','direct_email')
INSERT INTO email_archive VALUES('8','ANDY LAU','balan@qq.com','My.com','showq@qq.com','fdasdf','HTML disabled in admin','asdfasdfasdf\nThis email address was given to us by you or by one of our customers. If you feel that you have received this email in error, please send an email to showq@qq.com\nThis e-mail is sent in accordance with the US CAN-SPAM Law in effect 01/01/2004. Removal requests can be sent to this address and will be honored and respected.','2008-10-11 18:53:59','direct_email')
INSERT INTO email_archive VALUES('9','YAN LAU','abc@qq.com','My.com','showq@qq.com','fdasdf','HTML disabled in admin','asdfasdfasdf\nThis email address was given to us by you or by one of our customers. If you feel that you have received this email in error, please send an email to showq@qq.com\nThis e-mail is sent in accordance with the US CAN-SPAM Law in effect 01/01/2004. Removal requests can be sent to this address and will be honored and respected.','2008-10-11 18:53:59','direct_email')
INSERT INTO email_archive VALUES('10','lucy lily','light@qq.com','My.com','showq@qq.com','fdasdf','HTML disabled in admin','asdfasdfasdf\nThis email address was given to us by you or by one of our customers. If you feel that you have received this email in error, please send an email to showq@qq.com\nThis e-mail is sent in accordance with the US CAN-SPAM Law in effect 01/01/2004. Removal requests can be sent to this address and will be honored and respected.','2008-10-11 18:53:59','direct_email')
INSERT INTO email_archive VALUES('11','wolfregion liuyanjun','wolfregion@126.com','My.com','showq@qq.com','fdasdf','HTML disabled in admin','asdfasdfasdf\nThis email address was given to us by you or by one of our customers. If you feel that you have received this email in error, please send an email to showq@qq.com\nThis e-mail is sent in accordance with the US CAN-SPAM Law in effect 01/01/2004. Removal requests can be sent to this address and will be honored and respected.','2008-10-11 18:53:59','direct_email')
INSERT INTO email_archive VALUES('12','sharey nana','fire@qq.com','My.com','showq@qq.com','fdasdf','HTML disabled in admin','asdfasdfasdf\nThis email address was given to us by you or by one of our customers. If you feel that you have received this email in error, please send an email to showq@qq.com\nThis e-mail is sent in accordance with the US CAN-SPAM Law in effect 01/01/2004. Removal requests can be sent to this address and will be honored and respected.','2008-10-11 18:53:59','direct_email')
INSERT INTO email_archive VALUES('13','DAVE NEED','asdfjkl@q.com','My.com','showq@qq.com','fdasdf','HTML disabled in admin','asdfasdfasdf\nThis email address was given to us by you or by one of our customers. If you feel that you have received this email in error, please send an email to showq@qq.com\nThis e-mail is sent in accordance with the US CAN-SPAM Law in effect 01/01/2004. Removal requests can be sent to this address and will be honored and respected.','2008-10-11 18:53:59','direct_email')
INSERT INTO email_archive VALUES('14','dd New Customer','op@qq.com','My.com','showq@qq.com','fdasdf','HTML disabled in admin','asdfasdfasdf\nThis email address was given to us by you or by one of our customers. If you feel that you have received this email in error, please send an email to showq@qq.com\nThis e-mail is sent in accordance with the US CAN-SPAM Law in effect 01/01/2004. Removal requests can be sent to this address and will be honored and respected.','2008-10-11 18:53:59','direct_email')
INSERT INTO email_archive VALUES('15','Bill Smith','show@qq.com','My.com','showq@qq.com','fdasdf','HTML disabled in admin','asdfasdfasdf\nThis email address was given to us by you or by one of our customers. If you feel that you have received this email in error, please send an email to showq@qq.com\nThis e-mail is sent in accordance with the US CAN-SPAM Law in effect 01/01/2004. Removal requests can be sent to this address and will be honored and respected.','2008-10-11 18:53:59','direct_email')
INSERT INTO email_archive VALUES('16','ANDY LAU','balan@qq.com','My.com','showq@qq.com','afsdf asd','HTML disabled in admin','a sdfa sdf\nThis email address was given to us by you or by one of our customers. If you feel that you have received this email in error, please send an email to showq@qq.com\nThis e-mail is sent in accordance with the US CAN-SPAM Law in effect 01/01/2004. Removal requests can be sent to this address and will be honored and respected.','2008-10-11 19:04:20','direct_email')
INSERT INTO email_archive VALUES('17','YAN LAU','abc@qq.com','My.com','showq@qq.com','afsdf asd','HTML disabled in admin','a sdfa sdf\nThis email address was given to us by you or by one of our customers. If you feel that you have received this email in error, please send an email to showq@qq.com\nThis e-mail is sent in accordance with the US CAN-SPAM Law in effect 01/01/2004. Removal requests can be sent to this address and will be honored and respected.','2008-10-11 19:04:20','direct_email')
INSERT INTO email_archive VALUES('18','lucy lily','light@qq.com','My.com','showq@qq.com','afsdf asd','HTML disabled in admin','a sdfa sdf\nThis email address was given to us by you or by one of our customers. If you feel that you have received this email in error, please send an email to showq@qq.com\nThis e-mail is sent in accordance with the US CAN-SPAM Law in effect 01/01/2004. Removal requests can be sent to this address and will be honored and respected.','2008-10-11 19:04:21','direct_email')
INSERT INTO email_archive VALUES('19','wolfregion liuyanjun','wolfregion@126.com','My.com','showq@qq.com','afsdf asd','HTML disabled in admin','a sdfa sdf\nThis email address was given to us by you or by one of our customers. If you feel that you have received this email in error, please send an email to showq@qq.com\nThis e-mail is sent in accordance with the US CAN-SPAM Law in effect 01/01/2004. Removal requests can be sent to this address and will be honored and respected.','2008-10-11 19:04:21','direct_email')
INSERT INTO email_archive VALUES('20','sharey nana','fire@qq.com','My.com','showq@qq.com','afsdf asd','HTML disabled in admin','a sdfa sdf\nThis email address was given to us by you or by one of our customers. If you feel that you have received this email in error, please send an email to showq@qq.com\nThis e-mail is sent in accordance with the US CAN-SPAM Law in effect 01/01/2004. Removal requests can be sent to this address and will be honored and respected.','2008-10-11 19:04:21','direct_email')
INSERT INTO email_archive VALUES('21','DAVE NEED','asdfjkl@q.com','My.com','showq@qq.com','afsdf asd','HTML disabled in admin','a sdfa sdf\nThis email address was given to us by you or by one of our customers. If you feel that you have received this email in error, please send an email to showq@qq.com\nThis e-mail is sent in accordance with the US CAN-SPAM Law in effect 01/01/2004. Removal requests can be sent to this address and will be honored and respected.','2008-10-11 19:04:21','direct_email')
INSERT INTO email_archive VALUES('22','dd New Customer','op@qq.com','My.com','showq@qq.com','afsdf asd','HTML disabled in admin','a sdfa sdf\nThis email address was given to us by you or by one of our customers. If you feel that you have received this email in error, please send an email to showq@qq.com\nThis e-mail is sent in accordance with the US CAN-SPAM Law in effect 01/01/2004. Removal requests can be sent to this address and will be honored and respected.','2008-10-11 19:04:21','direct_email')
INSERT INTO email_archive VALUES('23','Bill Smith','show@qq.com','My.com','showq@qq.com','afsdf asd','HTML disabled in admin','a sdfa sdf\nThis email address was given to us by you or by one of our customers. If you feel that you have received this email in error, please send an email to showq@qq.com\nThis e-mail is sent in accordance with the US CAN-SPAM Law in effect 01/01/2004. Removal requests can be sent to this address and will be honored and respected.','2008-10-11 19:04:21','direct_email')
INSERT INTO email_archive VALUES('24','My.com','83031767@qq.com','jerry','welc@123.com','Message from My.com','_html_\n_head_\n_meta http-equiv=\"Content-Type\" content=\"text/html; charset=utf-8\" /_\n_base href=\"http://www.electronics-store-china.com/\" /_\n\n_style type=\"text/css\"_\nbody {background-color:#ffffff; color:#000000; font-family:Verdana, Arial, Helvetica, sans-serif; text-align:center;}\na:link {color:#0066cc;}\na:hover {background-color:#eeeecc; color:#0066cc;}\na:visited {color:#0066cc;}\n.holder {background-color:#f9f9f9; border:1px solid #9a9a9a; font-size:9px; text-align:left; width:550px;}\n.header {font-size:10px; padding:0px; width:550px;}\n.content {font-size:10px; padding:5px; width:550px;}\n.footer {border-top:1px solid #9a9a9a; font-size:9px; margin-top:10px; text-align:center; width:550px;}\n.extra-info {background-color:#cccc99; border:1px solid #9a9a9a; font-size:10px; margin-top:10px; padding:5px; width:550px;}\n.extra-info-bold {font-weight:bold;}\n.disclaimer {background-color:#f9f9f9; border:1px solid #cccccc; font-size:10px; margin-top:10px; padding:5px; width:550px;}\n.disclaimer1 {color:#666666; padding:5px;}\n.disclaimer1 a:link {color:#666666;}\n.disclaimer1 a:visited {color:#666666;}\n.disclaimer2 {color:#666666; padding:5px;}\n.copyright {border-bottom:0px solid #9a9a9a; padding:5px;}\n_/style_\n\n_/head_\n\n_body_\n_div class=\"holder\"_\n\n _!-- Header Section --_\n _div class=\"header\"_\n _img src=\"email/header.jpg\" alt=\"logo\" /_\n _/div_\n\n\n _!-- Content Section --_\n _div class=\"content\"_\n _div__strong_From:_/strong_ jerry_br /__strong_Email:_/strong_(welc@123.com)_hr /__/div_\n _div_测试联系看看！_/div_\n _/div_\n\n\n _!-- Footer Section --_\n _div class=\"footer\"_\n _div class=\"copyright\"_Copyright (c) 2008 _a href=\"http://www.electronics-store-china.com/\" target=\"_blank\"_My.com_/a_. Powered by _a href=\"http://www.zen-cart.com\" target=\"_blank\"_Zen Cart_/a__/div_\n _/div_\n\n_/div_\n_div class=\"disclaimer\"_\n _div class=\"disclaimer1\"_This email address was given to us by you or by one of our customers. If you feel that you have received this email in error, please send an email to _a href=\"mailto:83031767@qq.com\"_83031767@qq.com _/a_ _/div_\n _div class=\"disclaimer2\"_This email is sent in accordance with the US CAN-SPAM Law in effect 01/01/2004. Removal requests can be sent to this address and will be honored and respected._/div_\n_/div_\n_table class=\"extra-info\"__tr__td class=\"extra-info-bold\" colspan=\"2\"__strong_Office Use Only:_/strong__/td__/tr__tr__td class=\"extra-info-bold\"__strong_From:_/strong__/td__td_jerry_/td__/tr__tr__td class=\"extra-info-bold\"__strong_Email:_/strong__/td__td_welc@123.com_/td__/tr__tr__td class=\"extra-info-bold\"__strong_Login Name:_/strong__/td__td_Not logged in_/td__/tr__tr__td class=\"extra-info-bold\"__strong_Login Email:_/strong__/td__td_Not logged in_/td__/tr__tr__td class=\"extra-info-bold\"__strong_IP Address:_/strong__/td__td_222.77.16.218 - 222.77.16.218_/td__/tr__tr__td class=\"extra-info-bold\"__strong_Host Address:_/strong__/td__td_218.16.77.222.broad.qz.fj.dynamic.163data.com.cn_/td__/tr__tr__td class=\"extra-info-bold\"__strong_Date and Time:_/strong__/td__td_Sun Nov 30 2008 7:35:29 MST_/td__/tr__/table_\n_/body_\n_/html_','From:	jerry\nEmail:	welc@123.com\n\n------------------------------------------------------\n\n测试联系看看！\n\n------------------------------------------------------\n\nOffice Use Only:	\nFrom:	jerry\nEmail:	welc@123.com\nLogin Name:	Not logged in\nLogin Email:	Not logged in\nIP Address:	222.77.16.218 - 222.77.16.218\nHost Address:	218.16.77.222.broad.qz.fj.dynamic.163data.com.cn\nDate and Time:	Sun Nov 30 2008 7:35:29 MST','2008-11-30 07:35:30','contact_us')
INSERT INTO email_archive VALUES('25','sfsdf','sdfdsf','My.com','83031767@qq.com','Your Faq Submission At My.com','_html_\n_head_\n_meta http-equiv=\"Content-Type\" content=\"text/html; charset=utf-8\" /_\n_base href=\"http://www.electronics-store-china.com/\" /_\n\n_style type=\"text/css\"_\nbody {background-color:#ffffff; color:#000000; font-family:Verdana, Arial, Helvetica, sans-serif; text-align:center;}\na:link {color:#0066cc;}\na:hover {background-color:#eeeecc; color:#0066cc;}\na:visited {color:#0066cc;}\n.holder {background-color:#f9f9f9; border:1px solid #9a9a9a; font-size:9px; text-align:left; width:550px;}\n.header {font-size:10px; padding:0px; width:550px;}\n.content {font-size:10px; padding:5px; width:550px;}\n.footer {border-top:1px solid #9a9a9a; font-size:9px; margin-top:10px; text-align:center; width:550px;}\n.extra-info {background-color:#cccc99; border:1px solid #9a9a9a; font-size:10px; margin-top:10px; padding:5px; width:550px;}\n.extra-info-bold {font-weight:bold;}\n.disclaimer {background-color:#f9f9f9; border:1px solid #cccccc; font-size:10px; margin-top:10px; padding:5px; width:550px;}\n.disclaimer1 {color:#666666; padding:5px;}\n.disclaimer1 a:link {color:#666666;}\n.disclaimer1 a:visited {color:#666666;}\n.disclaimer2 {color:#666666; padding:5px;}\n.copyright {border-bottom:0px solid #9a9a9a; padding:5px;}\n_/style_\n\n_/head_\n\n_body_\n_div class=\"holder\"_\n\n _!-- Header Section --_\n _div class=\"header\"_\n _img src=\"email/header.jpg\" alt=\"logo\" /_\n _/div_\n\n\n _!-- Content Section --_\n _div class=\"content\"_\n _div_Your Faq Submission At My.com_/div_\n _div_Your question has been successfully submitted at My.com and will be answered as soon as we review it.\n\n_/div_\n _/div_\n\n\n _!-- Footer Section --_\n _div class=\"footer\"_\n _div class=\"copyright\"_Copyright (c) 2008 _a href=\"http://www.electronics-store-china.com/\" target=\"_blank\"_My.com_/a_. Powered by _a href=\"http://www.zen-cart.com\" target=\"_blank\"_Zen Cart_/a__/div_\n _/div_\n\n_/div_\n_div class=\"disclaimer\"_\n _div class=\"disclaimer1\"_This question was submitted to us by you or by one of our users. If you did not submit a question, or feel that you have received this email in error, please send an email to _a href=\"mailto:83031767@qq.com\"_83031767@qq.com _/a_ _/div_\n _div class=\"disclaimer2\"_This email is sent in accordance with the US CAN-SPAM Law in effect 01/01/2004. Removal requests can be sent to this address and will be honored and respected._/div_\n_/div_\n\n_/body_\n_/html_','Dear sfsdf\n\nThanks for your question submission at My.com .\n\n\n\n\n\nYour question has been successfully submitted at My.com. It will be answered as soon as we receive it. You will receive an email about the status of your submittal. If you have not received it within the next 48 hours, please contact us before submitting your question again.\n\nFor help with your question, please email the store-owner: 83031767@qq.com.\n\nSincerely,\n\nadmin\nStore Owner\n\nhttp://www.electronics-store-china.com/\n\n\n\nThis question was submitted to us by you or by one of our users. If you did not submit a question, or feel that you have received this email in error, please send an email to 83031767@qq.com \n\n\nThis email is sent in accordance with the US CAN-SPAM Law in effect 01/01/2004. Removal requests can be sent to this address and will be honored and respected.','2008-11-30 07:39:53','faqssubmit')
INSERT INTO email_archive VALUES('26','','83031767@qq.com','My.com','83031767@qq.com','Question Submission Your Faq Submission At My.com','_html_\n_head_\n_meta http-equiv=\"Content-Type\" content=\"text/html; charset=utf-8\" /_\n_base href=\"http://www.electronics-store-china.com/\" /_\n\n_style type=\"text/css\"_\nbody {background-color:#ffffff; color:#000000; font-family:Verdana, Arial, Helvetica, sans-serif; text-align:center;}\na:link {color:#0066cc;}\na:hover {background-color:#eeeecc; color:#0066cc;}\na:visited {color:#0066cc;}\n.holder {background-color:#f9f9f9; border:1px solid #9a9a9a; font-size:9px; text-align:left; width:550px;}\n.header {font-size:10px; padding:0px; width:550px;}\n.content {font-size:10px; padding:5px; width:550px;}\n.footer {border-top:1px solid #9a9a9a; font-size:9px; margin-top:10px; text-align:center; width:550px;}\n.extra-info {background-color:#cccc99; border:1px solid #9a9a9a; font-size:10px; margin-top:10px; padding:5px; width:550px;}\n.extra-info-bold {font-weight:bold;}\n.disclaimer {background-color:#f9f9f9; border:1px solid #cccccc; font-size:10px; margin-top:10px; padding:5px; width:550px;}\n.disclaimer1 {color:#666666; padding:5px;}\n.disclaimer1 a:link {color:#666666;}\n.disclaimer1 a:visited {color:#666666;}\n.disclaimer2 {color:#666666; padding:5px;}\n.copyright {border-bottom:0px solid #9a9a9a; padding:5px;}\n_/style_\n\n_/head_\n\n_body_\n_div class=\"holder\"_\n\n _!-- Header Section --_\n _div class=\"header\"_\n _img src=\"email/header.jpg\" alt=\"logo\" /_\n _/div_\n\n\n _!-- Content Section --_\n _div class=\"content\"_\n _div_Question Submission Your Faq Submission At My.com_/div_\n _div_Your question has been successfully submitted at My.com and will be answered as soon as we review it.\n\n_/div_\n _/div_\n\n\n _!-- Footer Section --_\n _div class=\"footer\"_\n _div class=\"copyright\"_Copyright (c) 2008 _a href=\"http://www.electronics-store-china.com/\" target=\"_blank\"_My.com_/a_. Powered by _a href=\"http://www.zen-cart.com\" target=\"_blank\"_Zen Cart_/a__/div_\n _/div_\n\n_/div_\n_div class=\"disclaimer\"_\n _div class=\"disclaimer1\"_This question was submitted to us by you or by one of our users. If you did not submit a question, or feel that you have received this email in error, please send an email to _a href=\"mailto:83031767@qq.com\"_83031767@qq.com _/a_ _/div_\n _div class=\"disclaimer2\"_This email is sent in accordance with the US CAN-SPAM Law in effect 01/01/2004. Removal requests can be sent to this address and will be honored and respected._/div_\n_/div_\n\n_/body_\n_/html_','Dear sfsdf\n\nThanks for your question submission at My.com .\n\n\n\n\n\nYour question has been successfully submitted at My.com. It will be answered as soon as we receive it. You will receive an email about the status of your submittal. If you have not received it within the next 48 hours, please contact us before submitting your question again.\n\nFor help with your question, please email the store-owner: 83031767@qq.com.\n\nSincerely,\n\nadmin\nStore Owner\n\nhttp://www.electronics-store-china.com/\n\n\n\nThis question was submitted to us by you or by one of our users. If you did not submit a question, or feel that you have received this email in error, please send an email to 83031767@qq.com \n\nOffice Use Only:From:sfsdfEmail:Login Name: IP Address:222.77.16.218 - 222.77.16.218Host Address:218.16.77.222.broad.qz.fj.dynamic.163data.com.cnDate and Time:Sun Nov 30 2008 7:39:53 MST','2008-11-30 07:39:53','faqssubmit')
INSERT INTO email_archive VALUES('27','wafsaf','asfdsad','My.com','83031767@qq.com','Your Faq Submission At My.com','_html_\n_head_\n_meta http-equiv=\"Content-Type\" content=\"text/html; charset=utf-8\" /_\n_base href=\"http://www.electronics-store-china.com/\" /_\n\n_style type=\"text/css\"_\nbody {background-color:#ffffff; color:#000000; font-family:Verdana, Arial, Helvetica, sans-serif; text-align:center;}\na:link {color:#0066cc;}\na:hover {background-color:#eeeecc; color:#0066cc;}\na:visited {color:#0066cc;}\n.holder {background-color:#f9f9f9; border:1px solid #9a9a9a; font-size:9px; text-align:left; width:550px;}\n.header {font-size:10px; padding:0px; width:550px;}\n.content {font-size:10px; padding:5px; width:550px;}\n.footer {border-top:1px solid #9a9a9a; font-size:9px; margin-top:10px; text-align:center; width:550px;}\n.extra-info {background-color:#cccc99; border:1px solid #9a9a9a; font-size:10px; margin-top:10px; padding:5px; width:550px;}\n.extra-info-bold {font-weight:bold;}\n.disclaimer {background-color:#f9f9f9; border:1px solid #cccccc; font-size:10px; margin-top:10px; padding:5px; width:550px;}\n.disclaimer1 {color:#666666; padding:5px;}\n.disclaimer1 a:link {color:#666666;}\n.disclaimer1 a:visited {color:#666666;}\n.disclaimer2 {color:#666666; padding:5px;}\n.copyright {border-bottom:0px solid #9a9a9a; padding:5px;}\n_/style_\n\n_/head_\n\n_body_\n_div class=\"holder\"_\n\n _!-- Header Section --_\n _div class=\"header\"_\n _img src=\"email/header.jpg\" alt=\"logo\" /_\n _/div_\n\n\n _!-- Content Section --_\n _div class=\"content\"_\n _div_Your Faq Submission At My.com_/div_\n _div_Your question has been successfully submitted at My.com and will be answered as soon as we review it.\n\n_/div_\n _/div_\n\n\n _!-- Footer Section --_\n _div class=\"footer\"_\n _div class=\"copyright\"_Copyright (c) 2008 _a href=\"http://www.electronics-store-china.com/\" target=\"_blank\"_My.com_/a_. Powered by _a href=\"http://www.zen-cart.com\" target=\"_blank\"_Zen Cart_/a__/div_\n _/div_\n\n_/div_\n_div class=\"disclaimer\"_\n _div class=\"disclaimer1\"_This question was submitted to us by you or by one of our users. If you did not submit a question, or feel that you have received this email in error, please send an email to _a href=\"mailto:83031767@qq.com\"_83031767@qq.com _/a_ _/div_\n _div class=\"disclaimer2\"_This email is sent in accordance with the US CAN-SPAM Law in effect 01/01/2004. Removal requests can be sent to this address and will be honored and respected._/div_\n_/div_\n\n_/body_\n_/html_','Dear wafsaf\n\nThanks for your question submission at My.com .\n\n\nqwewqe\nasdasd\n\nYour question has been successfully submitted at My.com. It will be answered as soon as we receive it. You will receive an email about the status of your submittal. If you have not received it within the next 48 hours, please contact us before submitting your question again.\n\nFor help with your question, please email the store-owner: 83031767@qq.com.\n\nSincerely,\n\nadmin\nStore Owner\n\nhttp://www.electronics-store-china.com/\n\n\n\nThis question was submitted to us by you or by one of our users. If you did not submit a question, or feel that you have received this email in error, please send an email to 83031767@qq.com \n\n\nThis email is sent in accordance with the US CAN-SPAM Law in effect 01/01/2004. Removal requests can be sent to this address and will be honored and respected.','2008-11-30 07:42:52','faqssubmit')
INSERT INTO email_archive VALUES('28','','83031767@qq.com','My.com','83031767@qq.com','Question Submission Your Faq Submission At My.com','_html_\n_head_\n_meta http-equiv=\"Content-Type\" content=\"text/html; charset=utf-8\" /_\n_base href=\"http://www.electronics-store-china.com/\" /_\n\n_style type=\"text/css\"_\nbody {background-color:#ffffff; color:#000000; font-family:Verdana, Arial, Helvetica, sans-serif; text-align:center;}\na:link {color:#0066cc;}\na:hover {background-color:#eeeecc; color:#0066cc;}\na:visited {color:#0066cc;}\n.holder {background-color:#f9f9f9; border:1px solid #9a9a9a; font-size:9px; text-align:left; width:550px;}\n.header {font-size:10px; padding:0px; width:550px;}\n.content {font-size:10px; padding:5px; width:550px;}\n.footer {border-top:1px solid #9a9a9a; font-size:9px; margin-top:10px; text-align:center; width:550px;}\n.extra-info {background-color:#cccc99; border:1px solid #9a9a9a; font-size:10px; margin-top:10px; padding:5px; width:550px;}\n.extra-info-bold {font-weight:bold;}\n.disclaimer {background-color:#f9f9f9; border:1px solid #cccccc; font-size:10px; margin-top:10px; padding:5px; width:550px;}\n.disclaimer1 {color:#666666; padding:5px;}\n.disclaimer1 a:link {color:#666666;}\n.disclaimer1 a:visited {color:#666666;}\n.disclaimer2 {color:#666666; padding:5px;}\n.copyright {border-bottom:0px solid #9a9a9a; padding:5px;}\n_/style_\n\n_/head_\n\n_body_\n_div class=\"holder\"_\n\n _!-- Header Section --_\n _div class=\"header\"_\n _img src=\"email/header.jpg\" alt=\"logo\" /_\n _/div_\n\n\n _!-- Content Section --_\n _div class=\"content\"_\n _div_Question Submission Your Faq Submission At My.com_/div_\n _div_Your question has been successfully submitted at My.com and will be answered as soon as we review it.\n\n_/div_\n _/div_\n\n\n _!-- Footer Section --_\n _div class=\"footer\"_\n _div class=\"copyright\"_Copyright (c) 2008 _a href=\"http://www.electronics-store-china.com/\" target=\"_blank\"_My.com_/a_. Powered by _a href=\"http://www.zen-cart.com\" target=\"_blank\"_Zen Cart_/a__/div_\n _/div_\n\n_/div_\n_div class=\"disclaimer\"_\n _div class=\"disclaimer1\"_This question was submitted to us by you or by one of our users. If you did not submit a question, or feel that you have received this email in error, please send an email to _a href=\"mailto:83031767@qq.com\"_83031767@qq.com _/a_ _/div_\n _div class=\"disclaimer2\"_This email is sent in accordance with the US CAN-SPAM Law in effect 01/01/2004. Removal requests can be sent to this address and will be honored and respected._/div_\n_/div_\n\n_/body_\n_/html_','Dear wafsaf\n\nThanks for your question submission at My.com .\n\n\nqwewqe\nasdasd\n\nYour question has been successfully submitted at My.com. It will be answered as soon as we receive it. You will receive an email about the status of your submittal. If you have not received it within the next 48 hours, please contact us before submitting your question again.\n\nFor help with your question, please email the store-owner: 83031767@qq.com.\n\nSincerely,\n\nadmin\nStore Owner\n\nhttp://www.electronics-store-china.com/\n\n\n\nThis question was submitted to us by you or by one of our users. If you did not submit a question, or feel that you have received this email in error, please send an email to 83031767@qq.com \n\nOffice Use Only:From:wafsafEmail:Login Name: IP Address:222.77.16.218 - 222.77.16.218Host Address:218.16.77.222.broad.qz.fj.dynamic.163data.com.cnDate and Time:Sun Nov 30 2008 7:42:52 MST','2008-11-30 07:42:52','faqssubmit')
INSERT INTO email_archive VALUES('29','','yaolian@foxmail.com','My.com','83031767@qq.com','Welcome to My.com','_html_\n_head_\n_meta http-equiv=\"Content-Type\" content=\"text/html; charset=utf-8\" /_ \n_base href=\"http://www.electronics-store-china.com/\" /_\n\n_style type=\"text/css\"_\n.body {background-color:#ffffff; color:#000000; font-family:Verdana, Arial, Helvetica, sans-serif;}\na:link {color:#0066cc;}\na:hover {background-color:#eeeecc; color:#0066cc;}\na:visited {color:#0066cc;}\n.holder { background-color: #f9f9f9; border: 1px #9a9a9a solid; font-size: 9px; text-align: left; width:550px;}\n.header {font-size:10px; padding:0px; width:550px;}\n.content {font-size:10px; padding:5px; width:550px;}\n.content-line {padding:5px;}\n.coupon-block { padding: 5px; border: 1px #cccccc solid; background-color: #FFFF99; }\n.coupon-code {font-weight:bold;}\n.gv-block { padding: 5px; border: 1px #cccccc solid; background-color: #99FF99; }\n.gv-code {font-weight:bold;}\n.footer { border-top: 1px #9a9a9a solid; font-size: 9px; margin-top: 10px; text-align: center; width: 550px; }\n.extra-info { background-color: #cccc99; border: 1px #9a9a9a solid; font-size: 10px; margin-top: 10px; padding: 5px; width: 550px; }\n.extra-info-bold {font-weight:bold;}\n.disclaimer { background-color: #f9f9f9; border: 1px #cccccc solid; font-size: 10px; margin-top: 10px; padding: 5px; width: 550px; }\n.disclaimer1 {color:#666666; padding:5px;}\n.disclaimer1 a:link {color:#666666;}\n.disclaimer1 a:visited {color:#666666;}\n.disclaimer2 { color: #666666; padding: 5px; }\n.copyright { border-bottom: 0px #9a9a9a solid; padding: 5px; }\n_/style_\n\n_/head_\n\n_body class=\"body\"_\n_div class=\"holder\"_\n\n _!-- Header Section --_\n _div class=\"header\"_\n _img src=\"email/header.jpg\" alt=\"logo\" /_\n _/div_\n\n\n _!-- Content Section --_\n _div class=\"content\"_\n _div class=\"content-line\"_Dear Ms. ,\n\n_/div_\n _div class=\"content-line\"_We wish to welcome you to _strong_My.com_/strong_._/div_\n_!--The following only get populated if they\'re enabled! --_\n\n\n_!-- end gv/coupon section --_\n _div class=\"content-line\"_With your account, you can now take part in the _strong_various services_/strong_ we have to offer you. Some of these services include:\n\n_li__strong_Permanent Cart_/strong_ - Any products added to your online cart remain there until you remove them, or check them out.\n\n_li__strong_Address Book_/strong_ - We can now deliver your products to another address other than yours! This is perfect to send birthday gifts direct to the birthday-person themselves.\n\n_li__strong_Order History_/strong_ - View your history of purchases that you have made with us.\n\n_li__strong_Products Reviews_/strong_ - Share your opinions on products with our other customers.\n\n_/div_\n _div class=\"content-line\"_For help with any of our online services, please email the store-owner: _a href=\"mailto:83031767@qq.com\"_83031767@qq.com _/a_\n\n_br /_Sincerely,_br /_\n_br /_\nadmin_br /_\nStore Owner_br /_\n_br /_\n_a href=\"http://www.electronics-store-china.com/\"_http://www.electronics-store-china.com/_/a__br /_\n_br /_\n_/div_\n _/div_ \n_/div_\n \n _!-- Footer Section --_\n _div class=\"footer\"_\n _div class=\"copyright\"_Copyright (c) 2008 _a href=\"http://www.electronics-store-china.com/\" target=\"_blank\"_My.com_/a_. Powered by _a href=\"http://www.zen-cart.com\" target=\"_blank\"_Zen Cart_/a__/div_\n _/div_\n\n_div class=\"disclaimer\"_\n _div class=\"disclaimer1\"_This email address was given to us by you or by one of our customers. If you did not signup for an account, or feel that you have received this email in error, please send an email to _a href=\"mailto:83031767@qq.com\"_83031767@qq.com _/a_ _/div_\n _div class=\"disclaimer2\"_This email is sent in accordance with the US CAN-SPAM Law in effect 01/01/2004. Removal requests can be sent to this address and will be honored and respected._/div_\n_/div_\n\n_/body_\n_/html_','Dear Ms. ,\n\nWe wish to welcome you to My.com.\n\nWith your account, you can now take part in the various services we have to offer you. Some of these services include:\n\nPermanent Cart - Any products added to your online cart remain there until you remove them, or check them out.\n\nAddress Book - We can now deliver your products to another address other than yours! This is perfect to send birthday gifts direct to the birthday-person themselves.\n\nOrder History - View your history of purchases that you have made with us.\n\nProducts Reviews - Share your opinions on products with our other customers.\n\nFor help with any of our online services, please email the store-owner: 83031767@qq.com \n\nSincerely,\n\nadmin\nStore Owner\n\nhttp://www.electronics-store-china.com/\n\n\n\nThis email address was given to us by you or by one of our customers. If you did not signup for an account, or feel that you have received this email in error, please send an email to 83031767@qq.com \n\n\nThis email is sent in accordance with the US CAN-SPAM Law in effect 01/01/2004. Removal requests can be sent to this address and will be honored and respected.','2008-11-30 20:11:43','welcome')
INSERT INTO email_archive VALUES('30','ttt tretrtretr','yaolian@foxmail.com','My.com','83031767@qq.com','Order Confirmation No: 2008113020123610','_html_\n_head_\n_meta http-equiv=\"Content-Type\" content=\"text/html; charset=utf-8\" /_\n_base href=\"http://www.electronics-store-china.com/\" /_\n\n_style type=\"text/css\"_\nbody {background-color:#ffffff; color:#000000; font-family:Verdana, Arial, Helvetica, sans-serif; text-align:center;}\na:link {color:#0066cc;}\na:hover {background-color:#eeeecc; color:#0066cc;}\na:visited {color:#0066cc;}\n.holder {background-color:#f9f9f9; border:1px solid #9a9a9a; font-size:9px; text-align:left; width:550px;}\n.header {font-size:10px; padding:0px; width:550px;}\n.content {font-size:10px; padding:5px; width:550px;}\n.footer {border-top:1px solid #9a9a9a; font-size:9px; text-align:center; width:550px;}\n.extra-info {background-color:#cccc99; border:1px dashed #9a9a9a; font-size:10px; margin-top:10px; padding:5px; width:550px;}\n.content-line {padding:5px; font-size:10px;}\n.content-line-title {font-weight:bold; font-size:11px; padding-top:3px;}\n.order-detail-area {background-color:#CCCC99; border:1px #9a9a9a; width:542px; padding:2px; font-size:10px; }\n.product-details {font-size:10px;}\n.product-details-num {font-size:10px; font-weight:bold;}\n.order-totals-text {font-size:10px; font-weight:bold;}\n.order-totals-num {font-size:10px; }\n.comments {background-color:#FF6699; border:1px #9a9a9a; width:542px; padding:2px; font-size:10px; }\n.address-block {background-color:#E4E8F3; border:1px solid #9a9a9a; margin-top:3px;}\n.address {font-size:10px;}\n.payment-detail, .payment-footer {font-size:10px;}\n.extra-info {background-color:#cccc99; border:1px solid #9a9a9a; font-size:10px; margin-top:10px; padding:5px; width:550px;}\n.extra-info-bold {font-weight:bold;}\n.disclaimer {background-color:#f9f9f9; border:1px solid #cccccc; font-size:10px; margin-top:10px; padding:5px; width:550px;}\n.disclaimer1 {color:#666666; padding:5px;}\n.disclaimer1 a:link {color:#666666;}\n.disclaimer1 a:visited {color:#666666;}\n.disclaimer2 {color:#666666; padding:5px;}\n.copyright {border-bottom:0px solid #9a9a9a; padding:5px;}\n\n_/style_\n_/head_\n\n_body_\n_div class=\"holder\"_\n\n _!-- Header Section --_\n _div class=\"header\"_\n _img src=\"email/header.jpg\" alt=\"logo\" /_\n _/div_\n\n\n _!-- Content Section --_\n _div class=\"content\"_\n _div class=\"content-line\"_\n Order Confirmation My.com_br /__br /_\n ttt tretrtretr,_br /_\n Thanks for shopping with us today!_br /_\n The following are the details of your order._br /__br /_\n\n Order Number: 24_br /_\n Date Ordered: Sunday 30 November, 2008_br /_\n _a href=\"http://www.electronics-store-china.com/index.php?main_page=account_history_info&amp;order_id=24\"_Click here for a Detailed Invoice_/a_\n _/div_\n _div class=\"content-line\"__strong_Products_/strong__/div_\n _div class=\"order-detail-area\"__table class=\"product-details\" border=\"0\" width=\"100%\" cellspacing=\"0\" cellpadding=\"2\"__tr_\n_td class=\"product-details\" align=\"right\" valign=\"top\" width=\"30\"_1&nbsp;x_/td_\n_td class=\"product-details\" valign=\"top\"_test product1 (000192) \n_nobr__small__em_ _/em__/small__/nobr__/td_\n_td class=\"product-details-num\" valign=\"top\" align=\"right\"_US$300.00_/td__/tr_\n_/table__/div_\n _div class=\"order-detail-area\"__table border=\"0\" width=\"100%\" cellspacing=\"0\" cellpadding=\"2\"_ _td class=\"order-totals-text\" align=\"right\" width=\"100%\"_&nbsp;_/td_ \n_td class=\"order-totals-num\" align=\"right\" nowrap=\"nowrap\"_---------_/td_ _/tr_\n_tr__td class=\"order-totals-text\" align=\"right\" width=\"100%\"_Sub-Total&nbsp;:_/td_ \n_td class=\"order-totals-num\" align=\"right\" nowrap=\"nowrap\"_US$300.00_/td_ _/tr_\n_tr__td class=\"order-totals-text\" align=\"right\" width=\"100%\"_Standard _span class=\"red\"_save 26%_/span_ (Shipping to VN (1 x 13.00 kg )):_/td_ \n_td class=\"order-totals-num\" align=\"right\" nowrap=\"nowrap\"_US$4.00_/td_ _/tr_\n_tr__td class=\"order-totals-text\" align=\"right\" width=\"100%\"_Grand Total&nbsp;:_/td_ \n_td class=\"order-totals-num\" align=\"right\" nowrap=\"nowrap\"_US$304.00_/td_ _/tr_\n_tr_ _/table__/div_\n\n _div class=\"comments\"__/div_\n\n _div class=\"content-line\"__strong_Address Information_/strong__/div_\n _div class=\"address-block\"_\n _table border=\"0\" width=\"100%\" cellspacing=\"0\" cellpadding=\"2\"_\n _tr_\n _td valign=\"top\" width=\"50%\"_\n _table border=\"0\" width=\"100%\" cellspacing=\"0\" cellpadding=\"2\"_\n _tr_\n _td class=\"content-line-title\"__strong_Delivery Address_/strong__/td_\n _/tr_\n _tr_\n _td class=\"address\"_ttt tretrtretr_br /_tewewretwtew_br /_tweteweet, 445435435_br /_Viet Nam_/td_\n _/tr_\n\n _tr_\n _td class=\"content-line-title\"__strong_Shipping Method_/strong__/td_\n _/tr_\n _tr_\n _td class=\"content-line\"_Standard _span class=\"red\"_save 26%_/span_ (Shipping to VN (1 x 13.00 kg ))_/td_\n _/tr_\n _/table_\n _/td_\n _td valign=\"top\" width=\"50%\"_\n _table border=\"0\" width=\"100%\" cellspacing=\"0\" cellpadding=\"2\"_\n _tr_\n _td class=\"content-line-title\"_Billing Address_/td_\n _/tr_\n _tr_\n _td class=\"address\"_ttt tretrtretr_br /_tewewretwtew_br /_tweteweet, 445435435_br /_Viet Nam_/td_\n _/tr_\n _tr_\n _td class=\"content-line-title\"__strong_Payment Method_/strong__/td_\n _/tr_\n _tr_\n _td class=\"payment-detail\"_Western Union Order_/td_\n _/tr_\n _tr_\n _td class=\"payment-footer\"_Make Payable To:_br /_\n_br /_\nFirst Name : Jack - Last Name : Yang - Address : XINSHA - Zip Code : 282100 - City : JINAN - Country : CHINA - Phone : 123456789_br /_\n_br /_\n_b_After the payment, plese tell us your first name, last name, amount, currency and country._/b__br /_\n_br /_\n_b_Your order will not be shipped until we receive the MTCN payment number provided by Western Union Money Transfer._/b__/td_\n _/tr_\n _/table_\n _/td_\n _/tr_\n _/table_\n _/div_\n_/div_\n\n _!-- Footer Section --_\n _div class=\"footer\"_\n _div class=\"copyright\"_Copyright (c) 2008 _a href=\"http://www.electronics-store-china.com/\" target=\"_blank\"_My.com_/a_. Powered by _a href=\"http://www.zen-cart.com\" target=\"_blank\"_Zen Cart_/a__/div_\n _/div_\n\n_/div_\n_div class=\"disclaimer\"_\n _div class=\"disclaimer1\"_This email address was given to us by you or by one of our customers. If you feel that you have received this email in error, please send an email to _a href=\"mailto:83031767@qq.com\"_83031767@qq.com _/a_ _/div_\n _div class=\"disclaimer2\"_This email is sent in accordance with the US CAN-SPAM Law in effect 01/01/2004. Removal requests can be sent to this address and will be honored and respected._/div_\n_/div_\n\n_/body_\n_/html_','Order Confirmation from My.com\n\nttt tretrtretr\n\nThanks for shopping with us today!\nThe following are the details of your order.\n------------------------------------------------------\nOrder Number: 24\nDate Ordered: Sunday 30 November, 2008\nDetailed Invoice: http://www.electronics-store-china.com/index.php?main_page=account_history_info&order_id=24\n\nProducts\n------------------------------------------------------\n1 x test product1 (000192) = US$300.00\n------------------------------------------------------\nSub-Total : US$300.00\nStandard save 26% (Shipping to VN (1 x 13.00 kg )): US$4.00\nGrand Total : US$304.00\n\nDelivery Address\n------------------------------------------------------\nttt tretrtretr\ntewewretwtew\ntweteweet, 445435435\nViet Nam\n\nBilling Address\n------------------------------------------------------\nttt tretrtretr\ntewewretwtew\ntweteweet, 445435435\nViet Nam\n\nPayment Method\n------------------------------------------------------\nWestern Union Order\n\nMake Payable To:\n\nFirst Name : Jack - Last Name : Yang - Address : XINSHA - Zip Code : 282100 - City : JINAN - Country : CHINA - Phone : 123456789\n\nAfter the payment, plese tell us your first name, last name, amount, currency and country.\n\nYour order will not be shipped until we receive the MTCN payment number provided by Western Union Money Transfer.\n\n\n-----\nThis email address was given to us by you or by one of our customers. If you feel that you have received this email in error, please send an email to 83031767@qq.com \n\n\n-----\nCopyright (c) 2008 My.com. Powered by Zen Cart\n\n\nThis email is sent in accordance with the US CAN-SPAM Law in effect 01/01/2004. Removal requests can be sent to this address and will be honored and respected.','2008-11-30 20:12:36','checkout')
INSERT INTO email_archive VALUES('31','','83031767@qq.com','My.com','83031767@qq.com','[NEW ORDER] Order Confirmation No: 2008113020123610','','Order Confirmation from My.com\n\nttt tretrtretr\n\nThanks for shopping with us today!\nThe following are the details of your order.\n------------------------------------------------------\nOrder Number: 24\nDate Ordered: Sunday 30 November, 2008\nDetailed Invoice: http://www.electronics-store-china.com/index.php?main_page=account_history_info&order_id=24\n\nProducts\n------------------------------------------------------\n1 x test product1 (000192) = US$300.00\n------------------------------------------------------\nSub-Total : US$300.00\nStandard save 26% (Shipping to VN (1 x 13.00 kg )): US$4.00\nGrand Total : US$304.00\n\nDelivery Address\n------------------------------------------------------\nttt tretrtretr\ntewewretwtew\ntweteweet, 445435435\nViet Nam\n\nBilling Address\n------------------------------------------------------\nttt tretrtretr\ntewewretwtew\ntweteweet, 445435435\nViet Nam\n\nPayment Method\n------------------------------------------------------\nWestern Union Order\n\nMake Payable To:\n\nFirst Name : Jack - Last Name : Yang - Address : XINSHA - Zip Code : 282100 - City : JINAN - Country : CHINA - Phone : 123456789\n\nAfter the payment, plese tell us your first name, last name, amount, currency and country.\n\nYour order will not be shipped until we receive the MTCN payment number provided by Western Union Money Transfer.\n\n\n-----\nThis email address was given to us by you or by one of our customers. If you feel that you have received this email in error, please send an email to 83031767@qq.com \n\n\n-----\nCopyright (c) 2008 My.com. Powered by Zen Cart\n\nOffice Use Only:	\nFrom:	\nEmail:	\nLogin Name:	ttt tretrtretr\nLogin Email:	yaolian@foxmail.com\nTelephone:	4553534453\nIP Address:	219.134.64.250 - 219.134.64.250\nHost Address:	219.134.64.250\nDate and Time:	Sun Nov 30 2008 20:12:36 MST','2008-11-30 20:12:37','checkout_extra')
INSERT INTO email_archive VALUES('32','ttt tretrtretr','yaolian@foxmail.com','My.com','83031767@qq.com','My.com - New Password','_html_\n_head_\n_meta http-equiv=\"Content-Type\" content=\"text/html; charset=utf-8\" /_\n_base href=\"http://www.electronics-store-china.com/\" /_\n\n_style type=\"text/css\"_\nbody {background-color:#ffffff; color:#000000; font-family:Verdana, Arial, Helvetica, sans-serif; text-align:center;}\na:link {color:#0066cc;}\na:hover {background-color:#eeeecc; color:#0066cc;}\na:visited {color:#0066cc;}\n.holder {background-color:#f9f9f9; border:1px solid #9a9a9a; font-size:9px; text-align:left; width:550px;}\n.header {font-size:10px; padding:0px; width:550px;}\n.content {font-size:10px; padding:5px; width:550px;}\n.content-line {padding:5px;}\n.footer {border-top:1px solid #9a9a9a; font-size:9px; margin-top:10px; text-align:center; width:550px;}\n.extra-info {background-color:#cccc99; border:1px solid #9a9a9a; font-size:10px; margin-top:10px; padding:5px; width:550px;}\n.extra-info-bold {font-weight:bold;}\n.disclaimer {background-color:#f9f9f9; border:1px solid #cccccc; font-size:10px; margin-top:10px; padding:5px; width:550px;}\n.disclaimer1 {color:#666666; padding:5px;}\n.disclaimer1 a:link {color:#666666;}\n.disclaimer1 a:visited {color:#666666;}\n.disclaimer2 {color:#666666; padding:5px;}\n.copyright {border-bottom:0px solid #9a9a9a; padding:5px;}\n_/style_\n\n_/head_\n\n_body_\n_div class=\"holder\"_\n\n _!-- Header Section --_\n _div class=\"header\"_\n _img src=\"email/header.jpg\" alt=\"logo\" /_\n _/div_\n\n\n _!-- Content Section --_\n _div class=\"content\"_\n _div class=\"content-line\"__strong_My.com - New Password_/strong__/div_\n _div class=\"content-line\"_ttt tretrtretr_/div_\n _div class=\"content-line\"_A new password was requested from 219.134.64.250.\n\nYour new password to \'My.com\' is:\n\n 1iJPq\n\nAfter you have logged in using the new password, you may change it by going to the \'My Account\' area._/div_\n _/div_\n\n\n _!-- Footer Section --_\n_/div_\n_div class=\"disclaimer\"_\n _div class=\"disclaimer1\"_This email address was given to us by you or by one of our customers. If you feel that you have received this email in error, please send an email to _a href=\"mailto:83031767@qq.com\"_83031767@qq.com _/a_ _/div_\n _div class=\"disclaimer2\"_This email is sent in accordance with the US CAN-SPAM Law in effect 01/01/2004. Removal requests can be sent to this address and will be honored and respected._/div_\n_/div_\n\n_/body_\n_/html_','A new password was requested from 219.134.64.250.\n\nYour new password to \'My.com\' is:\n\n 1iJPq\n\nAfter you have logged in using the new password, you may change it by going to the \'My Account\' area.\nThis email address was given to us by you or by one of our customers. If you feel that you have received this email in error, please send an email to 83031767@qq.com \nThis email is sent in accordance with the US CAN-SPAM Law in effect 01/01/2004. Removal requests can be sent to this address and will be honored and respected.','2008-11-30 20:15:35','password_forgotten')
INSERT INTO email_archive VALUES('33','','jay@msn.com','My.com','83031767@qq.com','Welcome to My.com','_html_\n_head_\n_meta http-equiv=\"Content-Type\" content=\"text/html; charset=utf-8\" /_ \n_base href=\"http://www.electronics-store-china.com/\" /_\n\n_style type=\"text/css\"_\n.body {background-color:#ffffff; color:#000000; font-family:Verdana, Arial, Helvetica, sans-serif;}\na:link {color:#0066cc;}\na:hover {background-color:#eeeecc; color:#0066cc;}\na:visited {color:#0066cc;}\n.holder { background-color: #f9f9f9; border: 1px #9a9a9a solid; font-size: 9px; text-align: left; width:550px;}\n.header {font-size:10px; padding:0px; width:550px;}\n.content {font-size:10px; padding:5px; width:550px;}\n.content-line {padding:5px;}\n.coupon-block { padding: 5px; border: 1px #cccccc solid; background-color: #FFFF99; }\n.coupon-code {font-weight:bold;}\n.gv-block { padding: 5px; border: 1px #cccccc solid; background-color: #99FF99; }\n.gv-code {font-weight:bold;}\n.footer { border-top: 1px #9a9a9a solid; font-size: 9px; margin-top: 10px; text-align: center; width: 550px; }\n.extra-info { background-color: #cccc99; border: 1px #9a9a9a solid; font-size: 10px; margin-top: 10px; padding: 5px; width: 550px; }\n.extra-info-bold {font-weight:bold;}\n.disclaimer { background-color: #f9f9f9; border: 1px #cccccc solid; font-size: 10px; margin-top: 10px; padding: 5px; width: 550px; }\n.disclaimer1 {color:#666666; padding:5px;}\n.disclaimer1 a:link {color:#666666;}\n.disclaimer1 a:visited {color:#666666;}\n.disclaimer2 { color: #666666; padding: 5px; }\n.copyright { border-bottom: 0px #9a9a9a solid; padding: 5px; }\n_/style_\n\n_/head_\n\n_body class=\"body\"_\n_div class=\"holder\"_\n\n _!-- Header Section --_\n _div class=\"header\"_\n _img src=\"email/header.jpg\" alt=\"logo\" /_\n _/div_\n\n\n _!-- Content Section --_\n _div class=\"content\"_\n _div class=\"content-line\"_Dear Ms. ,\n\n_/div_\n _div class=\"content-line\"_We wish to welcome you to _strong_My.com_/strong_._/div_\n_!--The following only get populated if they\'re enabled! --_\n\n\n_!-- end gv/coupon section --_\n _div class=\"content-line\"_With your account, you can now take part in the _strong_various services_/strong_ we have to offer you. Some of these services include:\n\n_li__strong_Permanent Cart_/strong_ - Any products added to your online cart remain there until you remove them, or check them out.\n\n_li__strong_Address Book_/strong_ - We can now deliver your products to another address other than yours! This is perfect to send birthday gifts direct to the birthday-person themselves.\n\n_li__strong_Order History_/strong_ - View your history of purchases that you have made with us.\n\n_li__strong_Products Reviews_/strong_ - Share your opinions on products with our other customers.\n\n_/div_\n _div class=\"content-line\"_For help with any of our online services, please email the store-owner: _a href=\"mailto:83031767@qq.com\"_83031767@qq.com _/a_\n\n_br /_Sincerely,_br /_\n_br /_\nadmin_br /_\nStore Owner_br /_\n_br /_\n_a href=\"http://www.electronics-store-china.com/\"_http://www.electronics-store-china.com/_/a__br /_\n_br /_\n_/div_\n _/div_ \n_/div_\n \n _!-- Footer Section --_\n _div class=\"footer\"_\n _div class=\"copyright\"_Copyright (c) 2008 _a href=\"http://www.electronics-store-china.com/\" target=\"_blank\"_My.com_/a_. Powered by _a href=\"http://www.zen-cart.com\" target=\"_blank\"_Zen Cart_/a__/div_\n _/div_\n\n_div class=\"disclaimer\"_\n _div class=\"disclaimer1\"_This email address was given to us by you or by one of our customers. If you did not signup for an account, or feel that you have received this email in error, please send an email to _a href=\"mailto:83031767@qq.com\"_83031767@qq.com _/a_ _/div_\n _div class=\"disclaimer2\"_This email is sent in accordance with the US CAN-SPAM Law in effect 01/01/2004. Removal requests can be sent to this address and will be honored and respected._/div_\n_/div_\n\n_/body_\n_/html_','Dear Ms. ,\n\nWe wish to welcome you to My.com.\n\nWith your account, you can now take part in the various services we have to offer you. Some of these services include:\n\nPermanent Cart - Any products added to your online cart remain there until you remove them, or check them out.\n\nAddress Book - We can now deliver your products to another address other than yours! This is perfect to send birthday gifts direct to the birthday-person themselves.\n\nOrder History - View your history of purchases that you have made with us.\n\nProducts Reviews - Share your opinions on products with our other customers.\n\nFor help with any of our online services, please email the store-owner: 83031767@qq.com \n\nSincerely,\n\nadmin\nStore Owner\n\nhttp://www.electronics-store-china.com/\n\n\n\nThis email address was given to us by you or by one of our customers. If you did not signup for an account, or feel that you have received this email in error, please send an email to 83031767@qq.com \n\n\nThis email is sent in accordance with the US CAN-SPAM Law in effect 01/01/2004. Removal requests can be sent to this address and will be honored and respected.','2008-11-30 21:13:01','welcome')
INSERT INTO email_archive VALUES('34','abc abc','jay@msn.com','My.com','83031767@qq.com','Order Confirmation No: 2008113021241811','_html_\n_head_\n_meta http-equiv=\"Content-Type\" content=\"text/html; charset=utf-8\" /_\n_base href=\"http://www.electronics-store-china.com/\" /_\n\n_style type=\"text/css\"_\nbody {background-color:#ffffff; color:#000000; font-family:Verdana, Arial, Helvetica, sans-serif; text-align:center;}\na:link {color:#0066cc;}\na:hover {background-color:#eeeecc; color:#0066cc;}\na:visited {color:#0066cc;}\n.holder {background-color:#f9f9f9; border:1px solid #9a9a9a; font-size:9px; text-align:left; width:550px;}\n.header {font-size:10px; padding:0px; width:550px;}\n.content {font-size:10px; padding:5px; width:550px;}\n.footer {border-top:1px solid #9a9a9a; font-size:9px; text-align:center; width:550px;}\n.extra-info {background-color:#cccc99; border:1px dashed #9a9a9a; font-size:10px; margin-top:10px; padding:5px; width:550px;}\n.content-line {padding:5px; font-size:10px;}\n.content-line-title {font-weight:bold; font-size:11px; padding-top:3px;}\n.order-detail-area {background-color:#CCCC99; border:1px #9a9a9a; width:542px; padding:2px; font-size:10px; }\n.product-details {font-size:10px;}\n.product-details-num {font-size:10px; font-weight:bold;}\n.order-totals-text {font-size:10px; font-weight:bold;}\n.order-totals-num {font-size:10px; }\n.comments {background-color:#FF6699; border:1px #9a9a9a; width:542px; padding:2px; font-size:10px; }\n.address-block {background-color:#E4E8F3; border:1px solid #9a9a9a; margin-top:3px;}\n.address {font-size:10px;}\n.payment-detail, .payment-footer {font-size:10px;}\n.extra-info {background-color:#cccc99; border:1px solid #9a9a9a; font-size:10px; margin-top:10px; padding:5px; width:550px;}\n.extra-info-bold {font-weight:bold;}\n.disclaimer {background-color:#f9f9f9; border:1px solid #cccccc; font-size:10px; margin-top:10px; padding:5px; width:550px;}\n.disclaimer1 {color:#666666; padding:5px;}\n.disclaimer1 a:link {color:#666666;}\n.disclaimer1 a:visited {color:#666666;}\n.disclaimer2 {color:#666666; padding:5px;}\n.copyright {border-bottom:0px solid #9a9a9a; padding:5px;}\n\n_/style_\n_/head_\n\n_body_\n_div class=\"holder\"_\n\n _!-- Header Section --_\n _div class=\"header\"_\n _img src=\"email/header.jpg\" alt=\"logo\" /_\n _/div_\n\n\n _!-- Content Section --_\n _div class=\"content\"_\n _div class=\"content-line\"_\n Order Confirmation My.com_br /__br /_\n abc abc,_br /_\n Thanks for shopping with us today!_br /_\n The following are the details of your order._br /__br /_\n\n Order Number: 25_br /_\n Date Ordered: Sunday 30 November, 2008_br /_\n _a href=\"http://www.electronics-store-china.com/index.php?main_page=account_history_info&amp;order_id=25\"_Click here for a Detailed Invoice_/a_\n _/div_\n _div class=\"content-line\"__strong_Products_/strong__/div_\n _div class=\"order-detail-area\"__table class=\"product-details\" border=\"0\" width=\"100%\" cellspacing=\"0\" cellpadding=\"2\"__tr_\n_td class=\"product-details\" align=\"right\" valign=\"top\" width=\"30\"_1&nbsp;x_/td_\n_td class=\"product-details\" valign=\"top\"_test products 2 (080808008) \n_nobr__small__em_ _/em__/small__/nobr__/td_\n_td class=\"product-details-num\" valign=\"top\" align=\"right\"_US$290.00_/td__/tr_\n_/table__/div_\n _div class=\"order-detail-area\"__table border=\"0\" width=\"100%\" cellspacing=\"0\" cellpadding=\"2\"_ _td class=\"order-totals-text\" align=\"right\" width=\"100%\"_&nbsp;_/td_ \n_td class=\"order-totals-num\" align=\"right\" nowrap=\"nowrap\"_---------_/td_ _/tr_\n_tr__td class=\"order-totals-text\" align=\"right\" width=\"100%\"_Sub-Total&nbsp;:_/td_ \n_td class=\"order-totals-num\" align=\"right\" nowrap=\"nowrap\"_US$290.00_/td_ _/tr_\n_tr__td class=\"order-totals-text\" align=\"right\" width=\"100%\"_Standard _span class=\"red\"_save 26%_/span_ (Shipping to AU (1 x 13.00 kg )):_/td_ \n_td class=\"order-totals-num\" align=\"right\" nowrap=\"nowrap\"_US$4.00_/td_ _/tr_\n_tr__td class=\"order-totals-text\" align=\"right\" width=\"100%\"_Grand Total&nbsp;:_/td_ \n_td class=\"order-totals-num\" align=\"right\" nowrap=\"nowrap\"_US$294.00_/td_ _/tr_\n_tr_ _/table__/div_\n\n _div class=\"comments\"__/div_\n\n _div class=\"content-line\"__strong_Address Information_/strong__/div_\n _div class=\"address-block\"_\n _table border=\"0\" width=\"100%\" cellspacing=\"0\" cellpadding=\"2\"_\n _tr_\n _td valign=\"top\" width=\"50%\"_\n _table border=\"0\" width=\"100%\" cellspacing=\"0\" cellpadding=\"2\"_\n _tr_\n _td class=\"content-line-title\"__strong_Delivery Address_/strong__/td_\n _/tr_\n _tr_\n _td class=\"address\"_abc abc_br /_adfdafs_br /_afdsfdsfds, 2321_br /_Australia_/td_\n _/tr_\n\n _tr_\n _td class=\"content-line-title\"__strong_Shipping Method_/strong__/td_\n _/tr_\n _tr_\n _td class=\"content-line\"_Standard _span class=\"red\"_save 26%_/span_ (Shipping to AU (1 x 13.00 kg ))_/td_\n _/tr_\n _/table_\n _/td_\n _td valign=\"top\" width=\"50%\"_\n _table border=\"0\" width=\"100%\" cellspacing=\"0\" cellpadding=\"2\"_\n _tr_\n _td class=\"content-line-title\"_Billing Address_/td_\n _/tr_\n _tr_\n _td class=\"address\"_abc abc_br /_adfdafs_br /_afdsfdsfds, 2321_br /_Australia_/td_\n _/tr_\n _tr_\n _td class=\"content-line-title\"__strong_Payment Method_/strong__/td_\n _/tr_\n _tr_\n _td class=\"payment-detail\"_Western Union Order_/td_\n _/tr_\n _tr_\n _td class=\"payment-footer\"_Make Payable To:_br /_\n_br /_\nFirst Name : Jack - Last Name : Yang - Address : XINSHA - Zip Code : 282100 - City : JINAN - Country : CHINA - Phone : 123456789_br /_\n_br /_\n_b_After the payment, plese tell us your first name, last name, amount, currency and country._/b__br /_\n_br /_\n_b_Your order will not be shipped until we receive the MTCN payment number provided by Western Union Money Transfer._/b__/td_\n _/tr_\n _/table_\n _/td_\n _/tr_\n _/table_\n _/div_\n_/div_\n\n _!-- Footer Section --_\n _div class=\"footer\"_\n _div class=\"copyright\"_Copyright (c) 2008 _a href=\"http://www.electronics-store-china.com/\" target=\"_blank\"_My.com_/a_. Powered by _a href=\"http://www.zen-cart.com\" target=\"_blank\"_Zen Cart_/a__/div_\n _/div_\n\n_/div_\n_div class=\"disclaimer\"_\n _div class=\"disclaimer1\"_This email address was given to us by you or by one of our customers. If you feel that you have received this email in error, please send an email to _a href=\"mailto:83031767@qq.com\"_83031767@qq.com _/a_ _/div_\n _div class=\"disclaimer2\"_This email is sent in accordance with the US CAN-SPAM Law in effect 01/01/2004. Removal requests can be sent to this address and will be honored and respected._/div_\n_/div_\n\n_/body_\n_/html_','Order Confirmation from My.com\n\nabc abc\n\nThanks for shopping with us today!\nThe following are the details of your order.\n------------------------------------------------------\nOrder Number: 25\nDate Ordered: Sunday 30 November, 2008\nDetailed Invoice: http://www.electronics-store-china.com/index.php?main_page=account_history_info&order_id=25\n\nProducts\n------------------------------------------------------\n1 x test products 2 (080808008) = US$290.00\n------------------------------------------------------\nSub-Total : US$290.00\nStandard save 26% (Shipping to AU (1 x 13.00 kg )): US$4.00\nGrand Total : US$294.00\n\nDelivery Address\n------------------------------------------------------\nabc abc\nadfdafs\nafdsfdsfds, 2321\nAustralia\n\nBilling Address\n------------------------------------------------------\nabc abc\nadfdafs\nafdsfdsfds, 2321\nAustralia\n\nPayment Method\n------------------------------------------------------\nWestern Union Order\n\nMake Payable To:\n\nFirst Name : Jack - Last Name : Yang - Address : XINSHA - Zip Code : 282100 - City : JINAN - Country : CHINA - Phone : 123456789\n\nAfter the payment, plese tell us your first name, last name, amount, currency and country.\n\nYour order will not be shipped until we receive the MTCN payment number provided by Western Union Money Transfer.\n\n\n-----\nThis email address was given to us by you or by one of our customers. If you feel that you have received this email in error, please send an email to 83031767@qq.com \n\n\n-----\nCopyright (c) 2008 My.com. Powered by Zen Cart\n\n\nThis email is sent in accordance with the US CAN-SPAM Law in effect 01/01/2004. Removal requests can be sent to this address and will be honored and respected.','2008-11-30 21:24:18','checkout')
INSERT INTO email_archive VALUES('35','','83031767@qq.com','My.com','83031767@qq.com','[NEW ORDER] Order Confirmation No: 2008113021241811','','Order Confirmation from My.com\n\nabc abc\n\nThanks for shopping with us today!\nThe following are the details of your order.\n------------------------------------------------------\nOrder Number: 25\nDate Ordered: Sunday 30 November, 2008\nDetailed Invoice: http://www.electronics-store-china.com/index.php?main_page=account_history_info&order_id=25\n\nProducts\n------------------------------------------------------\n1 x test products 2 (080808008) = US$290.00\n------------------------------------------------------\nSub-Total : US$290.00\nStandard save 26% (Shipping to AU (1 x 13.00 kg )): US$4.00\nGrand Total : US$294.00\n\nDelivery Address\n------------------------------------------------------\nabc abc\nadfdafs\nafdsfdsfds, 2321\nAustralia\n\nBilling Address\n------------------------------------------------------\nabc abc\nadfdafs\nafdsfdsfds, 2321\nAustralia\n\nPayment Method\n------------------------------------------------------\nWestern Union Order\n\nMake Payable To:\n\nFirst Name : Jack - Last Name : Yang - Address : XINSHA - Zip Code : 282100 - City : JINAN - Country : CHINA - Phone : 123456789\n\nAfter the payment, plese tell us your first name, last name, amount, currency and country.\n\nYour order will not be shipped until we receive the MTCN payment number provided by Western Union Money Transfer.\n\n\n-----\nThis email address was given to us by you or by one of our customers. If you feel that you have received this email in error, please send an email to 83031767@qq.com \n\n\n-----\nCopyright (c) 2008 My.com. Powered by Zen Cart\n\nOffice Use Only:	\nFrom:	\nEmail:	\nLogin Name:	abc abc\nLogin Email:	jay@msn.com\nTelephone:	32432432\nIP Address:	124.126.7.189 - 124.126.7.189\nHost Address:	124.126.7.189\nDate and Time:	Sun Nov 30 2008 21:24:18 MST','2008-11-30 21:24:19','checkout_extra')
INSERT INTO email_archive VALUES('36','','pepelu@tom.com','My.com','83031767@qq.com','Welcome to My.com','_html_\n_head_\n_meta http-equiv=\"Content-Type\" content=\"text/html; charset=utf-8\" /_ \n_base href=\"http://www.electronics-store-china.com/\" /_\n\n_style type=\"text/css\"_\n.body {background-color:#ffffff; color:#000000; font-family:Verdana, Arial, Helvetica, sans-serif;}\na:link {color:#0066cc;}\na:hover {background-color:#eeeecc; color:#0066cc;}\na:visited {color:#0066cc;}\n.holder { background-color: #f9f9f9; border: 1px #9a9a9a solid; font-size: 9px; text-align: left; width:550px;}\n.header {font-size:10px; padding:0px; width:550px;}\n.content {font-size:10px; padding:5px; width:550px;}\n.content-line {padding:5px;}\n.coupon-block { padding: 5px; border: 1px #cccccc solid; background-color: #FFFF99; }\n.coupon-code {font-weight:bold;}\n.gv-block { padding: 5px; border: 1px #cccccc solid; background-color: #99FF99; }\n.gv-code {font-weight:bold;}\n.footer { border-top: 1px #9a9a9a solid; font-size: 9px; margin-top: 10px; text-align: center; width: 550px; }\n.extra-info { background-color: #cccc99; border: 1px #9a9a9a solid; font-size: 10px; margin-top: 10px; padding: 5px; width: 550px; }\n.extra-info-bold {font-weight:bold;}\n.disclaimer { background-color: #f9f9f9; border: 1px #cccccc solid; font-size: 10px; margin-top: 10px; padding: 5px; width: 550px; }\n.disclaimer1 {color:#666666; padding:5px;}\n.disclaimer1 a:link {color:#666666;}\n.disclaimer1 a:visited {color:#666666;}\n.disclaimer2 { color: #666666; padding: 5px; }\n.copyright { border-bottom: 0px #9a9a9a solid; padding: 5px; }\n_/style_\n\n_/head_\n\n_body class=\"body\"_\n_div class=\"holder\"_\n\n _!-- Header Section --_\n _div class=\"header\"_\n _img src=\"email/header.jpg\" alt=\"logo\" /_\n _/div_\n\n\n _!-- Content Section --_\n _div class=\"content\"_\n _div class=\"content-line\"_Dear Ms. ,\n\n_/div_\n _div class=\"content-line\"_We wish to welcome you to _strong_My.com_/strong_._/div_\n_!--The following only get populated if they\'re enabled! --_\n\n\n_!-- end gv/coupon section --_\n _div class=\"content-line\"_With your account, you can now take part in the _strong_various services_/strong_ we have to offer you. Some of these services include:\n\n_li__strong_Permanent Cart_/strong_ - Any products added to your online cart remain there until you remove them, or check them out.\n\n_li__strong_Address Book_/strong_ - We can now deliver your products to another address other than yours! This is perfect to send birthday gifts direct to the birthday-person themselves.\n\n_li__strong_Order History_/strong_ - View your history of purchases that you have made with us.\n\n_li__strong_Products Reviews_/strong_ - Share your opinions on products with our other customers.\n\n_/div_\n _div class=\"content-line\"_For help with any of our online services, please email the store-owner: _a href=\"mailto:83031767@qq.com\"_83031767@qq.com _/a_\n\n_br /_Sincerely,_br /_\n_br /_\nadmin_br /_\nStore Owner_br /_\n_br /_\n_a href=\"http://www.electronics-store-china.com/\"_http://www.electronics-store-china.com/_/a__br /_\n_br /_\n_/div_\n _/div_ \n_/div_\n \n _!-- Footer Section --_\n _div class=\"footer\"_\n _div class=\"copyright\"_Copyright (c) 2008 _a href=\"http://www.electronics-store-china.com/\" target=\"_blank\"_My.com_/a_. Powered by _a href=\"http://www.zen-cart.com\" target=\"_blank\"_Zen Cart_/a__/div_\n _/div_\n\n_div class=\"disclaimer\"_\n _div class=\"disclaimer1\"_This email address was given to us by you or by one of our customers. If you did not signup for an account, or feel that you have received this email in error, please send an email to _a href=\"mailto:83031767@qq.com\"_83031767@qq.com _/a_ _/div_\n _div class=\"disclaimer2\"_This email is sent in accordance with the US CAN-SPAM Law in effect 01/01/2004. Removal requests can be sent to this address and will be honored and respected._/div_\n_/div_\n\n_/body_\n_/html_','Dear Ms. ,\n\nWe wish to welcome you to My.com.\n\nWith your account, you can now take part in the various services we have to offer you. Some of these services include:\n\nPermanent Cart - Any products added to your online cart remain there until you remove them, or check them out.\n\nAddress Book - We can now deliver your products to another address other than yours! This is perfect to send birthday gifts direct to the birthday-person themselves.\n\nOrder History - View your history of purchases that you have made with us.\n\nProducts Reviews - Share your opinions on products with our other customers.\n\nFor help with any of our online services, please email the store-owner: 83031767@qq.com \n\nSincerely,\n\nadmin\nStore Owner\n\nhttp://www.electronics-store-china.com/\n\n\n\nThis email address was given to us by you or by one of our customers. If you did not signup for an account, or feel that you have received this email in error, please send an email to 83031767@qq.com \n\n\nThis email is sent in accordance with the US CAN-SPAM Law in effect 01/01/2004. Removal requests can be sent to this address and will be honored and respected.','2008-12-01 00:12:15','welcome')
INSERT INTO email_archive VALUES('37','test adtest','pepelu@tom.com','My.com','83031767@qq.com','Order Confirmation No: 2008120100151610','_html_\n_head_\n_meta http-equiv=\"Content-Type\" content=\"text/html; charset=utf-8\" /_\n_base href=\"http://www.electronics-store-china.com/\" /_\n\n_style type=\"text/css\"_\nbody {background-color:#ffffff; color:#000000; font-family:Verdana, Arial, Helvetica, sans-serif; text-align:center;}\na:link {color:#0066cc;}\na:hover {background-color:#eeeecc; color:#0066cc;}\na:visited {color:#0066cc;}\n.holder {background-color:#f9f9f9; border:1px solid #9a9a9a; font-size:9px; text-align:left; width:550px;}\n.header {font-size:10px; padding:0px; width:550px;}\n.content {font-size:10px; padding:5px; width:550px;}\n.footer {border-top:1px solid #9a9a9a; font-size:9px; text-align:center; width:550px;}\n.extra-info {background-color:#cccc99; border:1px dashed #9a9a9a; font-size:10px; margin-top:10px; padding:5px; width:550px;}\n.content-line {padding:5px; font-size:10px;}\n.content-line-title {font-weight:bold; font-size:11px; padding-top:3px;}\n.order-detail-area {background-color:#CCCC99; border:1px #9a9a9a; width:542px; padding:2px; font-size:10px; }\n.product-details {font-size:10px;}\n.product-details-num {font-size:10px; font-weight:bold;}\n.order-totals-text {font-size:10px; font-weight:bold;}\n.order-totals-num {font-size:10px; }\n.comments {background-color:#FF6699; border:1px #9a9a9a; width:542px; padding:2px; font-size:10px; }\n.address-block {background-color:#E4E8F3; border:1px solid #9a9a9a; margin-top:3px;}\n.address {font-size:10px;}\n.payment-detail, .payment-footer {font-size:10px;}\n.extra-info {background-color:#cccc99; border:1px solid #9a9a9a; font-size:10px; margin-top:10px; padding:5px; width:550px;}\n.extra-info-bold {font-weight:bold;}\n.disclaimer {background-color:#f9f9f9; border:1px solid #cccccc; font-size:10px; margin-top:10px; padding:5px; width:550px;}\n.disclaimer1 {color:#666666; padding:5px;}\n.disclaimer1 a:link {color:#666666;}\n.disclaimer1 a:visited {color:#666666;}\n.disclaimer2 {color:#666666; padding:5px;}\n.copyright {border-bottom:0px solid #9a9a9a; padding:5px;}\n\n_/style_\n_/head_\n\n_body_\n_div class=\"holder\"_\n\n _!-- Header Section --_\n _div class=\"header\"_\n _img src=\"email/header.jpg\" alt=\"logo\" /_\n _/div_\n\n\n _!-- Content Section --_\n _div class=\"content\"_\n _div class=\"content-line\"_\n Order Confirmation My.com_br /__br /_\n test adtest,_br /_\n Thanks for shopping with us today!_br /_\n The following are the details of your order._br /__br /_\n\n Order Number: 26_br /_\n Date Ordered: Monday 01 December, 2008_br /_\n _a href=\"http://www.electronics-store-china.com/index.php?main_page=account_history_info&amp;order_id=26\"_Click here for a Detailed Invoice_/a_\n _/div_\n _div class=\"content-line\"__strong_Products_/strong__/div_\n _div class=\"order-detail-area\"__table class=\"product-details\" border=\"0\" width=\"100%\" cellspacing=\"0\" cellpadding=\"2\"__tr_\n_td class=\"product-details\" align=\"right\" valign=\"top\" width=\"30\"_1&nbsp;x_/td_\n_td class=\"product-details\" valign=\"top\"_test products3 (20080708) \n_nobr__small__em_ _/em__/small__/nobr__/td_\n_td class=\"product-details-num\" valign=\"top\" align=\"right\"_US$200.00_/td__/tr_\n_/table__/div_\n _div class=\"order-detail-area\"__table border=\"0\" width=\"100%\" cellspacing=\"0\" cellpadding=\"2\"_ _td class=\"order-totals-text\" align=\"right\" width=\"100%\"_&nbsp;_/td_ \n_td class=\"order-totals-num\" align=\"right\" nowrap=\"nowrap\"_---------_/td_ _/tr_\n_tr__td class=\"order-totals-text\" align=\"right\" width=\"100%\"_Sub-Total&nbsp;:_/td_ \n_td class=\"order-totals-num\" align=\"right\" nowrap=\"nowrap\"_US$200.00_/td_ _/tr_\n_tr__td class=\"order-totals-text\" align=\"right\" width=\"100%\"_FREE SHIPPING! (Free Shipping Only):_/td_ \n_td class=\"order-totals-num\" align=\"right\" nowrap=\"nowrap\"_US$0.00_/td_ _/tr_\n_tr__td class=\"order-totals-text\" align=\"right\" width=\"100%\"_Grand Total&nbsp;:_/td_ \n_td class=\"order-totals-num\" align=\"right\" nowrap=\"nowrap\"_US$200.00_/td_ _/tr_\n_tr_ _/table__/div_\n\n _div class=\"comments\"__/div_\n\n _div class=\"content-line\"__strong_Address Information_/strong__/div_\n _div class=\"address-block\"_\n _table border=\"0\" width=\"100%\" cellspacing=\"0\" cellpadding=\"2\"_\n _tr_\n _td valign=\"top\" width=\"50%\"_\n _table border=\"0\" width=\"100%\" cellspacing=\"0\" cellpadding=\"2\"_\n _tr_\n _td class=\"content-line-title\"__strong_Delivery Address_/strong__/td_\n _/tr_\n _tr_\n _td class=\"address\"_test adtest_br /_43lo, fdsl0odf_br /_dfo34,IL,10240_br /_United States_/td_\n _/tr_\n\n _tr_\n _td class=\"content-line-title\"__strong_Shipping Method_/strong__/td_\n _/tr_\n _tr_\n _td class=\"content-line\"_FREE SHIPPING! (Free Shipping Only)_/td_\n _/tr_\n _/table_\n _/td_\n _td valign=\"top\" width=\"50%\"_\n _table border=\"0\" width=\"100%\" cellspacing=\"0\" cellpadding=\"2\"_\n _tr_\n _td class=\"content-line-title\"_Billing Address_/td_\n _/tr_\n _tr_\n _td class=\"address\"_test adtest_br /_43lo, fdsl0odf_br /_dfo34,IL,10240_br /_United States_/td_\n _/tr_\n _tr_\n _td class=\"content-line-title\"__strong_Payment Method_/strong__/td_\n _/tr_\n _tr_\n _td class=\"payment-detail\"_Western Union Order_/td_\n _/tr_\n _tr_\n _td class=\"payment-footer\"_Make Payable To:_br /_\n_br /_\nFirst Name : Jack - Last Name : Yang - Address : XINSHA - Zip Code : 282100 - City : JINAN - Country : CHINA - Phone : 123456789_br /_\n_br /_\n_b_After the payment, plese tell us your first name, last name, amount, currency and country._/b__br /_\n_br /_\n_b_Your order will not be shipped until we receive the MTCN payment number provided by Western Union Money Transfer._/b__/td_\n _/tr_\n _/table_\n _/td_\n _/tr_\n _/table_\n _/div_\n_/div_\n\n _!-- Footer Section --_\n _div class=\"footer\"_\n _div class=\"copyright\"_Copyright (c) 2008 _a href=\"http://www.electronics-store-china.com/\" target=\"_blank\"_My.com_/a_. Powered by _a href=\"http://www.zen-cart.com\" target=\"_blank\"_Zen Cart_/a__/div_\n _/div_\n\n_/div_\n_div class=\"disclaimer\"_\n _div class=\"disclaimer1\"_This email address was given to us by you or by one of our customers. If you feel that you have received this email in error, please send an email to _a href=\"mailto:83031767@qq.com\"_83031767@qq.com _/a_ _/div_\n _div class=\"disclaimer2\"_This email is sent in accordance with the US CAN-SPAM Law in effect 01/01/2004. Removal requests can be sent to this address and will be honored and respected._/div_\n_/div_\n\n_/body_\n_/html_','Order Confirmation from My.com\n\ntest adtest\n\nThanks for shopping with us today!\nThe following are the details of your order.\n------------------------------------------------------\nOrder Number: 26\nDate Ordered: Monday 01 December, 2008\nDetailed Invoice: http://www.electronics-store-china.com/index.php?main_page=account_history_info&order_id=26\n\nProducts\n------------------------------------------------------\n1 x test products3 (20080708) = US$200.00\n------------------------------------------------------\nSub-Total : US$200.00\nFREE SHIPPING! (Free Shipping Only): US$0.00\nGrand Total : US$200.00\n\nDelivery Address\n------------------------------------------------------\ntest adtest\n43lo, fdsl0odf\ndfo34,IL,10240\nUnited States\n\nBilling Address\n------------------------------------------------------\ntest adtest\n43lo, fdsl0odf\ndfo34,IL,10240\nUnited States\n\nPayment Method\n------------------------------------------------------\nWestern Union Order\n\nMake Payable To:\n\nFirst Name : Jack - Last Name : Yang - Address : XINSHA - Zip Code : 282100 - City : JINAN - Country : CHINA - Phone : 123456789\n\nAfter the payment, plese tell us your first name, last name, amount, currency and country.\n\nYour order will not be shipped until we receive the MTCN payment number provided by Western Union Money Transfer.\n\n\n-----\nThis email address was given to us by you or by one of our customers. If you feel that you have received this email in error, please send an email to 83031767@qq.com \n\n\n-----\nCopyright (c) 2008 My.com. Powered by Zen Cart\n\n\nThis email is sent in accordance with the US CAN-SPAM Law in effect 01/01/2004. Removal requests can be sent to this address and will be honored and respected.','2008-12-01 00:15:16','checkout')
INSERT INTO email_archive VALUES('38','','83031767@qq.com','My.com','83031767@qq.com','[NEW ORDER] Order Confirmation No: 2008120100151610','','Order Confirmation from My.com\n\ntest adtest\n\nThanks for shopping with us today!\nThe following are the details of your order.\n------------------------------------------------------\nOrder Number: 26\nDate Ordered: Monday 01 December, 2008\nDetailed Invoice: http://www.electronics-store-china.com/index.php?main_page=account_history_info&order_id=26\n\nProducts\n------------------------------------------------------\n1 x test products3 (20080708) = US$200.00\n------------------------------------------------------\nSub-Total : US$200.00\nFREE SHIPPING! (Free Shipping Only): US$0.00\nGrand Total : US$200.00\n\nDelivery Address\n------------------------------------------------------\ntest adtest\n43lo, fdsl0odf\ndfo34,IL,10240\nUnited States\n\nBilling Address\n------------------------------------------------------\ntest adtest\n43lo, fdsl0odf\ndfo34,IL,10240\nUnited States\n\nPayment Method\n------------------------------------------------------\nWestern Union Order\n\nMake Payable To:\n\nFirst Name : Jack - Last Name : Yang - Address : XINSHA - Zip Code : 282100 - City : JINAN - Country : CHINA - Phone : 123456789\n\nAfter the payment, plese tell us your first name, last name, amount, currency and country.\n\nYour order will not be shipped until we receive the MTCN payment number provided by Western Union Money Transfer.\n\n\n-----\nThis email address was given to us by you or by one of our customers. If you feel that you have received this email in error, please send an email to 83031767@qq.com \n\n\n-----\nCopyright (c) 2008 My.com. Powered by Zen Cart\n\nOffice Use Only:	\nFrom:	\nEmail:	\nLogin Name:	test adtest\nLogin Email:	pepelu@tom.com\nTelephone:	230-430-3433\nIP Address:	221.223.255.219 - 221.223.255.219\nHost Address:	221.223.255.219\nDate and Time:	Mon Dec 1 2008 0:15:16 MST','2008-12-01 00:15:17','checkout_extra')
INSERT INTO email_archive VALUES('39','1111','ewe@12.com','My.com','83031767@qq.com','Your Faq Submission At My.com','_html_\n_head_\n_meta http-equiv=\"Content-Type\" content=\"text/html; charset=utf-8\" /_\n_base href=\"http://www.electronics-store-china.com/\" /_\n\n_style type=\"text/css\"_\nbody {background-color:#ffffff; color:#000000; font-family:Verdana, Arial, Helvetica, sans-serif; text-align:center;}\na:link {color:#0066cc;}\na:hover {background-color:#eeeecc; color:#0066cc;}\na:visited {color:#0066cc;}\n.holder {background-color:#f9f9f9; border:1px solid #9a9a9a; font-size:9px; text-align:left; width:550px;}\n.header {font-size:10px; padding:0px; width:550px;}\n.content {font-size:10px; padding:5px; width:550px;}\n.footer {border-top:1px solid #9a9a9a; font-size:9px; margin-top:10px; text-align:center; width:550px;}\n.extra-info {background-color:#cccc99; border:1px solid #9a9a9a; font-size:10px; margin-top:10px; padding:5px; width:550px;}\n.extra-info-bold {font-weight:bold;}\n.disclaimer {background-color:#f9f9f9; border:1px solid #cccccc; font-size:10px; margin-top:10px; padding:5px; width:550px;}\n.disclaimer1 {color:#666666; padding:5px;}\n.disclaimer1 a:link {color:#666666;}\n.disclaimer1 a:visited {color:#666666;}\n.disclaimer2 {color:#666666; padding:5px;}\n.copyright {border-bottom:0px solid #9a9a9a; padding:5px;}\n_/style_\n\n_/head_\n\n_body_\n_div class=\"holder\"_\n\n _!-- Header Section --_\n _div class=\"header\"_\n _img src=\"email/header.jpg\" alt=\"logo\" /_\n _/div_\n\n\n _!-- Content Section --_\n _div class=\"content\"_\n _div_Your Faq Submission At My.com_/div_\n _div_Your question has been successfully submitted at My.com and will be answered as soon as we review it.\n\n_/div_\n _/div_\n\n\n _!-- Footer Section --_\n _div class=\"footer\"_\n _div class=\"copyright\"_Copyright (c) 2008 _a href=\"http://www.electronics-store-china.com/\" target=\"_blank\"_My.com_/a_. Powered by _a href=\"http://www.zen-cart.com\" target=\"_blank\"_Zen Cart_/a__/div_\n _/div_\n\n_/div_\n_div class=\"disclaimer\"_\n _div class=\"disclaimer1\"_This question was submitted to us by you or by one of our users. If you did not submit a question, or feel that you have received this email in error, please send an email to _a href=\"mailto:83031767@qq.com\"_83031767@qq.com _/a_ _/div_\n _div class=\"disclaimer2\"_This email is sent in accordance with the US CAN-SPAM Law in effect 01/01/2004. Removal requests can be sent to this address and will be honored and respected._/div_\n_/div_\n\n_/body_\n_/html_','Dear 1111\n\nThanks for your question submission at My.com .\n\n\nqwewqewq\nqwwdswd\n\nYour question has been successfully submitted at My.com. It will be answered as soon as we receive it. You will receive an email about the status of your submittal. If you have not received it within the next 48 hours, please contact us before submitting your question again.\n\nFor help with your question, please email the store-owner: 83031767@qq.com.\n\nSincerely,\n\nadmin\nStore Owner\n\nhttp://www.electronics-store-china.com/\n\n\n\nThis question was submitted to us by you or by one of our users. If you did not submit a question, or feel that you have received this email in error, please send an email to 83031767@qq.com \n\n\nThis email is sent in accordance with the US CAN-SPAM Law in effect 01/01/2004. Removal requests can be sent to this address and will be honored and respected.','2008-12-01 01:50:21','faqssubmit')
INSERT INTO email_archive VALUES('40','','83031767@qq.com','My.com','83031767@qq.com','Question Submission Your Faq Submission At My.com','_html_\n_head_\n_meta http-equiv=\"Content-Type\" content=\"text/html; charset=utf-8\" /_\n_base href=\"http://www.electronics-store-china.com/\" /_\n\n_style type=\"text/css\"_\nbody {background-color:#ffffff; color:#000000; font-family:Verdana, Arial, Helvetica, sans-serif; text-align:center;}\na:link {color:#0066cc;}\na:hover {background-color:#eeeecc; color:#0066cc;}\na:visited {color:#0066cc;}\n.holder {background-color:#f9f9f9; border:1px solid #9a9a9a; font-size:9px; text-align:left; width:550px;}\n.header {font-size:10px; padding:0px; width:550px;}\n.content {font-size:10px; padding:5px; width:550px;}\n.footer {border-top:1px solid #9a9a9a; font-size:9px; margin-top:10px; text-align:center; width:550px;}\n.extra-info {background-color:#cccc99; border:1px solid #9a9a9a; font-size:10px; margin-top:10px; padding:5px; width:550px;}\n.extra-info-bold {font-weight:bold;}\n.disclaimer {background-color:#f9f9f9; border:1px solid #cccccc; font-size:10px; margin-top:10px; padding:5px; width:550px;}\n.disclaimer1 {color:#666666; padding:5px;}\n.disclaimer1 a:link {color:#666666;}\n.disclaimer1 a:visited {color:#666666;}\n.disclaimer2 {color:#666666; padding:5px;}\n.copyright {border-bottom:0px solid #9a9a9a; padding:5px;}\n_/style_\n\n_/head_\n\n_body_\n_div class=\"holder\"_\n\n _!-- Header Section --_\n _div class=\"header\"_\n _img src=\"email/header.jpg\" alt=\"logo\" /_\n _/div_\n\n\n _!-- Content Section --_\n _div class=\"content\"_\n _div_Question Submission Your Faq Submission At My.com_/div_\n _div_Your question has been successfully submitted at My.com and will be answered as soon as we review it.\n\n_/div_\n _/div_\n\n\n _!-- Footer Section --_\n _div class=\"footer\"_\n _div class=\"copyright\"_Copyright (c) 2008 _a href=\"http://www.electronics-store-china.com/\" target=\"_blank\"_My.com_/a_. Powered by _a href=\"http://www.zen-cart.com\" target=\"_blank\"_Zen Cart_/a__/div_\n _/div_\n\n_/div_\n_div class=\"disclaimer\"_\n _div class=\"disclaimer1\"_This question was submitted to us by you or by one of our users. If you did not submit a question, or feel that you have received this email in error, please send an email to _a href=\"mailto:83031767@qq.com\"_83031767@qq.com _/a_ _/div_\n _div class=\"disclaimer2\"_This email is sent in accordance with the US CAN-SPAM Law in effect 01/01/2004. Removal requests can be sent to this address and will be honored and respected._/div_\n_/div_\n\n_/body_\n_/html_','Dear 1111\n\nThanks for your question submission at My.com .\n\n\nqwewqewq\nqwwdswd\n\nYour question has been successfully submitted at My.com. It will be answered as soon as we receive it. You will receive an email about the status of your submittal. If you have not received it within the next 48 hours, please contact us before submitting your question again.\n\nFor help with your question, please email the store-owner: 83031767@qq.com.\n\nSincerely,\n\nadmin\nStore Owner\n\nhttp://www.electronics-store-china.com/\n\n\n\nThis question was submitted to us by you or by one of our users. If you did not submit a question, or feel that you have received this email in error, please send an email to 83031767@qq.com \n\nOffice Use Only:From:1111Email:Login Name: IP Address:117.28.87.180 - 117.28.87.180Host Address:180.87.28.117.broad.qz.fj.dynamic.163data.com.cnDate and Time:Mon Dec 1 2008 1:50:21 MST','2008-12-01 01:50:21','faqssubmit')
INSERT INTO email_archive VALUES('41','qqq','qqq@163.com','My.com','83031767@qq.com','Your Faq Submission At My.com','_html_\n_head_\n_meta http-equiv=\"Content-Type\" content=\"text/html; charset=utf-8\" /_\n_base href=\"http://www.electronics-store-china.com/\" /_\n\n_style type=\"text/css\"_\nbody {background-color:#ffffff; color:#000000; font-family:Verdana, Arial, Helvetica, sans-serif; text-align:center;}\na:link {color:#0066cc;}\na:hover {background-color:#eeeecc; color:#0066cc;}\na:visited {color:#0066cc;}\n.holder {background-color:#f9f9f9; border:1px solid #9a9a9a; font-size:9px; text-align:left; width:550px;}\n.header {font-size:10px; padding:0px; width:550px;}\n.content {font-size:10px; padding:5px; width:550px;}\n.footer {border-top:1px solid #9a9a9a; font-size:9px; margin-top:10px; text-align:center; width:550px;}\n.extra-info {background-color:#cccc99; border:1px solid #9a9a9a; font-size:10px; margin-top:10px; padding:5px; width:550px;}\n.extra-info-bold {font-weight:bold;}\n.disclaimer {background-color:#f9f9f9; border:1px solid #cccccc; font-size:10px; margin-top:10px; padding:5px; width:550px;}\n.disclaimer1 {color:#666666; padding:5px;}\n.disclaimer1 a:link {color:#666666;}\n.disclaimer1 a:visited {color:#666666;}\n.disclaimer2 {color:#666666; padding:5px;}\n.copyright {border-bottom:0px solid #9a9a9a; padding:5px;}\n_/style_\n\n_/head_\n\n_body_\n_div class=\"holder\"_\n\n _!-- Header Section --_\n _div class=\"header\"_\n _img src=\"email/header.jpg\" alt=\"logo\" /_\n _/div_\n\n\n _!-- Content Section --_\n _div class=\"content\"_\n _div_Your Faq Submission At My.com_/div_\n _div_Your question has been successfully submitted at My.com and will be answered as soon as we review it.\n\n_/div_\n _/div_\n\n\n _!-- Footer Section --_\n _div class=\"footer\"_\n _div class=\"copyright\"_Copyright (c) 2008 _a href=\"http://www.electronics-store-china.com/\" target=\"_blank\"_My.com_/a_. Powered by _a href=\"http://www.zen-cart.com\" target=\"_blank\"_Zen Cart_/a__/div_\n _/div_\n\n_/div_\n_div class=\"disclaimer\"_\n _div class=\"disclaimer1\"_This question was submitted to us by you or by one of our users. If you did not submit a question, or feel that you have received this email in error, please send an email to _a href=\"mailto:83031767@qq.com\"_83031767@qq.com _/a_ _/div_\n _div class=\"disclaimer2\"_This email is sent in accordance with the US CAN-SPAM Law in effect 01/01/2004. Removal requests can be sent to this address and will be honored and respected._/div_\n_/div_\n\n_/body_\n_/html_','Dear qqq\n\nThanks for your question submission at My.com .\n\n\nqq\nqq\n\nYour question has been successfully submitted at My.com. It will be answered as soon as we receive it. You will receive an email about the status of your submittal. If you have not received it within the next 48 hours, please contact us before submitting your question again.\n\nFor help with your question, please email the store-owner: 83031767@qq.com.\n\nSincerely,\n\nadmin\nStore Owner\n\nhttp://www.electronics-store-china.com/\n\n\n\nThis question was submitted to us by you or by one of our users. If you did not submit a question, or feel that you have received this email in error, please send an email to 83031767@qq.com \n\n\nThis email is sent in accordance with the US CAN-SPAM Law in effect 01/01/2004. Removal requests can be sent to this address and will be honored and respected.','2008-12-01 02:05:47','faqssubmit')
INSERT INTO email_archive VALUES('42','','83031767@qq.com','My.com','83031767@qq.com','Question Submission Your Faq Submission At My.com','_html_\n_head_\n_meta http-equiv=\"Content-Type\" content=\"text/html; charset=utf-8\" /_\n_base href=\"http://www.electronics-store-china.com/\" /_\n\n_style type=\"text/css\"_\nbody {background-color:#ffffff; color:#000000; font-family:Verdana, Arial, Helvetica, sans-serif; text-align:center;}\na:link {color:#0066cc;}\na:hover {background-color:#eeeecc; color:#0066cc;}\na:visited {color:#0066cc;}\n.holder {background-color:#f9f9f9; border:1px solid #9a9a9a; font-size:9px; text-align:left; width:550px;}\n.header {font-size:10px; padding:0px; width:550px;}\n.content {font-size:10px; padding:5px; width:550px;}\n.footer {border-top:1px solid #9a9a9a; font-size:9px; margin-top:10px; text-align:center; width:550px;}\n.extra-info {background-color:#cccc99; border:1px solid #9a9a9a; font-size:10px; margin-top:10px; padding:5px; width:550px;}\n.extra-info-bold {font-weight:bold;}\n.disclaimer {background-color:#f9f9f9; border:1px solid #cccccc; font-size:10px; margin-top:10px; padding:5px; width:550px;}\n.disclaimer1 {color:#666666; padding:5px;}\n.disclaimer1 a:link {color:#666666;}\n.disclaimer1 a:visited {color:#666666;}\n.disclaimer2 {color:#666666; padding:5px;}\n.copyright {border-bottom:0px solid #9a9a9a; padding:5px;}\n_/style_\n\n_/head_\n\n_body_\n_div class=\"holder\"_\n\n _!-- Header Section --_\n _div class=\"header\"_\n _img src=\"email/header.jpg\" alt=\"logo\" /_\n _/div_\n\n\n _!-- Content Section --_\n _div class=\"content\"_\n _div_Question Submission Your Faq Submission At My.com_/div_\n _div_Your question has been successfully submitted at My.com and will be answered as soon as we review it.\n\n_/div_\n _/div_\n\n\n _!-- Footer Section --_\n _div class=\"footer\"_\n _div class=\"copyright\"_Copyright (c) 2008 _a href=\"http://www.electronics-store-china.com/\" target=\"_blank\"_My.com_/a_. Powered by _a href=\"http://www.zen-cart.com\" target=\"_blank\"_Zen Cart_/a__/div_\n _/div_\n\n_/div_\n_div class=\"disclaimer\"_\n _div class=\"disclaimer1\"_This question was submitted to us by you or by one of our users. If you did not submit a question, or feel that you have received this email in error, please send an email to _a href=\"mailto:83031767@qq.com\"_83031767@qq.com _/a_ _/div_\n _div class=\"disclaimer2\"_This email is sent in accordance with the US CAN-SPAM Law in effect 01/01/2004. Removal requests can be sent to this address and will be honored and respected._/div_\n_/div_\n\n_/body_\n_/html_','Dear qqq\n\nThanks for your question submission at My.com .\n\n\nqq\nqq\n\nYour question has been successfully submitted at My.com. It will be answered as soon as we receive it. You will receive an email about the status of your submittal. If you have not received it within the next 48 hours, please contact us before submitting your question again.\n\nFor help with your question, please email the store-owner: 83031767@qq.com.\n\nSincerely,\n\nadmin\nStore Owner\n\nhttp://www.electronics-store-china.com/\n\n\n\nThis question was submitted to us by you or by one of our users. If you did not submit a question, or feel that you have received this email in error, please send an email to 83031767@qq.com \n\nOffice Use Only:From:qqqEmail:Login Name: IP Address:58.61.174.180 - 58.61.174.180Host Address:180.174.61.58.broad.sz.gd.dynamic.163data.com.cnDate and Time:Mon Dec 1 2008 2:05:47 MST','2008-12-01 02:05:48','faqssubmit')
INSERT INTO email_archive VALUES('43','','afdsfs@dfdfads.com','My.com','83031767@qq.com','Welcome to My.com','_html_\n_head_\n_meta http-equiv=\"Content-Type\" content=\"text/html; charset=utf-8\" /_ \n_base href=\"http://www.electronics-store-china.com/\" /_\n\n_style type=\"text/css\"_\n.body {background-color:#ffffff; color:#000000; font-family:Verdana, Arial, Helvetica, sans-serif;}\na:link {color:#0066cc;}\na:hover {background-color:#eeeecc; color:#0066cc;}\na:visited {color:#0066cc;}\n.holder { background-color: #f9f9f9; border: 1px #9a9a9a solid; font-size: 9px; text-align: left; width:550px;}\n.header {font-size:10px; padding:0px; width:550px;}\n.content {font-size:10px; padding:5px; width:550px;}\n.content-line {padding:5px;}\n.coupon-block { padding: 5px; border: 1px #cccccc solid; background-color: #FFFF99; }\n.coupon-code {font-weight:bold;}\n.gv-block { padding: 5px; border: 1px #cccccc solid; background-color: #99FF99; }\n.gv-code {font-weight:bold;}\n.footer { border-top: 1px #9a9a9a solid; font-size: 9px; margin-top: 10px; text-align: center; width: 550px; }\n.extra-info { background-color: #cccc99; border: 1px #9a9a9a solid; font-size: 10px; margin-top: 10px; padding: 5px; width: 550px; }\n.extra-info-bold {font-weight:bold;}\n.disclaimer { background-color: #f9f9f9; border: 1px #cccccc solid; font-size: 10px; margin-top: 10px; padding: 5px; width: 550px; }\n.disclaimer1 {color:#666666; padding:5px;}\n.disclaimer1 a:link {color:#666666;}\n.disclaimer1 a:visited {color:#666666;}\n.disclaimer2 { color: #666666; padding: 5px; }\n.copyright { border-bottom: 0px #9a9a9a solid; padding: 5px; }\n_/style_\n\n_/head_\n\n_body class=\"body\"_\n_div class=\"holder\"_\n\n _!-- Header Section --_\n _div class=\"header\"_\n _img src=\"email/header.jpg\" alt=\"logo\" /_\n _/div_\n\n\n _!-- Content Section --_\n _div class=\"content\"_\n _div class=\"content-line\"_Dear Ms. ,\n\n_/div_\n _div class=\"content-line\"_We wish to welcome you to _strong_My.com_/strong_._/div_\n_!--The following only get populated if they\'re enabled! --_\n\n\n_!-- end gv/coupon section --_\n _div class=\"content-line\"_With your account, you can now take part in the _strong_various services_/strong_ we have to offer you. Some of these services include:\n\n_li__strong_Permanent Cart_/strong_ - Any products added to your online cart remain there until you remove them, or check them out.\n\n_li__strong_Address Book_/strong_ - We can now deliver your products to another address other than yours! This is perfect to send birthday gifts direct to the birthday-person themselves.\n\n_li__strong_Order History_/strong_ - View your history of purchases that you have made with us.\n\n_li__strong_Products Reviews_/strong_ - Share your opinions on products with our other customers.\n\n_/div_\n _div class=\"content-line\"_For help with any of our online services, please email the store-owner: _a href=\"mailto:83031767@qq.com\"_83031767@qq.com _/a_\n\n_br /_Sincerely,_br /_\n_br /_\nadmin_br /_\nStore Owner_br /_\n_br /_\n_a href=\"http://www.electronics-store-china.com/\"_http://www.electronics-store-china.com/_/a__br /_\n_br /_\n_/div_\n _/div_ \n_/div_\n \n _!-- Footer Section --_\n _div class=\"footer\"_\n _div class=\"copyright\"_Copyright (c) 2008 _a href=\"http://www.electronics-store-china.com/\" target=\"_blank\"_My.com_/a_. Powered by _a href=\"http://www.zen-cart.com\" target=\"_blank\"_Zen Cart_/a__/div_\n _/div_\n\n_div class=\"disclaimer\"_\n _div class=\"disclaimer1\"_This email address was given to us by you or by one of our customers. If you did not signup for an account, or feel that you have received this email in error, please send an email to _a href=\"mailto:83031767@qq.com\"_83031767@qq.com _/a_ _/div_\n _div class=\"disclaimer2\"_This email is sent in accordance with the US CAN-SPAM Law in effect 01/01/2004. Removal requests can be sent to this address and will be honored and respected._/div_\n_/div_\n\n_/body_\n_/html_','Dear Ms. ,\n\nWe wish to welcome you to My.com.\n\nWith your account, you can now take part in the various services we have to offer you. Some of these services include:\n\nPermanent Cart - Any products added to your online cart remain there until you remove them, or check them out.\n\nAddress Book - We can now deliver your products to another address other than yours! This is perfect to send birthday gifts direct to the birthday-person themselves.\n\nOrder History - View your history of purchases that you have made with us.\n\nProducts Reviews - Share your opinions on products with our other customers.\n\nFor help with any of our online services, please email the store-owner: 83031767@qq.com \n\nSincerely,\n\nadmin\nStore Owner\n\nhttp://www.electronics-store-china.com/\n\n\n\nThis email address was given to us by you or by one of our customers. If you did not signup for an account, or feel that you have received this email in error, please send an email to 83031767@qq.com \n\n\nThis email is sent in accordance with the US CAN-SPAM Law in effect 01/01/2004. Removal requests can be sent to this address and will be honored and respected.','2008-12-01 03:39:58','welcome')
INSERT INTO email_archive VALUES('44','asdfg asdfg','afdsfs@dfdfads.com','My.com','83031767@qq.com','Order Confirmation No: 2008120103503515','_html_\n_head_\n_meta http-equiv=\"Content-Type\" content=\"text/html; charset=utf-8\" /_\n_base href=\"http://www.electronics-store-china.com/\" /_\n\n_style type=\"text/css\"_\nbody {background-color:#ffffff; color:#000000; font-family:Verdana, Arial, Helvetica, sans-serif; text-align:center;}\na:link {color:#0066cc;}\na:hover {background-color:#eeeecc; color:#0066cc;}\na:visited {color:#0066cc;}\n.holder {background-color:#f9f9f9; border:1px solid #9a9a9a; font-size:9px; text-align:left; width:550px;}\n.header {font-size:10px; padding:0px; width:550px;}\n.content {font-size:10px; padding:5px; width:550px;}\n.footer {border-top:1px solid #9a9a9a; font-size:9px; text-align:center; width:550px;}\n.extra-info {background-color:#cccc99; border:1px dashed #9a9a9a; font-size:10px; margin-top:10px; padding:5px; width:550px;}\n.content-line {padding:5px; font-size:10px;}\n.content-line-title {font-weight:bold; font-size:11px; padding-top:3px;}\n.order-detail-area {background-color:#CCCC99; border:1px #9a9a9a; width:542px; padding:2px; font-size:10px; }\n.product-details {font-size:10px;}\n.product-details-num {font-size:10px; font-weight:bold;}\n.order-totals-text {font-size:10px; font-weight:bold;}\n.order-totals-num {font-size:10px; }\n.comments {background-color:#FF6699; border:1px #9a9a9a; width:542px; padding:2px; font-size:10px; }\n.address-block {background-color:#E4E8F3; border:1px solid #9a9a9a; margin-top:3px;}\n.address {font-size:10px;}\n.payment-detail, .payment-footer {font-size:10px;}\n.extra-info {background-color:#cccc99; border:1px solid #9a9a9a; font-size:10px; margin-top:10px; padding:5px; width:550px;}\n.extra-info-bold {font-weight:bold;}\n.disclaimer {background-color:#f9f9f9; border:1px solid #cccccc; font-size:10px; margin-top:10px; padding:5px; width:550px;}\n.disclaimer1 {color:#666666; padding:5px;}\n.disclaimer1 a:link {color:#666666;}\n.disclaimer1 a:visited {color:#666666;}\n.disclaimer2 {color:#666666; padding:5px;}\n.copyright {border-bottom:0px solid #9a9a9a; padding:5px;}\n\n_/style_\n_/head_\n\n_body_\n_div class=\"holder\"_\n\n _!-- Header Section --_\n _div class=\"header\"_\n _img src=\"email/header.jpg\" alt=\"logo\" /_\n _/div_\n\n\n _!-- Content Section --_\n _div class=\"content\"_\n _div class=\"content-line\"_\n Order Confirmation My.com_br /__br /_\n asdfg asdfg,_br /_\n Thanks for shopping with us today!_br /_\n The following are the details of your order._br /__br /_\n\n Order Number: 27_br /_\n Date Ordered: Monday 01 December, 2008_br /_\n _a href=\"http://www.electronics-store-china.com/index.php?main_page=account_history_info&amp;order_id=27\"_Click here for a Detailed Invoice_/a_\n _/div_\n _div class=\"content-line\"__strong_Products_/strong__/div_\n _div class=\"order-detail-area\"__table class=\"product-details\" border=\"0\" width=\"100%\" cellspacing=\"0\" cellpadding=\"2\"__tr_\n_td class=\"product-details\" align=\"right\" valign=\"top\" width=\"30\"_1&nbsp;x_/td_\n_td class=\"product-details\" valign=\"top\"_test products 2 (080808008) \n_nobr__small__em_ _/em__/small__/nobr__/td_\n_td class=\"product-details-num\" valign=\"top\" align=\"right\"_US$290.00_/td__/tr_\n_/table__/div_\n _div class=\"order-detail-area\"__table border=\"0\" width=\"100%\" cellspacing=\"0\" cellpadding=\"2\"_ _td class=\"order-totals-text\" align=\"right\" width=\"100%\"_&nbsp;_/td_ \n_td class=\"order-totals-num\" align=\"right\" nowrap=\"nowrap\"_---------_/td_ _/tr_\n_tr__td class=\"order-totals-text\" align=\"right\" width=\"100%\"_Sub-Total&nbsp;:_/td_ \n_td class=\"order-totals-num\" align=\"right\" nowrap=\"nowrap\"_US$290.00_/td_ _/tr_\n_tr__td class=\"order-totals-text\" align=\"right\" width=\"100%\"_Standard _span class=\"red\"_save 26%_/span_ (Shipping to ES (1 x 13.00 kg )):_/td_ \n_td class=\"order-totals-num\" align=\"right\" nowrap=\"nowrap\"_US$4.00_/td_ _/tr_\n_tr__td class=\"order-totals-text\" align=\"right\" width=\"100%\"_Grand Total&nbsp;:_/td_ \n_td class=\"order-totals-num\" align=\"right\" nowrap=\"nowrap\"_US$294.00_/td_ _/tr_\n_tr_ _/table__/div_\n\n _div class=\"comments\"__/div_\n\n _div class=\"content-line\"__strong_Address Information_/strong__/div_\n _div class=\"address-block\"_\n _table border=\"0\" width=\"100%\" cellspacing=\"0\" cellpadding=\"2\"_\n _tr_\n _td valign=\"top\" width=\"50%\"_\n _table border=\"0\" width=\"100%\" cellspacing=\"0\" cellpadding=\"2\"_\n _tr_\n _td class=\"content-line-title\"__strong_Delivery Address_/strong__/td_\n _/tr_\n _tr_\n _td class=\"address\"_asdfg asdfg_br /_adfasd,adfsd_br /_dsfsd_br /_32432 - Alava, Spain_/td_\n _/tr_\n\n _tr_\n _td class=\"content-line-title\"__strong_Shipping Method_/strong__/td_\n _/tr_\n _tr_\n _td class=\"content-line\"_Standard _span class=\"red\"_save 26%_/span_ (Shipping to ES (1 x 13.00 kg ))_/td_\n _/tr_\n _/table_\n _/td_\n _td valign=\"top\" width=\"50%\"_\n _table border=\"0\" width=\"100%\" cellspacing=\"0\" cellpadding=\"2\"_\n _tr_\n _td class=\"content-line-title\"_Billing Address_/td_\n _/tr_\n _tr_\n _td class=\"address\"_asdfg asdfg_br /_adfasd,adfsd_br /_dsfsd_br /_32432 - Alava, Spain_/td_\n _/tr_\n _tr_\n _td class=\"content-line-title\"__strong_Payment Method_/strong__/td_\n _/tr_\n _tr_\n _td class=\"payment-detail\"_Western Union Order_/td_\n _/tr_\n _tr_\n _td class=\"payment-footer\"_Make Payable To:_br /_\n_br /_\nFirst Name : Jack - Last Name : Yang - Address : XINSHA - Zip Code : 282100 - City : JINAN - Country : CHINA - Phone : 123456789_br /_\n_br /_\n_b_After the payment, plese tell us your first name, last name, amount, currency and country._/b__br /_\n_br /_\n_b_Your order will not be shipped until we receive the MTCN payment number provided by Western Union Money Transfer._/b__/td_\n _/tr_\n _/table_\n _/td_\n _/tr_\n _/table_\n _/div_\n_/div_\n\n _!-- Footer Section --_\n _div class=\"footer\"_\n _div class=\"copyright\"_Copyright (c) 2008 _a href=\"http://www.electronics-store-china.com/\" target=\"_blank\"_My.com_/a_. Powered by _a href=\"http://www.zen-cart.com\" target=\"_blank\"_Zen Cart_/a__/div_\n _/div_\n\n_/div_\n_div class=\"disclaimer\"_\n _div class=\"disclaimer1\"_This email address was given to us by you or by one of our customers. If you feel that you have received this email in error, please send an email to _a href=\"mailto:83031767@qq.com\"_83031767@qq.com _/a_ _/div_\n _div class=\"disclaimer2\"_This email is sent in accordance with the US CAN-SPAM Law in effect 01/01/2004. Removal requests can be sent to this address and will be honored and respected._/div_\n_/div_\n\n_/body_\n_/html_','Order Confirmation from My.com\n\nasdfg asdfg\n\nThanks for shopping with us today!\nThe following are the details of your order.\n------------------------------------------------------\nOrder Number: 27\nDate Ordered: Monday 01 December, 2008\nDetailed Invoice: http://www.electronics-store-china.com/index.php?main_page=account_history_info&order_id=27\n\nProducts\n------------------------------------------------------\n1 x test products 2 (080808008) = US$290.00\n------------------------------------------------------\nSub-Total : US$290.00\nStandard save 26% (Shipping to ES (1 x 13.00 kg )): US$4.00\nGrand Total : US$294.00\n\nDelivery Address\n------------------------------------------------------\nasdfg asdfg\nadfasd,adfsd\ndsfsd\n32432 - Alava, Spain\n\nBilling Address\n------------------------------------------------------\nasdfg asdfg\nadfasd,adfsd\ndsfsd\n32432 - Alava, Spain\n\nPayment Method\n------------------------------------------------------\nWestern Union Order\n\nMake Payable To:\n\nFirst Name : Jack - Last Name : Yang - Address : XINSHA - Zip Code : 282100 - City : JINAN - Country : CHINA - Phone : 123456789\n\nAfter the payment, plese tell us your first name, last name, amount, currency and country.\n\nYour order will not be shipped until we receive the MTCN payment number provided by Western Union Money Transfer.\n\n\n-----\nThis email address was given to us by you or by one of our customers. If you feel that you have received this email in error, please send an email to 83031767@qq.com \n\n\n-----\nCopyright (c) 2008 My.com. Powered by Zen Cart\n\n\nThis email is sent in accordance with the US CAN-SPAM Law in effect 01/01/2004. Removal requests can be sent to this address and will be honored and respected.','2008-12-01 03:50:35','checkout')
INSERT INTO email_archive VALUES('45','','83031767@qq.com','My.com','83031767@qq.com','[NEW ORDER] Order Confirmation No: 2008120103503515','','Order Confirmation from My.com\n\nasdfg asdfg\n\nThanks for shopping with us today!\nThe following are the details of your order.\n------------------------------------------------------\nOrder Number: 27\nDate Ordered: Monday 01 December, 2008\nDetailed Invoice: http://www.electronics-store-china.com/index.php?main_page=account_history_info&order_id=27\n\nProducts\n------------------------------------------------------\n1 x test products 2 (080808008) = US$290.00\n------------------------------------------------------\nSub-Total : US$290.00\nStandard save 26% (Shipping to ES (1 x 13.00 kg )): US$4.00\nGrand Total : US$294.00\n\nDelivery Address\n------------------------------------------------------\nasdfg asdfg\nadfasd,adfsd\ndsfsd\n32432 - Alava, Spain\n\nBilling Address\n------------------------------------------------------\nasdfg asdfg\nadfasd,adfsd\ndsfsd\n32432 - Alava, Spain\n\nPayment Method\n------------------------------------------------------\nWestern Union Order\n\nMake Payable To:\n\nFirst Name : Jack - Last Name : Yang - Address : XINSHA - Zip Code : 282100 - City : JINAN - Country : CHINA - Phone : 123456789\n\nAfter the payment, plese tell us your first name, last name, amount, currency and country.\n\nYour order will not be shipped until we receive the MTCN payment number provided by Western Union Money Transfer.\n\n\n-----\nThis email address was given to us by you or by one of our customers. If you feel that you have received this email in error, please send an email to 83031767@qq.com \n\n\n-----\nCopyright (c) 2008 My.com. Powered by Zen Cart\n\nOffice Use Only:	\nFrom:	\nEmail:	\nLogin Name:	asdfg asdfg\nLogin Email:	afdsfs@dfdfads.com\nTelephone:	23423432\nIP Address:	124.126.7.189 - 124.126.7.189\nHost Address:	124.126.7.189\nDate and Time:	Mon Dec 1 2008 3:50:35 MST','2008-12-01 03:50:35','checkout_extra')
DROP TABLE IF EXISTS ezpages
CREATE TABLE `ezpages` (  `pages_id` int(11) NOT NULL auto_increment,  `languages_id` int(11) NOT NULL default '1',  `pages_title` varchar(64) NOT NULL default '',  `alt_url` varchar(255) NOT NULL default '',  `alt_url_external` varchar(255) NOT NULL default '',  `pages_html_text` mediumtext,  `status_header` int(1) NOT NULL default '1',  `status_sidebox` int(1) NOT NULL default '1',  `status_footer` int(1) NOT NULL default '1',  `status_toc` int(1) NOT NULL default '1',  `header_sort_order` int(3) NOT NULL default '0',  `sidebox_sort_order` int(3) NOT NULL default '0',  `footer_sort_order` int(3) NOT NULL default '0',  `toc_sort_order` int(3) NOT NULL default '0',  `page_open_new_window` int(1) NOT NULL default '0',  `page_is_ssl` int(1) NOT NULL default '0',  `toc_chapter` int(11) NOT NULL default '0',  PRIMARY KEY  (`pages_id`),  KEY `idx_lang_id_zen` (`languages_id`),  KEY `idx_ezp_status_header_zen` (`status_header`),  KEY `idx_ezp_status_sidebox_zen` (`status_sidebox`),  KEY `idx_ezp_status_footer_zen` (`status_footer`),  KEY `idx_ezp_status_toc_zen` (`status_toc`)) ENGINE=MyISAM AUTO_INCREMENT=16 DEFAULT CHARSET=utf8
INSERT INTO ezpages VALUES('1','1','Home','./','','','1','0','0','0','1','0','0','10','0','0','10')
INSERT INTO ezpages VALUES('2','1','Gifts','wholesale-gifts-and-party-supplies_c23','','','1','0','0','0','5','0','0','30','0','0','10')
INSERT INTO ezpages VALUES('3','1','About us','about_us.html','','&nbsp;','0','1','1','0','0','1','1','40','0','0','10')
INSERT INTO ezpages VALUES('4','1','Contact us','contact_us.html','','','0','1','1','0','0','2','2','0','0','0','0')
INSERT INTO ezpages VALUES('5','1','Affiliate Program','affiliate.html','','','0','1','1','0','0','7','7','0','0','0','0')
INSERT INTO ezpages VALUES('6','1','Term of use','term_of_use.html','','','0','1','1','0','50','4','4','0','0','0','0')
INSERT INTO ezpages VALUES('7','1','My Account','index.php?main_page=account','','','0','0','0','0','0','0','10','0','0','1','0')
INSERT INTO ezpages VALUES('8','1','Site Map','site_map.html','','&nbsp;','0','1','1','0','0','3','3','0','0','0','0')
INSERT INTO ezpages VALUES('9','1','wholesale','wholesale.html','','','1','0','0','0','2','0','40','0','0','0','0')
INSERT INTO ezpages VALUES('10','1','Dropship','shippinginfo.html','','&nbsp;','1','0','0','0','3','0','0','0','0','0','0')
INSERT INTO ezpages VALUES('11','1','Reviews','reviews.html','','','0','1','1','0','0','6','6','0','0','0','0')
INSERT INTO ezpages VALUES('12','1','寻求供应商','supplier.html','','','0','1','1','0','0','60','60','0','0','0','0')
INSERT INTO ezpages VALUES('13','1','Privacy notice','privacy.html','','','0','1','1','0','0','5','5','0','0','0','0')
INSERT INTO ezpages VALUES('14','1','See All','see_all.html','','&nbsp;','1','0','0','0','4','0','0','20','0','0','10')
INSERT INTO ezpages VALUES('15','1','blog','blog/','','','1','0','0','0','6','0','0','0','0','0','0')
DROP TABLE IF EXISTS faq_categories
CREATE TABLE `faq_categories` (  `faq_categories_id` int(11) NOT NULL auto_increment,  `faq_categories_image` varchar(64) default NULL,  `parent_id` int(11) NOT NULL default '0',  `sort_order` int(3) default NULL,  `date_added` datetime default NULL,  `last_modified` datetime default NULL,  `faq_categories_status` tinyint(1) NOT NULL default '1',  PRIMARY KEY  (`faq_categories_id`),  KEY `idx_faq_categories_parent_id` (`parent_id`),  KEY `idx_sort_order` (`sort_order`)) ENGINE=MyISAM AUTO_INCREMENT=19 DEFAULT CHARSET=utf8
INSERT INTO faq_categories VALUES('1','','0','1','2008-07-30 16:50:03','','1')
INSERT INTO faq_categories VALUES('2','','0','2','2008-07-30 16:50:15','','1')
INSERT INTO faq_categories VALUES('3','','0','3','2008-07-30 16:50:28','','1')
INSERT INTO faq_categories VALUES('4','','0','4','2008-07-30 16:50:53','','1')
INSERT INTO faq_categories VALUES('6','','0','5','2008-07-30 16:51:15','2008-08-19 14:10:55','1')
INSERT INTO faq_categories VALUES('7','','0','6','2008-07-30 16:51:25','2008-08-19 14:11:03','1')
INSERT INTO faq_categories VALUES('8','','0','7','2008-07-30 16:52:19','2008-08-19 14:11:12','1')
INSERT INTO faq_categories VALUES('9','','0','16','2008-08-19 14:06:40','2008-08-19 14:07:27','1')
INSERT INTO faq_categories VALUES('10','','0','15','2008-08-19 14:07:20','','1')
INSERT INTO faq_categories VALUES('11','','0','14','2008-08-19 14:07:43','','1')
INSERT INTO faq_categories VALUES('12','','0','13','2008-08-19 14:07:56','','1')
INSERT INTO faq_categories VALUES('13','','0','12','2008-08-19 14:08:09','','1')
INSERT INTO faq_categories VALUES('14','','0','11','2008-08-19 14:08:20','','1')
INSERT INTO faq_categories VALUES('15','','0','10','2008-08-19 14:08:34','','1')
INSERT INTO faq_categories VALUES('16','','0','9','2008-08-19 14:08:52','','1')
INSERT INTO faq_categories VALUES('17','','0','8','2008-08-19 14:11:24','','1')
DROP TABLE IF EXISTS faq_categories_description
CREATE TABLE `faq_categories_description` (  `faq_categories_id` int(11) NOT NULL default '0',  `language_id` int(11) NOT NULL default '1',  `faq_categories_name` varchar(32) NOT NULL default '',  `faq_categories_description` text NOT NULL,  PRIMARY KEY  (`faq_categories_id`,`language_id`),  KEY `idx_faq_categories_name` (`faq_categories_name`)) ENGINE=MyISAM DEFAULT CHARSET=utf8
INSERT INTO faq_categories_description VALUES('1','1','FAQ','111111111')
INSERT INTO faq_categories_description VALUES('2','1','Payment Methods','asdfasd')
INSERT INTO faq_categories_description VALUES('3','1','New user--guide','123123')
INSERT INTO faq_categories_description VALUES('4','1','Shipping & Delivery','asdfasdf<br />')
INSERT INTO faq_categories_description VALUES('17','1','Troubleshooting','')
INSERT INTO faq_categories_description VALUES('6','1','Extra discount','123123')
INSERT INTO faq_categories_description VALUES('7','1','After sale Questions','asdfasdf')
INSERT INTO faq_categories_description VALUES('8','1','Products questions','asdfasd')
INSERT INTO faq_categories_description VALUES('9','1','Car Accessories FAQ','')
INSERT INTO faq_categories_description VALUES('10','1','Lightinthebox Policies & Ter','')
INSERT INTO faq_categories_description VALUES('11','1','Affiliates Programme','')
INSERT INTO faq_categories_description VALUES('12','1','Can I Get Extra Discount','')
INSERT INTO faq_categories_description VALUES('13','1','Checking Your Order','')
INSERT INTO faq_categories_description VALUES('14','1','Guarantee & Warranty','')
INSERT INTO faq_categories_description VALUES('15','1','Taxes,Customs & Duties','')
INSERT INTO faq_categories_description VALUES('16','1','How To Drop-ship With Lightinthe','')
DROP TABLE IF EXISTS faq_reviews
CREATE TABLE `faq_reviews` (  `reviews_id` int(11) NOT NULL auto_increment,  `faqs_id` int(11) NOT NULL default '0',  `customers_id` int(11) default NULL,  `customers_name` varchar(64) NOT NULL default '',  `reviews_rating` int(1) default NULL,  `date_added` datetime default NULL,  `last_modified` datetime default NULL,  `reviews_read` int(5) NOT NULL default '0',  `status` int(1) NOT NULL default '1',  PRIMARY KEY  (`reviews_id`)) ENGINE=MyISAM DEFAULT CHARSET=utf8
DROP TABLE IF EXISTS faq_reviews_description
CREATE TABLE `faq_reviews_description` (  `reviews_id` int(11) NOT NULL default '0',  `languages_id` int(11) NOT NULL default '0',  `reviews_text` text NOT NULL,  PRIMARY KEY  (`reviews_id`,`languages_id`)) ENGINE=MyISAM DEFAULT CHARSET=utf8
DROP TABLE IF EXISTS faq_type_layout
CREATE TABLE `faq_type_layout` (  `configuration_id` int(11) NOT NULL auto_increment,  `configuration_title` text NOT NULL,  `configuration_key` varchar(255) NOT NULL default '',  `configuration_value` text NOT NULL,  `configuration_description` text NOT NULL,  `faq_type_id` int(11) NOT NULL default '0',  `sort_order` int(5) default NULL,  `last_modified` datetime default NULL,  `date_added` datetime NOT NULL default '0001-01-01 00:00:00',  `use_function` text,  `set_function` text,  PRIMARY KEY  (`configuration_id`)) ENGINE=MyISAM DEFAULT CHARSET=utf8
DROP TABLE IF EXISTS faq_types
CREATE TABLE `faq_types` (  `type_id` int(11) NOT NULL auto_increment,  `type_name` varchar(255) NOT NULL default '',  `type_handler` varchar(255) NOT NULL default '',  `type_master_type` int(11) NOT NULL default '1',  `allow_add_to_cart` char(1) NOT NULL default 'Y',  `default_image` varchar(255) NOT NULL default '',  `date_added` datetime NOT NULL default '0001-01-01 00:00:00',  `last_modified` datetime NOT NULL default '0001-01-01 00:00:00',  PRIMARY KEY  (`type_id`)) ENGINE=MyISAM AUTO_INCREMENT=2 DEFAULT CHARSET=utf8
INSERT INTO faq_types VALUES('1','FAQ - General','faq','1','N','','2008-07-30 16:43:43','0000-00-00 00:00:00')
DROP TABLE IF EXISTS faq_types_to_faq_category
CREATE TABLE `faq_types_to_faq_category` (  `faq_type_id` int(11) NOT NULL default '0',  `faq_category_id` int(11) NOT NULL default '0') ENGINE=MyISAM DEFAULT CHARSET=utf8
DROP TABLE IF EXISTS faqs
CREATE TABLE `faqs` (  `faqs_id` int(11) NOT NULL auto_increment,  `faqs_type` int(11) NOT NULL default '1',  `faqs_image` varchar(64) default NULL,  `faqs_date_added` datetime NOT NULL default '0001-01-01 00:00:00',  `faqs_last_modified` datetime default NULL,  `faqs_status` tinyint(1) NOT NULL default '0',  `faqs_sort_order` int(11) NOT NULL default '0',  `master_faq_categories_id` int(11) NOT NULL default '0',  `faqs_helpful` int(3) default '0',  `faqs_nohelpful` int(3) default '0',  PRIMARY KEY  (`faqs_id`),  KEY `idx_faqs_date_added` (`faqs_date_added`)) ENGINE=MyISAM AUTO_INCREMENT=22 DEFAULT CHARSET=utf8
INSERT INTO faqs VALUES('1','1','','2008-08-08 18:34:41','2008-08-19 09:27:44','1','0','1','2','2')
INSERT INTO faqs VALUES('2','1','','2008-08-19 07:09:52','','1','0','3','0','0')
INSERT INTO faqs VALUES('3','1','','2008-08-19 09:26:24','2008-08-19 16:27:40','1','0','1','0','0')
INSERT INTO faqs VALUES('4','1','','2008-08-19 09:27:08','','1','0','1','0','0')
INSERT INTO faqs VALUES('5','1','','2008-08-19 09:39:56','','1','0','1','0','0')
INSERT INTO faqs VALUES('6','1','','2008-08-19 13:54:14','','1','0','1','0','0')
INSERT INTO faqs VALUES('8','1','','2008-08-20 12:03:54','2008-08-20 12:08:39','0','0','2','0','0')
INSERT INTO faqs VALUES('9','1','','2008-08-20 12:12:41','','2','0','1','0','0')
INSERT INTO faqs VALUES('10','1','','2008-08-20 12:14:37','','2','0','1','0','0')
INSERT INTO faqs VALUES('11','1','','2008-08-22 09:17:23','2008-08-26 15:07:33','1','0','1','0','0')
INSERT INTO faqs VALUES('12','1','','2008-08-26 14:59:42','2008-08-26 15:02:44','0','0','6','0','0')
INSERT INTO faqs VALUES('13','1','','2008-08-26 15:10:34','','2','0','1','0','0')
INSERT INTO faqs VALUES('14','1','','2008-08-26 15:11:03','','2','0','1','0','0')
INSERT INTO faqs VALUES('15','1','','2008-08-26 15:11:43','','2','0','1','0','0')
INSERT INTO faqs VALUES('16','1','','2008-08-26 15:13:22','','2','0','3','0','0')
INSERT INTO faqs VALUES('17','1','','2008-08-26 15:13:53','','2','0','9','0','0')
INSERT INTO faqs VALUES('18','1','','2008-11-30 07:39:52','','2','0','0','0','0')
INSERT INTO faqs VALUES('19','1','','2008-11-30 07:42:52','','2','0','6','0','0')
INSERT INTO faqs VALUES('20','1','','2008-12-01 01:50:21','','2','0','2','0','0')
INSERT INTO faqs VALUES('21','1','','2008-12-01 02:05:47','','2','0','1','0','0')
DROP TABLE IF EXISTS faqs_description
CREATE TABLE `faqs_description` (  `faqs_id` int(11) NOT NULL auto_increment,  `language_id` int(11) NOT NULL default '1',  `faqs_name` varchar(64) NOT NULL default '',  `faqs_description` text,  `faqs_answer` text,  `faqs_url` varchar(255) default NULL,  `faqs_contact_name` varchar(255) default NULL,  `faqs_contact_mail` varchar(255) default NULL,  `faqs_owner` varchar(11) default '0',  `faqs_viewed` int(5) default '0',  PRIMARY KEY  (`faqs_id`,`language_id`),  KEY `faqs_name` (`faqs_name`)) ENGINE=MyISAM AUTO_INCREMENT=22 DEFAULT CHARSET=utf8
INSERT INTO faqs_description VALUES('1','1','Can I Trust Lightinthebox?','If you have any doubts about importing from China, you\'re right to be cautious. Here\'s some key information about Lightinthebox to give you more confidence in starting out with your new China Wholesale supplier:\r\n\r\nLightinthebox is a wholesaler , based in the city of Beijing in Mainland China. Goods are shipped to worldwide by air freight and couriers such as DHL and UPS.\r\n\r\n\r\nWhat makes Lightinthebox different from other Chinese suppliers?\r\n\r\n-Unlike most Chinese export companies, there is no minimum order restriction. You can buy products in any order quantity - even 1 piece samples - from a wide selection of the latest released products. So you can test products and find out about the details of importing from Lightinthebox before you\'re committed to any large orders;\r\n\r\n-You can pay by credit card through Paypal, which offers total buyer protection and avoids having to share any of your financial information;\r\n\r\n-Dropshippers can send single items directly from Lightinthebox to their customers.\r\n\r\n-All the products you buy from Lightinthebox are covered by a 12 month guarantee, and are carefully inspected for quality before packing - which is one additional level of QA over and above what is done in the factory;\r\n\r\n-You\'re supported by friendly English speaking staff before and after placing an order, and you can get full product information and support even before purchasing;\r\n\r\n-Your goods are packed carefully, and the packages are correctly labelled and accompanied by all the paperwork that\'s needed for smooth clearance through your country\'s Customs.\r\n\r\n\r\nWhy you can trust Lightinthebox:\r\n\r\n-When you pay for orders on Lightinthebox you do not need to share any of your confidential financial details with Lightinthebox and you\'re protected by Paypal\'s money back guarantees;\r\n\r\n-Lightinthebox Wholesale Ltd is an officially registered company in Hong Kong;\r\n\r\n-The Lightinthebox website is certified \"Hacker Safe\" by Scanalert and is also verified by ValidatedSite.\r\n\r\n\r\nContacting Lightinthebox:\r\n\r\n- http://help.lightinthebox.com/ to view FAQs and submit help tickets (we aim to answer all tickets within 1 working days)\r\n- By phone: 1-650-384-0897 (US) ,you can call us anytime from monday to friday,14:00-08:00 GMT 8+ on saturday and sunday\r\n- you can also email cs@Lightinthebox.com directly','hi, Thks','www.baidu.com','','','','70')
INSERT INTO faqs_description VALUES('2','1','Does Lightinthebox Has MOQ?','Lightinthebox has no minimum order quantity, and we can ship single item samples or large orders worldwide.','','','','','0','9')
INSERT INTO faqs_description VALUES('3','1','Can An Order Be Made Without Using The Website?','<p>We prefer our customers to order through our website. You can place orders directly for the products you like.   However, if you want to order in other ways, or have questions about ordering, please contact our customer service representatives by live chat or call us at: 1-650-384-0897 (US)</p>','','','','','0','20')
INSERT INTO faqs_description VALUES('4','1','What If I Am Making A Large / Bulk Order?','We will provide you with personal customer service for large volume wholesale orders and discuss the shipping options fully.\r\n\r\nFor large volume order quotation,our VIP Customer Manager wish to serve you:\r\n\r\nMSN:\r\nJack@lightinthebox.com\r\nsarah@lightinthebox.com\r\n\r\nEmail:\r\nsales@lightinthebox.com(Sales Department)\r\nJack@lightinthebox.com\r\nsarah@lightinthebox.com','','','','','0','23')
INSERT INTO faqs_description VALUES('5','1','If I Order Products From Lightinthebox, How To Ship Them To Me?','\"If I order products from Lightinthebox, how to ship them to me? How much is the delivery?How can I trace my order?\r\n\r\nLightinthebox currently ships small and medium sized orders by international couriers.\r\n\r\nThe shipping rates can be previewed inside the Lightinthebox online shop system. On the products page,you just need to click on the \"Estimate Shipping Costs\",and then choose the country you want to ship to,Shipping fee will be estimated by system automaticly.\r\n\r\n \r\n\r\n*How can I trace my order?\r\n\r\nOnce your order is shipped, you will receive an email from us. In this email, there should be tracking information for your packages as well as the website in which you could trace your order.\r\n\r\n \r\n\r\n*How Long Will It Take To Delivery?\r\n\r\nTotal delivery time is composed of two parts. The first part is the processing time.This is the time from when your payment is received to when we gather up all the items and pack them. The second part is the actual shipping time. This is the time that it takes for the package to be delivered by the couriers to the destination. Standard shipping normally takes 7-10 days, and express shipping normally takes 2-4 days. Processing takes 1-2 days normally.\r\n\r\n\r\n* Are the packages insured?\r\nShipping with couriers is insured and trackable online. Once your goods are sent out we will email you with a tracking number so you can trace your delivery.\r\n\r\nWhen you checkour your order,you can Add Shipping Insurance to your order .............................................. US$ 1.99\r\n\r\nWe offer Shipping Insurance US$ 1.99 to protect your package against any lost or damaged shipments. Any missing issues reported, we will reship your order immediately.','','','','','0','10')
INSERT INTO faqs_description VALUES('6','1','Payment Methods Accepted','<div class=\"part7_part3\">There are three ways in which you can pay for your Lightinthebox.com orders:<br /> \r\n<ul>\r\n<li><strong>PayPal </strong></li>\r\n<li><strong>Western Union </strong></li>\r\n<li><strong>Wire Transfer</strong><br /> </li>\r\n</ul>\r\n</div>\r\n<div class=\"part7_part4\"><br /></div>\r\n<div class=\"part7_part4 text12 text_bold\"><strong>Paying with PayPal</strong></div>\r\n<div class=\"part7_part4 text11\"><ol>\r\n<li>With PayPal, you can send payment quickly and securely online. </li>\r\n<li>Through PayPal, you can pay with credit card, debit card, or bank account balance. </li>\r\n<li>Once your order is submitted, you will be redirected to PayPal\'s site where you could make the payment. </li>\r\n</ol></div>\r\n<div class=\"part7_part4 text11\">Advantages with using PayPal:</div>\r\n<div class=\"part7_part3\">\r\n<ul>\r\n<li>Payment is traceable. You can trace the status of your payment using your PayPal account. </li>\r\n<li>Payment 	does not require you to use your credit card online (you can transfer 	directly from your bank account). Lightinthebox doesn\'t see your credit 	card number (it is safely encrypted through PayPal\'s server), which 	limits the risk of unauthorized use. </li>\r\n<li>The location the seller is shipping to (also call the destination country or region).<br /> <br /> <br /> </li>\r\n</ul>\r\n</div>\r\n<div class=\"part7_part4 text12 text_bold\"><strong>Paying with Western Union:</strong><br /> <br /></div>\r\n<div class=\"part7_part4 text11\">We are also happy to accept Western Union payment for most orders. Due to the timeliness and convenience of the payment for us, we offer a 7% discount to the total of your order (shipping included).</div>\r\n<div class=\"part7_part4 text11\">For Western Union payments</div>\r\n<div class=\"part7_part3\">\r\n<ul>\r\n<li>Beneficiary: MEI LI </li>\r\n<li>First Name: MEI </li>\r\n<li>Last Name: LI </li>\r\n<li>Country: CHINA </li>\r\n<li>Address: Room 717, Huaheng Tower, Xidan, Xicheng District, Beijing, PR China, 100032 </li>\r\n</ul>\r\n</div>\r\n<div class=\"part7_part4\"><span class=\"text_bold\">IMPORTANT NOTICE</span>: Please email your ORDER NUMBER, WESTERN UNION CONTROL NUMBER, ORDER AMOUNT, SENDER\'S FIRST and LAST NAME, SENDER\'S ADDRESS and COUNTRY, and SENDER\'S PHONE NUMBER to: westernunion@lightinthebox.com after you send payment through Western Union.<br /> <br /></div>\r\n<div class=\"part7_part4 text12 text_bold\">Paying with Wire Transfer:</div>\r\n<div class=\"part7_part4 text11\">We are also happy to accept Wire Transfer payment for most orders.<br /> <strong><br /> For Wire Transfer payments<br /> <br /> </strong></div>\r\n<div class=\"part7_part3\">\r\n<ul>\r\n<li>Name: Yang Yu </li>\r\n<li>Account Number: 3219508 </li>\r\n<li>Bank Name: China Merchants Bank Hong Kong Branch </li>\r\n<li>Bank Code: 238 </li>\r\n<li>Branch Code: 860 </li>\r\n<li>Swift Code: CMBCHKHH </li>\r\n<li>Bank Address: 21 Floor Bank Of America Tower, 12 Harcourt Road, Central, Hong Kong<br /> <br /> </li>\r\n</ul>\r\n</div>\r\n<div><span class=\"text_bold\"><strong>IMPORTANT NOTICE</strong></span>: Please email your ORDER NUMBER, ORDER AMOUNT, SENDER\'S FIRST and LAST NAME, SENDER\'S ADDRESS and COUNTRY, and SENDER\'S PHONE NUMBER to:cs@lightinthebox.com after you send payment through Wire Transfer.</div>','','','','','0','4')
INSERT INTO faqs_description VALUES('8','1','asdfasdf','<p>sdfsdfsdfsdfsdf</p>','','','','','','0')
INSERT INTO faqs_description VALUES('9','1','wolfregion','write a inquiry','','','ddddd','showq@qq.com','','0')
INSERT INTO faqs_description VALUES('10','1','sdfsdf','sdfsdf','','','sadfasd','sdf@126.com','','0')
INSERT INTO faqs_description VALUES('11','1','asdjlsss','<p>ssssss</p>','','','','','','1')
INSERT INTO faqs_description VALUES('12','1','wo want macbook','hello i want to netbook','','','wolfregion','showq@qq.com','','0')
INSERT INTO faqs_description VALUES('13','1','liuyanjun','hi ,my friends','','','wolfregion','showq@qq.com','','0')
INSERT INTO faqs_description VALUES('14','1','wolfregion','hi ,my friends','','','wolfregion','liuyanjun','','0')
INSERT INTO faqs_description VALUES('15','1','fkjalskdjflk','jsakdfjl','','','wolfregion','ljalksjdflkj','','0')
INSERT INTO faqs_description VALUES('16','1','fkjaslkjdflkj','asdkfalksdf','','','sadfaksdjfk','jflkjakjsdflkj','','0')
INSERT INTO faqs_description VALUES('17','1','kfjlakjsdlkfj','asdfjlkajsdlf','','','asdfkjakjsflkj','lkfjlkajsdlkfjl','','0')
INSERT INTO faqs_description VALUES('18','1','','','','','sfsdf','sdfdsf','','0')
INSERT INTO faqs_description VALUES('19','1','qwewqe','asdasd','','','wafsaf','asfdsad','','0')
INSERT INTO faqs_description VALUES('20','1','qwewqewq','qwwdswd','','','1111','ewe@12.com','','0')
INSERT INTO faqs_description VALUES('21','1','qq','qq','','','qqq','qqq@163.com','','0')
DROP TABLE IF EXISTS faqs_to_faq_categories
CREATE TABLE `faqs_to_faq_categories` (  `faqs_id` int(11) NOT NULL default '0',  `faq_categories_id` int(11) NOT NULL default '0',  PRIMARY KEY  (`faqs_id`,`faq_categories_id`)) ENGINE=MyISAM DEFAULT CHARSET=utf8
INSERT INTO faqs_to_faq_categories VALUES('1','1')
INSERT INTO faqs_to_faq_categories VALUES('2','3')
INSERT INTO faqs_to_faq_categories VALUES('3','1')
INSERT INTO faqs_to_faq_categories VALUES('4','1')
INSERT INTO faqs_to_faq_categories VALUES('5','1')
INSERT INTO faqs_to_faq_categories VALUES('6','1')
INSERT INTO faqs_to_faq_categories VALUES('8','2')
INSERT INTO faqs_to_faq_categories VALUES('9','1')
INSERT INTO faqs_to_faq_categories VALUES('10','1')
INSERT INTO faqs_to_faq_categories VALUES('11','1')
INSERT INTO faqs_to_faq_categories VALUES('12','6')
INSERT INTO faqs_to_faq_categories VALUES('13','1')
INSERT INTO faqs_to_faq_categories VALUES('14','1')
INSERT INTO faqs_to_faq_categories VALUES('15','1')
INSERT INTO faqs_to_faq_categories VALUES('16','3')
INSERT INTO faqs_to_faq_categories VALUES('17','9')
INSERT INTO faqs_to_faq_categories VALUES('18','0')
INSERT INTO faqs_to_faq_categories VALUES('19','6')
INSERT INTO faqs_to_faq_categories VALUES('20','2')
INSERT INTO faqs_to_faq_categories VALUES('21','1')
DROP TABLE IF EXISTS featured
CREATE TABLE `featured` (  `featured_id` int(11) NOT NULL auto_increment,  `products_id` int(11) NOT NULL default '0',  `featured_date_added` datetime default NULL,  `featured_last_modified` datetime default NULL,  `expires_date` date NOT NULL default '0001-01-01',  `date_status_change` datetime default NULL,  `status` int(1) NOT NULL default '1',  `featured_date_available` date NOT NULL default '0001-01-01',  `sort_order` int(11) NOT NULL default '0',  PRIMARY KEY  (`featured_id`),  KEY `idx_status_zen` (`status`),  KEY `idx_products_id_zen` (`products_id`),  KEY `idx_date_avail_zen` (`featured_date_available`),  KEY `idx_expires_date_zen` (`expires_date`)) ENGINE=MyISAM AUTO_INCREMENT=18 DEFAULT CHARSET=utf8
INSERT INTO featured VALUES('1','34','2004-02-21 16:34:31','2004-02-21 16:34:31','0001-01-01','2004-02-21 16:34:31','1','0001-01-01','0')
INSERT INTO featured VALUES('2','8','2004-02-21 17:04:54','2004-02-21 22:31:52','2004-02-27','2004-04-25 22:50:50','0','2004-02-21','0')
INSERT INTO featured VALUES('11','182','2008-08-05 09:23:39','','0001-01-01','','1','0001-01-01','0')
INSERT INTO featured VALUES('4','27','2004-02-21 22:30:53','','0001-01-01','','1','0001-01-01','0')
INSERT INTO featured VALUES('12','180','2008-08-13 17:04:42','','0001-01-01','','1','0001-01-01','0')
INSERT INTO featured VALUES('13','105','2008-08-13 17:04:48','','0001-01-01','','1','0001-01-01','0')
INSERT INTO featured VALUES('14','44','2008-08-13 17:04:53','','0001-01-01','','1','0001-01-01','0')
INSERT INTO featured VALUES('15','24','2008-08-13 17:04:59','','0001-01-01','','1','0001-01-01','0')
INSERT INTO featured VALUES('16','11','2008-08-13 17:05:08','','0001-01-01','','1','0001-01-01','0')
INSERT INTO featured VALUES('17','29','2008-08-13 17:05:14','','0001-01-01','','1','0001-01-01','0')
DROP TABLE IF EXISTS files_uploaded
CREATE TABLE `files_uploaded` (  `files_uploaded_id` int(11) NOT NULL auto_increment,  `sesskey` varchar(32) default NULL,  `customers_id` int(11) default NULL,  `files_uploaded_name` varchar(64) NOT NULL default '',  PRIMARY KEY  (`files_uploaded_id`),  KEY `idx_customers_id_zen` (`customers_id`)) ENGINE=MyISAM DEFAULT CHARSET=utf8 COMMENT='Must always have either a sesskey or customers_id'
DROP TABLE IF EXISTS geo_zones
CREATE TABLE `geo_zones` (  `geo_zone_id` int(11) NOT NULL auto_increment,  `geo_zone_name` varchar(32) NOT NULL default '',  `geo_zone_description` varchar(255) NOT NULL default '',  `last_modified` datetime default NULL,  `date_added` datetime NOT NULL default '0001-01-01 00:00:00',  PRIMARY KEY  (`geo_zone_id`)) ENGINE=MyISAM AUTO_INCREMENT=21 DEFAULT CHARSET=utf8
INSERT INTO geo_zones VALUES('1','Florida','Florida local sales tax zone','','2008-07-20 12:06:20')
INSERT INTO geo_zones VALUES('20','International','All Countries/Zones','','2007-12-30 20:26:59')
DROP TABLE IF EXISTS get_terms_to_filter
CREATE TABLE `get_terms_to_filter` (  `get_term_name` varchar(255) NOT NULL default '',  `get_term_table` varchar(64) NOT NULL,  `get_term_name_field` varchar(64) NOT NULL,  PRIMARY KEY  (`get_term_name`)) ENGINE=MyISAM DEFAULT CHARSET=utf8
INSERT INTO get_terms_to_filter VALUES('manufacturers_id','TABLE_MANUFACTURERS','manufacturers_name')
INSERT INTO get_terms_to_filter VALUES('music_genre_id','TABLE_MUSIC_GENRE','music_genre_name')
INSERT INTO get_terms_to_filter VALUES('record_company_id','TABLE_RECORD_COMPANY','record_company_name')
DROP TABLE IF EXISTS google_checkout
CREATE TABLE `google_checkout` (  `customers_id` int(11) default NULL,  `buyer_id` bigint(20) default NULL) ENGINE=MyISAM DEFAULT CHARSET=utf8
DROP TABLE IF EXISTS google_orders
CREATE TABLE `google_orders` (  `orders_id` int(11) default NULL,  `google_order_number` bigint(20) default NULL,  `order_amount` decimal(15,4) default NULL) ENGINE=MyISAM DEFAULT CHARSET=utf8
DROP TABLE IF EXISTS group_pricing
CREATE TABLE `group_pricing` (  `group_id` int(11) NOT NULL auto_increment,  `group_name` varchar(32) NOT NULL default '',  `group_percentage` decimal(5,2) NOT NULL default '0.00',  `last_modified` datetime default NULL,  `date_added` datetime NOT NULL default '0001-01-01 00:00:00',  PRIMARY KEY  (`group_id`)) ENGINE=MyISAM AUTO_INCREMENT=2 DEFAULT CHARSET=utf8
INSERT INTO group_pricing VALUES('1','Group 10','10.00','2008-07-30 16:11:41','2004-04-29 00:21:04')
DROP TABLE IF EXISTS languages
CREATE TABLE `languages` (  `languages_id` int(11) NOT NULL auto_increment,  `name` varchar(32) NOT NULL default '',  `code` char(2) NOT NULL default '',  `image` varchar(64) default NULL,  `directory` varchar(32) default NULL,  `sort_order` int(3) default NULL,  PRIMARY KEY  (`languages_id`),  KEY `idx_languages_name_zen` (`name`)) ENGINE=MyISAM AUTO_INCREMENT=2 DEFAULT CHARSET=utf8
INSERT INTO languages VALUES('1','English','en','icon.gif','english','1')
DROP TABLE IF EXISTS layout_boxes
CREATE TABLE `layout_boxes` (  `layout_id` int(11) NOT NULL auto_increment,  `layout_template` varchar(64) NOT NULL default '',  `layout_box_name` varchar(64) NOT NULL default '',  `layout_box_status` tinyint(1) NOT NULL default '0',  `layout_box_location` tinyint(1) NOT NULL default '0',  `layout_box_sort_order` int(11) NOT NULL default '0',  `layout_box_sort_order_single` int(11) NOT NULL default '0',  `layout_box_status_single` tinyint(4) NOT NULL default '0',  PRIMARY KEY  (`layout_id`),  KEY `idx_name_template_zen` (`layout_template`,`layout_box_name`),  KEY `idx_layout_box_status_zen` (`layout_box_status`),  KEY `idx_layout_box_sort_order_zen` (`layout_box_sort_order`)) ENGINE=MyISAM AUTO_INCREMENT=131 DEFAULT CHARSET=utf8
INSERT INTO layout_boxes VALUES('1','default_template_settings','banner_box_all.php','1','1','5','0','0')
INSERT INTO layout_boxes VALUES('2','default_template_settings','banner_box.php','1','0','300','1','127')
INSERT INTO layout_boxes VALUES('3','default_template_settings','banner_box2.php','1','1','15','1','15')
INSERT INTO layout_boxes VALUES('4','default_template_settings','best_sellers.php','1','1','30','70','1')
INSERT INTO layout_boxes VALUES('5','default_template_settings','categories.php','1','0','10','10','1')
INSERT INTO layout_boxes VALUES('6','default_template_settings','currencies.php','1','1','80','60','1')
INSERT INTO layout_boxes VALUES('7','default_template_settings','document_categories.php','1','0','0','0','0')
INSERT INTO layout_boxes VALUES('8','default_template_settings','ezpages.php','1','1','-1','2','1')
INSERT INTO layout_boxes VALUES('9','default_template_settings','featured.php','1','0','45','0','0')
INSERT INTO layout_boxes VALUES('10','default_template_settings','information.php','1','0','50','40','1')
INSERT INTO layout_boxes VALUES('11','default_template_settings','languages.php','1','1','70','50','1')
INSERT INTO layout_boxes VALUES('12','default_template_settings','manufacturers.php','1','0','30','20','1')
INSERT INTO layout_boxes VALUES('13','default_template_settings','manufacturer_info.php','1','1','35','95','1')
INSERT INTO layout_boxes VALUES('14','default_template_settings','more_information.php','1','0','200','200','1')
INSERT INTO layout_boxes VALUES('15','default_template_settings','music_genres.php','1','1','0','0','0')
INSERT INTO layout_boxes VALUES('16','default_template_settings','order_history.php','1','1','0','0','0')
INSERT INTO layout_boxes VALUES('17','default_template_settings','product_notifications.php','1','1','55','85','1')
INSERT INTO layout_boxes VALUES('18','default_template_settings','record_companies.php','1','1','0','0','0')
INSERT INTO layout_boxes VALUES('19','default_template_settings','reviews.php','1','0','40','0','0')
INSERT INTO layout_boxes VALUES('20','default_template_settings','search.php','1','1','10','0','0')
INSERT INTO layout_boxes VALUES('21','default_template_settings','search_header.php','0','0','0','0','1')
INSERT INTO layout_boxes VALUES('22','default_template_settings','shopping_cart.php','1','1','20','30','1')
INSERT INTO layout_boxes VALUES('23','default_template_settings','specials.php','1','1','45','0','0')
INSERT INTO layout_boxes VALUES('24','default_template_settings','tell_a_friend.php','1','1','65','0','0')
INSERT INTO layout_boxes VALUES('25','default_template_settings','whats_new.php','1','0','20','0','0')
INSERT INTO layout_boxes VALUES('26','default_template_settings','whos_online.php','1','1','200','200','1')
INSERT INTO layout_boxes VALUES('27','template_default','banner_box_all.php','1','1','5','0','0')
INSERT INTO layout_boxes VALUES('28','template_default','banner_box.php','1','0','300','1','127')
INSERT INTO layout_boxes VALUES('29','template_default','banner_box2.php','1','1','15','1','15')
INSERT INTO layout_boxes VALUES('30','template_default','best_sellers.php','1','1','30','70','1')
INSERT INTO layout_boxes VALUES('31','template_default','categories.php','1','0','10','10','1')
INSERT INTO layout_boxes VALUES('32','template_default','currencies.php','1','1','80','60','1')
INSERT INTO layout_boxes VALUES('33','template_default','ezpages.php','1','1','-1','2','1')
INSERT INTO layout_boxes VALUES('34','template_default','featured.php','1','0','45','0','0')
INSERT INTO layout_boxes VALUES('35','template_default','information.php','1','0','50','40','1')
INSERT INTO layout_boxes VALUES('36','template_default','languages.php','1','1','70','50','1')
INSERT INTO layout_boxes VALUES('37','template_default','manufacturers.php','1','0','30','20','1')
INSERT INTO layout_boxes VALUES('38','template_default','manufacturer_info.php','1','1','35','95','1')
INSERT INTO layout_boxes VALUES('39','template_default','more_information.php','1','0','200','200','1')
INSERT INTO layout_boxes VALUES('40','template_default','my_broken_box.php','1','0','0','0','0')
INSERT INTO layout_boxes VALUES('41','template_default','order_history.php','1','1','0','0','0')
INSERT INTO layout_boxes VALUES('42','template_default','product_notifications.php','1','1','55','85','1')
INSERT INTO layout_boxes VALUES('43','template_default','reviews.php','1','0','40','0','0')
INSERT INTO layout_boxes VALUES('44','template_default','search.php','1','1','10','0','0')
INSERT INTO layout_boxes VALUES('45','template_default','search_header.php','0','0','0','0','1')
INSERT INTO layout_boxes VALUES('46','template_default','shopping_cart.php','1','1','20','30','1')
INSERT INTO layout_boxes VALUES('47','template_default','specials.php','1','1','45','0','0')
INSERT INTO layout_boxes VALUES('48','template_default','tell_a_friend.php','1','1','65','0','0')
INSERT INTO layout_boxes VALUES('49','template_default','whats_new.php','1','0','20','0','0')
INSERT INTO layout_boxes VALUES('50','template_default','whos_online.php','1','1','200','200','1')
INSERT INTO layout_boxes VALUES('51','classic','banner_box.php','1','0','300','1','127')
INSERT INTO layout_boxes VALUES('52','classic','banner_box2.php','1','1','15','1','15')
INSERT INTO layout_boxes VALUES('53','classic','banner_box_all.php','1','1','5','0','0')
INSERT INTO layout_boxes VALUES('54','classic','best_sellers.php','1','1','30','70','1')
INSERT INTO layout_boxes VALUES('55','classic','categories.php','1','0','10','10','1')
INSERT INTO layout_boxes VALUES('56','classic','currencies.php','1','1','80','60','1')
INSERT INTO layout_boxes VALUES('57','classic','document_categories.php','1','0','0','0','0')
INSERT INTO layout_boxes VALUES('58','classic','ezpages.php','1','1','-1','2','1')
INSERT INTO layout_boxes VALUES('59','classic','featured.php','1','0','45','0','0')
INSERT INTO layout_boxes VALUES('60','classic','information.php','1','0','50','40','1')
INSERT INTO layout_boxes VALUES('61','classic','languages.php','1','1','70','50','1')
INSERT INTO layout_boxes VALUES('62','classic','manufacturers.php','1','0','30','20','1')
INSERT INTO layout_boxes VALUES('63','classic','manufacturer_info.php','1','1','35','95','1')
INSERT INTO layout_boxes VALUES('64','classic','more_information.php','1','0','200','200','1')
INSERT INTO layout_boxes VALUES('65','classic','music_genres.php','1','1','0','0','0')
INSERT INTO layout_boxes VALUES('66','classic','order_history.php','1','1','0','0','0')
INSERT INTO layout_boxes VALUES('67','classic','product_notifications.php','1','1','55','85','1')
INSERT INTO layout_boxes VALUES('68','classic','record_companies.php','1','1','0','0','0')
INSERT INTO layout_boxes VALUES('69','classic','reviews.php','1','0','40','0','0')
INSERT INTO layout_boxes VALUES('70','classic','search.php','1','1','10','0','0')
INSERT INTO layout_boxes VALUES('71','classic','search_header.php','0','0','0','0','1')
INSERT INTO layout_boxes VALUES('72','classic','shopping_cart.php','1','1','20','30','1')
INSERT INTO layout_boxes VALUES('73','classic','specials.php','1','1','45','0','0')
INSERT INTO layout_boxes VALUES('74','classic','tell_a_friend.php','1','1','65','0','0')
INSERT INTO layout_boxes VALUES('75','classic','whats_new.php','1','0','20','0','0')
INSERT INTO layout_boxes VALUES('76','classic','whos_online.php','1','1','200','200','1')
INSERT INTO layout_boxes VALUES('77','lightinthebox','banner_box.php','0','0','300','1','1')
INSERT INTO layout_boxes VALUES('78','lightinthebox','banner_box2.php','0','1','203','1','0')
INSERT INTO layout_boxes VALUES('79','lightinthebox','banner_box_all.php','0','1','205','0','0')
INSERT INTO layout_boxes VALUES('80','lightinthebox','best_sellers.php','1','1','1','70','1')
INSERT INTO layout_boxes VALUES('81','lightinthebox','categories.php','0','0','303','10','0')
INSERT INTO layout_boxes VALUES('82','lightinthebox','currencies.php','0','1','80','60','0')
INSERT INTO layout_boxes VALUES('83','lightinthebox','document_categories.php','0','0','0','0','0')
INSERT INTO layout_boxes VALUES('84','lightinthebox','ezpages.php','0','1','201','2','0')
INSERT INTO layout_boxes VALUES('85','lightinthebox','featured.php','0','0','45','0','1')
INSERT INTO layout_boxes VALUES('86','lightinthebox','information.php','0','0','302','40','0')
INSERT INTO layout_boxes VALUES('87','lightinthebox','languages.php','0','1','70','50','0')
INSERT INTO layout_boxes VALUES('88','lightinthebox','manufacturer_info.php','0','1','204','95','0')
INSERT INTO layout_boxes VALUES('89','lightinthebox','manufacturers.php','0','0','30','20','0')
INSERT INTO layout_boxes VALUES('90','lightinthebox','more_information.php','0','0','301','200','0')
INSERT INTO layout_boxes VALUES('91','lightinthebox','music_genres.php','0','1','0','0','0')
INSERT INTO layout_boxes VALUES('92','lightinthebox','order_history.php','1','1','3','0','0')
INSERT INTO layout_boxes VALUES('93','lightinthebox','product_notifications.php','1','1','55','85','1')
INSERT INTO layout_boxes VALUES('94','lightinthebox','record_companies.php','0','1','202','0','0')
INSERT INTO layout_boxes VALUES('95','lightinthebox','reviews.php','0','0','40','0','0')
INSERT INTO layout_boxes VALUES('96','lightinthebox','search.php','0','1','10','0','0')
INSERT INTO layout_boxes VALUES('97','lightinthebox','search_header.php','0','0','0','0','1')
INSERT INTO layout_boxes VALUES('98','lightinthebox','shopping_cart.php','0','1','20','30','0')
INSERT INTO layout_boxes VALUES('99','lightinthebox','specials.php','0','1','45','0','1')
INSERT INTO layout_boxes VALUES('100','lightinthebox','tell_a_friend.php','1','1','65','0','0')
INSERT INTO layout_boxes VALUES('101','lightinthebox','whats_new.php','0','0','20','0','0')
INSERT INTO layout_boxes VALUES('102','lightinthebox','whos_online.php','0','1','200','200','0')
INSERT INTO layout_boxes VALUES('103','lightinthebox','googletrans.php','1','0','7','3','0')
INSERT INTO layout_boxes VALUES('107','lightinthebox','customers_say.php','1','0','4','0','0')
INSERT INTO layout_boxes VALUES('106','lightinthebox','categories_css.php','1','0','1','0','0')
INSERT INTO layout_boxes VALUES('108','lightinthebox','popular_searches.php','1','0','2','0','0')
INSERT INTO layout_boxes VALUES('118','lightinthebox','related_categories.php','0','0','0','0','0')
INSERT INTO layout_boxes VALUES('111','lightinthebox','affiliate_sideboxes.php','1','0','5','0','0')
INSERT INTO layout_boxes VALUES('112','lightinthebox','flash_sidebox.php','0','0','7','0','1')
INSERT INTO layout_boxes VALUES('113','lightinthebox','dropdown_categories_css.php','0','0','0','0','0')
INSERT INTO layout_boxes VALUES('114','lightinthebox','faq_categories.php','1','1','2','0','0')
INSERT INTO layout_boxes VALUES('117','lightinthebox','subscribe.php','1','0','3','0','0')
INSERT INTO layout_boxes VALUES('116','lightinthebox','live_help.php','0','0','0','3','1')
INSERT INTO layout_boxes VALUES('119','lightinthebox','search_feedback.php','0','0','0','0','0')
INSERT INTO layout_boxes VALUES('120','lightinthebox','trustful.php','1','0','6','0','0')
INSERT INTO layout_boxes VALUES('121','lightinthebox','account_order_search.php','0','0','0','0','0')
INSERT INTO layout_boxes VALUES('122','lightinthebox','affiliate_login.php','0','0','0','0','0')
INSERT INTO layout_boxes VALUES('123','lightinthebox','box_contact_us.php','0','0','0','0','0')
INSERT INTO layout_boxes VALUES('124','lightinthebox','faq_categories_css.php','0','0','0','0','0')
INSERT INTO layout_boxes VALUES('125','lightinthebox','recently_sold.php','0','0','0','0','0')
INSERT INTO layout_boxes VALUES('126','lightinthebox','recently_viewed.php','0','0','0','0','0')
INSERT INTO layout_boxes VALUES('127','lightinthebox','recommendations.php','0','0','0','0','0')
INSERT INTO layout_boxes VALUES('128','lightinthebox','links_box.php','0','0','0','0','1')
INSERT INTO layout_boxes VALUES('129','lightinthebox','root_categories.php','0','0','0','0','0')
INSERT INTO layout_boxes VALUES('130','lightinthebox','search_categories.php','0','0','0','0','0')
DROP TABLE IF EXISTS link_categories
CREATE TABLE `link_categories` (  `link_categories_id` int(11) NOT NULL auto_increment,  `link_categories_image` varchar(64) default NULL,  `link_categories_sort_order` int(3) default NULL,  `link_categories_date_added` datetime default NULL,  `link_categories_last_modified` datetime default NULL,  `link_categories_status` tinyint(1) NOT NULL default '0',  PRIMARY KEY  (`link_categories_id`),  KEY `idx_link_categories_date_added` (`link_categories_date_added`)) ENGINE=MyISAM AUTO_INCREMENT=2 DEFAULT CHARSET=utf8
INSERT INTO link_categories VALUES('1','link_category/zencart.png','1','2008-09-28 12:14:40','','1')
DROP TABLE IF EXISTS link_categories_description
CREATE TABLE `link_categories_description` (  `link_categories_id` int(11) NOT NULL default '1',  `language_id` int(11) NOT NULL default '1',  `link_categories_name` varchar(40) NOT NULL default '',  `link_categories_description` text,  PRIMARY KEY  (`link_categories_id`,`language_id`),  KEY `idx_link_categories_name` (`link_categories_name`)) ENGINE=MyISAM DEFAULT CHARSET=utf8
INSERT INTO link_categories_description VALUES('1','1','Zen-Cart Development','')
DROP TABLE IF EXISTS links
CREATE TABLE `links` (  `links_id` int(11) NOT NULL auto_increment,  `links_url` varchar(255) default NULL,  `links_reciprocal_url` varchar(255) default NULL,  `links_image_url` varchar(255) default NULL,  `links_contact_name` varchar(64) default NULL,  `links_contact_email` varchar(96) default NULL,  `links_date_added` datetime NOT NULL default '0000-00-00 00:00:00',  `links_last_modified` datetime default NULL,  `links_status` tinyint(1) NOT NULL default '1',  `links_clicked` int(11) NOT NULL default '0',  `links_rating` tinyint(1) NOT NULL default '0',  PRIMARY KEY  (`links_id`),  KEY `idx_links_date_added` (`links_date_added`)) ENGINE=MyISAM AUTO_INCREMENT=3 DEFAULT CHARSET=utf8
INSERT INTO links VALUES('1','http://mysticmountainnaturals.com/testsite','http://mysticmountainnaturals.com/testsite','links_image/testsite.jpg','Clyde Jones','clydejones@hotmail.com','2008-09-28 12:14:40','','2','0','0')
INSERT INTO links VALUES('2','http://www.echineselearning.com','http://www.echineselearning.com','','admin','showq@qq.com','2008-09-28 13:05:00','','2','0','0')
DROP TABLE IF EXISTS links_description
CREATE TABLE `links_description` (  `links_id` int(11) NOT NULL auto_increment,  `language_id` int(11) NOT NULL default '1',  `links_title` varchar(64) NOT NULL default '',  `links_description` text,  PRIMARY KEY  (`links_id`,`language_id`),  KEY `links_title` (`links_title`)) ENGINE=MyISAM AUTO_INCREMENT=3 DEFAULT CHARSET=utf8
INSERT INTO links_description VALUES('1','1','Clyde\'s Test Site','Zen Cart&trade; concepts &amp; modifications')
INSERT INTO links_description VALUES('2','1','Learn Chinese online','http://www.echineselearning.com')
DROP TABLE IF EXISTS links_status
CREATE TABLE `links_status` (  `links_status_id` int(11) NOT NULL default '0',  `language_id` int(11) NOT NULL default '1',  `links_status_name` varchar(32) NOT NULL default '',  PRIMARY KEY  (`links_status_id`,`language_id`),  KEY `idx_links_status_name` (`links_status_name`)) ENGINE=MyISAM DEFAULT CHARSET=utf8
INSERT INTO links_status VALUES('1','1','Pending')
INSERT INTO links_status VALUES('2','1','Approved')
INSERT INTO links_status VALUES('3','1','Disabled')
DROP TABLE IF EXISTS links_to_link_categories
CREATE TABLE `links_to_link_categories` (  `links_id` int(11) NOT NULL auto_increment,  `link_categories_id` int(11) NOT NULL default '0',  PRIMARY KEY  (`links_id`,`link_categories_id`)) ENGINE=MyISAM AUTO_INCREMENT=3 DEFAULT CHARSET=utf8
INSERT INTO links_to_link_categories VALUES('1','1')
INSERT INTO links_to_link_categories VALUES('2','1')
DROP TABLE IF EXISTS manufacturers
CREATE TABLE `manufacturers` (  `manufacturers_id` int(11) NOT NULL auto_increment,  `manufacturers_name` varchar(32) NOT NULL default '',  `manufacturers_image` varchar(64) default NULL,  `date_added` datetime default NULL,  `last_modified` datetime default NULL,  PRIMARY KEY  (`manufacturers_id`),  KEY `idx_mfg_name_zen` (`manufacturers_name`)) ENGINE=MyISAM AUTO_INCREMENT=10 DEFAULT CHARSET=utf8
INSERT INTO manufacturers VALUES('1','Matrox','manufacturers/manufacturer_matrox.gif','2003-12-23 03:18:19','')
INSERT INTO manufacturers VALUES('2','Microsoft','manufacturers/manufacturer_microsoft.gif','2003-12-23 03:18:19','')
INSERT INTO manufacturers VALUES('3','Warner','manufacturers/manufacturer_warner.gif','2003-12-23 03:18:19','')
INSERT INTO manufacturers VALUES('4','Fox','manufacturers/manufacturer_fox.gif','2003-12-23 03:18:19','')
INSERT INTO manufacturers VALUES('5','Logitech','manufacturers/manufacturer_logitech.gif','2003-12-23 03:18:19','')
INSERT INTO manufacturers VALUES('6','Canon','manufacturers/manufacturer_canon.gif','2003-12-23 03:18:19','')
INSERT INTO manufacturers VALUES('7','Sierra','manufacturers/manufacturer_sierra.gif','2003-12-23 03:18:19','')
INSERT INTO manufacturers VALUES('8','GT Interactive','manufacturers/manufacturer_gt_interactive.gif','2003-12-23 03:18:19','')
INSERT INTO manufacturers VALUES('9','Hewlett Packard','manufacturers/manufacturer_hewlett_packard.gif','2003-12-23 03:18:19','')
DROP TABLE IF EXISTS manufacturers_info
CREATE TABLE `manufacturers_info` (  `manufacturers_id` int(11) NOT NULL default '0',  `languages_id` int(11) NOT NULL default '0',  `manufacturers_url` varchar(255) NOT NULL default '',  `url_clicked` int(5) NOT NULL default '0',  `date_last_click` datetime default NULL,  PRIMARY KEY  (`manufacturers_id`,`languages_id`)) ENGINE=MyISAM DEFAULT CHARSET=utf8
INSERT INTO manufacturers_info VALUES('1','1','http://www.matrox.com','0','')
INSERT INTO manufacturers_info VALUES('2','1','http://www.microsoft.com','0','')
INSERT INTO manufacturers_info VALUES('3','1','http://www.warner.com','0','')
INSERT INTO manufacturers_info VALUES('4','1','http://www.fox.com','0','')
INSERT INTO manufacturers_info VALUES('5','1','http://www.logitech.com','0','')
INSERT INTO manufacturers_info VALUES('6','1','http://www.canon.com','0','')
INSERT INTO manufacturers_info VALUES('7','1','http://www.sierra.com','0','')
INSERT INTO manufacturers_info VALUES('8','1','http://www.infogrames.com','0','')
INSERT INTO manufacturers_info VALUES('9','1','http://www.hewlettpackard.com','0','')
DROP TABLE IF EXISTS media_clips
CREATE TABLE `media_clips` (  `clip_id` int(11) NOT NULL auto_increment,  `media_id` int(11) NOT NULL default '0',  `clip_type` smallint(6) NOT NULL default '0',  `clip_filename` text NOT NULL,  `date_added` datetime NOT NULL default '0001-01-01 00:00:00',  `last_modified` datetime NOT NULL default '0001-01-01 00:00:00',  PRIMARY KEY  (`clip_id`),  KEY `idx_media_id_zen` (`media_id`),  KEY `idx_clip_type_zen` (`clip_type`)) ENGINE=MyISAM AUTO_INCREMENT=7 DEFAULT CHARSET=utf8
INSERT INTO media_clips VALUES('1','1','1','thehunter.mp3','2004-06-01 20:57:43','0000-00-00 00:00:00')
INSERT INTO media_clips VALUES('6','2','1','thehunter.mp3','2004-07-13 00:45:09','0000-00-00 00:00:00')
DROP TABLE IF EXISTS media_manager
CREATE TABLE `media_manager` (  `media_id` int(11) NOT NULL auto_increment,  `media_name` varchar(255) NOT NULL default '',  `last_modified` datetime NOT NULL default '0001-01-01 00:00:00',  `date_added` datetime NOT NULL default '0001-01-01 00:00:00',  PRIMARY KEY  (`media_id`),  KEY `idx_media_name_zen` (`media_name`)) ENGINE=MyISAM AUTO_INCREMENT=3 DEFAULT CHARSET=utf8
INSERT INTO media_manager VALUES('1','Russ Tippins - The Hunter','2004-06-01 20:57:43','2004-06-01 20:42:53')
INSERT INTO media_manager VALUES('2','Help!','2004-07-13 01:01:14','2004-07-12 17:57:45')
DROP TABLE IF EXISTS media_to_products
CREATE TABLE `media_to_products` (  `media_id` int(11) NOT NULL default '0',  `product_id` int(11) NOT NULL default '0',  KEY `idx_media_product_zen` (`media_id`,`product_id`)) ENGINE=MyISAM DEFAULT CHARSET=utf8
DROP TABLE IF EXISTS media_types
CREATE TABLE `media_types` (  `type_id` int(11) NOT NULL auto_increment,  `type_name` varchar(64) NOT NULL default '',  `type_ext` varchar(8) NOT NULL default '',  PRIMARY KEY  (`type_id`),  KEY `idx_type_name_zen` (`type_name`)) ENGINE=MyISAM AUTO_INCREMENT=2 DEFAULT CHARSET=utf8
INSERT INTO media_types VALUES('1','MP3','.mp3')
DROP TABLE IF EXISTS meta_tags_categories_description
CREATE TABLE `meta_tags_categories_description` (  `categories_id` int(11) NOT NULL,  `language_id` int(11) NOT NULL default '1',  `metatags_title` varchar(255) NOT NULL default '',  `metatags_keywords` text,  `metatags_description` text,  PRIMARY KEY  (`categories_id`,`language_id`)) ENGINE=MyISAM DEFAULT CHARSET=utf8
DROP TABLE IF EXISTS meta_tags_products_description
CREATE TABLE `meta_tags_products_description` (  `products_id` int(11) NOT NULL,  `language_id` int(11) NOT NULL default '1',  `metatags_title` varchar(255) NOT NULL default '',  `metatags_keywords` text,  `metatags_description` text,  PRIMARY KEY  (`products_id`,`language_id`)) ENGINE=MyISAM DEFAULT CHARSET=utf8
DROP TABLE IF EXISTS module_version_tracker
CREATE TABLE `module_version_tracker` (  `ID` int(10) NOT NULL auto_increment,  `module_code` varchar(255) NOT NULL,  `patch_level` int(10) NOT NULL,  `version_name` varchar(255) default NULL,  PRIMARY KEY  (`ID`),  UNIQUE KEY `module_code` (`module_code`)) ENGINE=MyISAM AUTO_INCREMENT=2 DEFAULT CHARSET=utf8
INSERT INTO module_version_tracker VALUES('1','ri_jaxs','1','Revision 185')
DROP TABLE IF EXISTS music_genre
CREATE TABLE `music_genre` (  `music_genre_id` int(11) NOT NULL auto_increment,  `music_genre_name` varchar(32) NOT NULL default '',  `date_added` datetime default NULL,  `last_modified` datetime default NULL,  PRIMARY KEY  (`music_genre_id`),  KEY `idx_music_genre_name_zen` (`music_genre_name`)) ENGINE=MyISAM AUTO_INCREMENT=3 DEFAULT CHARSET=utf8
INSERT INTO music_genre VALUES('1','Rock','2004-06-01 20:53:26','')
INSERT INTO music_genre VALUES('2','Jazz','2004-06-01 20:53:45','')
DROP TABLE IF EXISTS newsletters
CREATE TABLE `newsletters` (  `newsletters_id` int(11) NOT NULL auto_increment,  `title` varchar(255) NOT NULL default '',  `content` text NOT NULL,  `content_html` text NOT NULL,  `module` varchar(255) NOT NULL default '',  `date_added` datetime NOT NULL default '0001-01-01 00:00:00',  `date_sent` datetime default NULL,  `status` int(1) default NULL,  `locked` int(1) default '0',  PRIMARY KEY  (`newsletters_id`)) ENGINE=MyISAM DEFAULT CHARSET=utf8
DROP TABLE IF EXISTS nochex_apc_transactions
CREATE TABLE `nochex_apc_transactions` (  `nochex_apc_id` int(11) unsigned NOT NULL auto_increment,  `order_id` int(11) unsigned NOT NULL default '0',  `nc_transaction_id` varchar(30) NOT NULL,  `nc_transaction_date` varchar(100) NOT NULL,  `nc_to_email` varchar(255) NOT NULL,  `nc_from_email` varchar(255) NOT NULL,  `nc_order_id` varchar(255) NOT NULL,  `nc_custom` varchar(255) NOT NULL,  `nc_amount` decimal(9,2) NOT NULL,  `nc_security_key` varchar(255) NOT NULL,  `nc_status` varchar(15) NOT NULL,  `nochex_response` varchar(255) NOT NULL,  `last_modified` datetime NOT NULL default '0001-01-01 00:00:00',  `date_added` datetime NOT NULL default '0001-01-01 00:00:00',  `memo` text,  PRIMARY KEY  (`nochex_apc_id`),  KEY `idx_order_id_zen` (`order_id`)) ENGINE=MyISAM DEFAULT CHARSET=utf8
DROP TABLE IF EXISTS nochex_sessions
CREATE TABLE `nochex_sessions` (  `unique_id` int(11) NOT NULL auto_increment,  `session_id` text NOT NULL,  `saved_session` mediumblob NOT NULL,  `expiry` int(17) NOT NULL default '0',  PRIMARY KEY  (`unique_id`),  KEY `idx_session_id_zen` (`session_id`(36))) ENGINE=MyISAM DEFAULT CHARSET=utf8
DROP TABLE IF EXISTS orders
CREATE TABLE `orders` (  `orders_id` int(11) NOT NULL auto_increment,  `order_no` varchar(255) NOT NULL,  `customers_id` int(11) NOT NULL default '0',  `customers_name` varchar(64) NOT NULL default '',  `customers_company` varchar(64) default NULL,  `customers_street_address` varchar(64) NOT NULL default '',  `customers_suburb` varchar(32) default NULL,  `customers_city` varchar(32) NOT NULL default '',  `customers_postcode` varchar(10) NOT NULL default '',  `customers_state` varchar(32) default NULL,  `customers_country` varchar(32) NOT NULL default '',  `customers_telephone` varchar(32) NOT NULL default '',  `customers_email_address` varchar(96) NOT NULL default '',  `customers_address_format_id` int(5) NOT NULL default '0',  `delivery_name` varchar(64) NOT NULL default '',  `delivery_company` varchar(64) default NULL,  `delivery_street_address` varchar(64) NOT NULL default '',  `delivery_suburb` varchar(32) default NULL,  `delivery_city` varchar(32) NOT NULL default '',  `delivery_postcode` varchar(10) NOT NULL default '',  `delivery_phone` varchar(255) NOT NULL,  `delivery_state` varchar(32) default NULL,  `delivery_country` varchar(32) NOT NULL default '',  `delivery_address_format_id` int(5) NOT NULL default '0',  `billing_name` varchar(64) NOT NULL default '',  `billing_company` varchar(64) default NULL,  `billing_street_address` varchar(64) NOT NULL default '',  `billing_suburb` varchar(32) default NULL,  `billing_city` varchar(32) NOT NULL default '',  `billing_postcode` varchar(10) NOT NULL default '',  `billing_phone` varchar(255) NOT NULL,  `billing_state` varchar(32) default NULL,  `billing_country` varchar(32) NOT NULL default '',  `billing_address_format_id` int(5) NOT NULL default '0',  `payment_method` varchar(128) NOT NULL default '',  `payment_module_code` varchar(32) NOT NULL default '',  `shipping_method` varchar(128) NOT NULL default '',  `shipping_module_code` varchar(32) NOT NULL default '',  `coupon_code` varchar(32) NOT NULL default '',  `cc_type` varchar(20) default NULL,  `cc_owner` varchar(64) default NULL,  `cc_number` varchar(32) default NULL,  `cc_expires` varchar(4) default NULL,  `cc_cvv` blob,  `last_modified` datetime default NULL,  `date_purchased` datetime default NULL,  `orders_status` int(5) NOT NULL default '0',  `orders_date_finished` datetime default NULL,  `currency` char(3) default NULL,  `currency_value` decimal(14,6) default NULL,  `order_total` decimal(14,2) default NULL,  `order_tax` decimal(14,2) default NULL,  `paypal_ipn_id` int(11) NOT NULL default '0',  `ip_address` varchar(96) NOT NULL default '',  PRIMARY KEY  (`orders_id`),  KEY `idx_status_orders_cust_zen` (`orders_status`,`orders_id`,`customers_id`),  KEY `idx_date_purchased_zen` (`date_purchased`),  FULLTEXT KEY `idx_order_no` (`order_no`)) ENGINE=MyISAM AUTO_INCREMENT=28 DEFAULT CHARSET=utf8
INSERT INTO orders VALUES('6','2008090315114617','2','wolfregionasfd liuyanjuns','fasdfasdfasdf','sdfjaskdjflk','fafasdkfjl','kfasdf','fasdkfjalk','Alabama','United States','','showq@163.com','2','wolfregionasfd liuyanjuns','fasdfasdfasdf','sdfjaskdjflk','fafasdkfjl','kfasdf','fasdkfjalk','','Alabama','United States','2','wolfregionasfd liuyanjuns','fasdfasdfasdf','sdfjaskdjflk','fafasdkfjl','kfasdf','fasdkfjalk','','Alabama','United States','2','Check/Money Order','moneyorder','FREE SHIPPING! (Free Shipping Only)','freeshipper','','','','','','','2008-09-03 23:13:46','2008-09-03 23:11:46','4','','USD','1.000000','6420.00','420.00','0','127.0.0.1 - 127.0.0.1')
INSERT INTO orders VALUES('2','333','2','wolfregionasfd liuyanjuns','fasdfasdfasdf','sdfjaskdjflk','fafasdkfjl','kfasdf','fasdkfjalk','Alabama','United States','','showq@163.com','2','asdfa sdfasd','','fasdfasdfa','sdfasd','123123','asdfasd','','Alabama','United States','2','wolfregionasfd liuyanjuns','fasdfasdfasdf','sdfjaskdjflk','fafasdkfjl','kfasdf','fasdkfjalk','','Alabama','United States','2','Check/Money Order','moneyorder','Flat Rate (Best Way)','flat','','','','','','','','2008-08-22 17:14:55','1','','USD','1.000000','101.30','6.30','0','127.0.0.1 - 127.0.0.1')
INSERT INTO orders VALUES('5','200808291215291922','2','wolfregionasfd liuyanjuns','fasdfasdfasdf','sdfjaskdjflk','fafasdkfjl','kfasdf','fasdkfjalk','Alabama','United States','','showq@163.com','2','wolfregionasfd liuyanjuns','fasdfasdfasdf','sdfjaskdjflk','fafasdkfjl','kfasdf','fasdkfjalk','','Alabama','United States','2','wolfregionasfd liuyanjuns','fasdfasdfasdf','sdfjaskdjflk','fafasdkfjl','kfasdf','fasdkfjalk','','Alabama','United States','2','Check/Money Order','moneyorder','Flat Rate (Best Way)','flat','','','','','','','','2008-08-29 20:15:29','2','','EUR','0.741300','534.65','34.65','0','127.0.0.1 - 127.0.0.1')
INSERT INTO orders VALUES('4','444444','2','wolfregionasfd liuyanjuns','fasdfasdfasdf','sdfjaskdjflk','fafasdkfjl','kfasdf','fasdkfjalk','Alabama','United States','','showq@163.com','2','asdfa sdfasd','ssss','fasdfasdfa','sdfasd','123123','asdfasd','','Alabama','United States','2','asdfa sdfasd','ssss','fasdfasdfa','sdfasd','123123','asdfasd','','Alabama','United States','2','Check/Money Order','moneyorder','Per Item (Best Way)','item','','','','','','','','2008-08-27 14:09:30','3','','USD','1.000000','323.50','21.00','0','127.0.0.1 - 127.0.0.1')
INSERT INTO orders VALUES('7','2008090316043014','2','wolfregionasfd liuyanjuns','fasdfasdfasdf','sdfjaskdjflk','fafasdkfjl','kfasdf','fasdkfjalk','Alabama','United States','','showq@163.com','2','wolfregionasfd liuyanjuns','fasdfasdfasdf','sdfjaskdjflk','fafasdkfjl','kfasdf','fasdkfjalk','','Alabama','United States','2','wolfregionasfd liuyanjuns','fasdfasdfasdf','sdfjaskdjflk','fafasdkfjl','kfasdf','fasdkfjalk','','Alabama','United States','2','Check/Money Order','moneyorder','FREE SHIPPING! (Free Shipping Only)','freeshipper','','','','','','','','2008-09-04 00:04:30','1','','USD','1.000000','6420.00','420.00','0','127.0.0.1 - 127.0.0.1')
INSERT INTO orders VALUES('8','2008091015143419','2','wolfregionasfd liuyanjuns','fasdfasdfasdf','sdfjaskdjflk','fafasdkfjl','kfasdf','fasdkfjalk','Alabama','United States','','showq@163.com','2','wolfregionasfd liuyanjuns','fasdfasdfasdf','sdfjaskdjflk','fafasdkfjl','kfasdf','fasdkfjalk','','Alabama','United States','2','wolfregionasfd liuyanjuns','fasdfasdfasdf','sdfjaskdjflk','fafasdkfjl','kfasdf','fasdkfjalk','','Alabama','United States','2','Check/Money Order','moneyorder','Per Item (Best Way)','item','','','','','','','','2008-09-10 23:14:34','1','','USD','1.000000','314.94','20.44','0','127.0.0.1 - 127.0.0.1')
INSERT INTO orders VALUES('9','2008091105403616','2','wolfregionasfd liuyanjuns','fasdfasdfasdf','sdfjaskdjflk','fafasdkfjl','kfasdf','fasdkfjalk','Alabama','United States','','showq@163.com','2','wolfregionasfd liuyanjuns','fasdfasdfasdf','sdfjaskdjflk','fafasdkfjl','kfasdf','fasdkfjalk','','Alabama','United States','2','wolfregionasfd liuyanjuns','fasdfasdfasdf','sdfjaskdjflk','fafasdkfjl','kfasdf','fasdkfjalk','','Alabama','United States','2','Check/Money Order','moneyorder','FREE SHIPPING! (Free Shipping Only)','freeshipper','','','','','','','','2008-09-11 13:40:36','1','','USD','1.000000','267.50','17.50','0','127.0.0.1 - 127.0.0.1')
INSERT INTO orders VALUES('10','2008092802362818','2','wolfregion liuyanjun','','address line11','address line21','city','123463','Manitoba','Canada','1234414','showq@163.com','2','sfdf df','','sdfsdf','sdfsd','fsdfs','1234216788','','Alaska','United States','2','wolfregion liuyanjun','','address line11','address line21','city','123463','','Manitoba','Canada','2','Gift Certificate/Coupon','GV/DC','Standard <span class=\"red\">save 26%</span> (Shipping to US (1 x 13.00 kg ))','standard','','','','','','','','2008-09-28 10:36:28','1','','USD','1.000000','409.00','0.00','0','127.0.0.1 - 127.0.0.1')
INSERT INTO orders VALUES('11','2008092802423617','2','wolfregion liuyanjun','','address line11','address line21','city','123463','Manitoba','Canada','1234414','showq@163.com','2','sfdf df','','sdfsdf','sdfsd','fsdfs','1234216788','','Alaska','United States','2','wolfregion liuyanjun','','address line11','address line21','city','123463','','Manitoba','Canada','2','Gift Certificate/Coupon','GV/DC','Standard <span class=\"red\">save 26%</span> (Shipping to US (1 x 13.00 kg ))','standard','6666678890','','','','','','','2008-09-28 10:42:36','1','','USD','1.000000','193.00','0.00','0','127.0.0.1 - 127.0.0.1')
INSERT INTO orders VALUES('12','2008092806262812','2','wolfregion liuyanjun','','address line11','address line21','city','123463','Manitoba','Canada','1234414','showq@163.com','2','sfdf df','','sdfsdf','sdfsd','fsdfs','1234216788','','Alaska','United States','2','wolfregion liuyanjun','','address line11','address line21','city','123463','','Manitoba','Canada','2','Gift Certificate/Coupon','GV/DC','Standard <span class=\"red\">save 26%</span> (Shipping to US (1 x 13.00 kg ))','standard','','','','','','','','2008-09-28 14:26:28','1','','USD','1.000000','226.00','0.00','0','127.0.0.1 - 127.0.0.1')
INSERT INTO orders VALUES('13','2008092806593415','2','wolfregion liuyanjun','','address line11','address line21','city','123463','Manitoba','Canada','1234414','showq@163.com','2','sfdf df','','sdfsdf','sdfsd','fsdfs','1234216788','','Alaska','United States','2','wolfregion liuyanjun','','address line11','address line21','city','123463','','Manitoba','Canada','2','Western Union Order','westernunion','Expedited <span class=\"red\">save 36%</span> (Shipping to US (1 x 13.00 kg ))','expedited','','','','','','','','2008-09-28 14:59:34','1','','USD','1.000000','245.00','0.00','0','127.0.0.1 - 127.0.0.1')
INSERT INTO orders VALUES('14','2008092807051320','2','wolfregion liuyanjun','','address line11','address line21','city','123463','Manitoba','Canada','1234414','showq@163.com','2','sfdf df','','sdfsdf','sdfsd','fsdfs','1234216788','','Alaska','United States','2','wolfregion liuyanjun','','address line11','address line21','city','123463','','Manitoba','Canada','2','Western Union Order','westernunion','Expedited <span class=\"red\">save 36%</span> (Shipping to US (1 x 13.00 kg ))','expedited','','','','','','','','2008-09-28 15:05:13','1','','USD','1.000000','245.00','0.00','0','127.0.0.1 - 127.0.0.1')
INSERT INTO orders VALUES('15','2008092807061719','2','wolfregion liuyanjun','','address line11','address line21','city','123463','Manitoba','Canada','1234414','showq@163.com','2','sfdf df','','sdfsdf','sdfsd','fsdfs','1234216788','','Alaska','United States','2','wolfregion liuyanjun','','address line11','address line21','city','123463','','Manitoba','Canada','2','Western Union Order','westernunion','Expedited <span class=\"red\">save 36%</span> (Shipping to US (1 x 13.00 kg ))','expedited','','','','','','','','2008-09-28 15:06:17','1','','USD','1.000000','245.00','0.00','0','127.0.0.1 - 127.0.0.1')
INSERT INTO orders VALUES('16','2008092807181317','2','wolfregion liuyanjun','','address line11','address line21','city','123463','Manitoba','Canada','1234414','showq@163.com','2','sfdf df','','sdfsdf','sdfsd','fsdfs','1234216788','','Alaska','United States','2','wolfregion liuyanjun','','address line11','address line21','city','123463','','Manitoba','Canada','2','Western Union Order','westernunion','FREE SHIPPING! (Free Shipping Only)','freeshipper','','','','','','','','2008-09-28 15:18:13','1','','USD','1.000000','180.00','0.00','0','127.0.0.1 - 127.0.0.1')
INSERT INTO orders VALUES('17','2008092807222316','2','wolfregion liuyanjun','','address line11','address line21','city','123463','Manitoba','Canada','1234414','showq@163.com','2','fdfs dfs','','dfsdf','sdfsdf','sdfsdf','144123','','Federated States Of Micronesia','United States','2','wolfregion liuyanjun','','address line11','address line21','city','123463','','Manitoba','Canada','2','Western Union Order','westernunion','Standard <span class=\"red\">save 26%</span> (Shipping to US (1 x 13.00 kg ))','standard','','','','','','','','2008-09-28 15:22:23','1','','USD','1.000000','226.00','0.00','0','127.0.0.1 - 127.0.0.1')
INSERT INTO orders VALUES('18','2008092807242917','2','wolfregion liuyanjun','','address line11','address line21','city','123463','Manitoba','Canada','1234414','showq@163.com','2','sfdf df','','sdfsdf','sdfsd','fsdfs','1234216788','','Alaska','United States','2','wolfregion liuyanjun','','address line11','address line21','city','123463','','Manitoba','Canada','2','Western Union Order','westernunion','Standard <span class=\"red\">save 26%</span> (Shipping to US (1 x 13.00 kg ))','standard','','','','','','','','2008-09-28 15:24:29','1','','USD','1.000000','226.00','0.00','0','127.0.0.1 - 127.0.0.1')
INSERT INTO orders VALUES('19','2008092807263715','2','wolfregion liuyanjun','','address line11','address line21','city','123463','Manitoba','Canada','1234414','showq@163.com','2','sfdf df','','sdfsdf','sdfsd','fsdfs','1234216788','','Alaska','United States','2','wolfregion liuyanjun','','address line11','address line21','city','123463','','Manitoba','Canada','2','Western Union Order','westernunion','Standard <span class=\"red\">save 26%</span> (Shipping to US (1 x 13.00 kg ))','standard','','','','','','','','2008-09-28 15:26:37','1','','USD','1.000000','226.00','0.00','0','127.0.0.1 - 127.0.0.1')
INSERT INTO orders VALUES('20','2008092807303810','2','wolfregion liuyanjun','','address line11','address line21','city','123463','Manitoba','Canada','1234414','showq@163.com','2','sfdf df','','sdfsdf','sdfsd','fsdfs','1234216788','','Alaska','United States','2','wolfregion liuyanjun','','address line11','address line21','city','123463','','Manitoba','Canada','2','Western Union Order','westernunion','Standard <span class=\"red\">save 26%</span> (Shipping to US (1 x 83.00 kg ))','standard','','','','','','','','2008-09-28 15:30:38','1','','USD','1.000000','837.00','0.00','0','127.0.0.1 - 127.0.0.1')
INSERT INTO orders VALUES('21','2008092807331210','2','wolfregion liuyanjun','','address line11','address line21','city','123463','Manitoba','Canada','1234414','showq@163.com','2','sfdf df','','sdfsdf','sdfsd','fsdfs','12314','','California','United States','2','wolfregion liuyanjun','','address line11','address line21','city','123463','','Manitoba','Canada','2','Western Union Order','westernunion','Standard <span class=\"red\">save 26%</span> (Shipping to US (1 x 13.00 kg ))','standard','','','','','','','','2008-09-28 15:33:12','1','','USD','1.000000','226.00','0.00','0','127.0.0.1 - 127.0.0.1')
INSERT INTO orders VALUES('22','2008092807391013','2','wolfregion liuyanjun','','address line11','address line21','city','123463','Manitoba','Canada','1234414','showq@163.com','2','fdfs dfs','','dfsdf','sdfsdf','sdfsdf','144123','','Federated States Of Micronesia','United States','2','wolfregion liuyanjun','','address line11','address line21','city','123463','','Manitoba','Canada','2','Wire Transfer Payment','wire','Expedited <span class=\"red\">save 36%</span> (Shipping to US (1 x 13.00 kg ))','expedited','','','','','','','','2008-09-28 15:39:10','1','','USD','1.000000','245.00','0.00','0','127.0.0.1 - 127.0.0.1')
INSERT INTO orders VALUES('24','2008113020123610','16','ttt tretrtretr','','tewewretwtew','','tweteweet','445435435','','Viet Nam','4553534453','yaolian@foxmail.com','1','ttt tretrtretr','','tewewretwtew','','tweteweet','445435435','','','Viet Nam','1','ttt tretrtretr','','tewewretwtew','','tweteweet','445435435','','','Viet Nam','1','Western Union Order','westernunion','Standard <span class=\"red\">save 26%</span> (Shipping to VN (1 x 13.00 kg ))','standard','','','','','','','','2008-11-30 20:12:36','1','','USD','1.000000','304.00','0.00','0','219.134.64.250 - 219.134.64.250')
INSERT INTO orders VALUES('25','2008113021241811','17','abc abc','abc centre','adfdafs','','afdsfdsfds','2321','','Australia','32432432','jay@msn.com','1','abc abc','abc centre','adfdafs','','afdsfdsfds','2321','','','Australia','1','abc abc','abc centre','adfdafs','','afdsfdsfds','2321','','','Australia','1','Western Union Order','westernunion','Standard <span class=\"red\">save 26%</span> (Shipping to AU (1 x 13.00 kg ))','standard','','','','','','','','2008-11-30 21:24:18','1','','USD','1.000000','294.00','0.00','0','124.126.7.189 - 124.126.7.189')
INSERT INTO orders VALUES('26','2008120100151610','18','test adtest','','43lo, fdsl0odf','','dfo34','10240','Illinois','United States','230-430-3433','pepelu@tom.com','2','test adtest','','43lo, fdsl0odf','','dfo34','10240','','Illinois','United States','2','test adtest','','43lo, fdsl0odf','','dfo34','10240','','Illinois','United States','2','Western Union Order','westernunion','FREE SHIPPING! (Free Shipping Only)','freeshipper','','','','','','','','2008-12-01 00:15:16','1','','USD','1.000000','200.00','0.00','0','221.223.255.219 - 221.223.255.219')
INSERT INTO orders VALUES('27','2008120103503515','19','asdfg asdfg','','adfasd','adfsd','dsfsd','32432','Alava','Spain','23423432','afdsfs@dfdfads.com','3','asdfg asdfg','','adfasd','adfsd','dsfsd','32432','','Alava','Spain','3','asdfg asdfg','','adfasd','adfsd','dsfsd','32432','','Alava','Spain','3','Western Union Order','westernunion','Standard <span class=\"red\">save 26%</span> (Shipping to ES (1 x 13.00 kg ))','standard','','','','','','','','2008-12-01 03:50:35','1','','USD','1.000000','294.00','0.00','0','124.126.7.189 - 124.126.7.189')
DROP TABLE IF EXISTS orders_products
CREATE TABLE `orders_products` (  `orders_products_id` int(11) NOT NULL auto_increment,  `orders_id` int(11) NOT NULL default '0',  `products_id` int(11) NOT NULL default '0',  `products_model` varchar(32) default NULL,  `products_name` varchar(64) NOT NULL default '',  `products_price` decimal(15,4) NOT NULL default '0.0000',  `final_price` decimal(15,4) NOT NULL default '0.0000',  `products_tax` decimal(7,4) NOT NULL default '0.0000',  `products_quantity` float NOT NULL default '0',  `onetime_charges` decimal(15,4) NOT NULL default '0.0000',  `products_priced_by_attribute` tinyint(1) NOT NULL default '0',  `product_is_free` tinyint(1) NOT NULL default '0',  `products_discount_type` tinyint(1) NOT NULL default '0',  `products_discount_type_from` tinyint(1) NOT NULL default '0',  `products_prid` tinytext NOT NULL,  PRIMARY KEY  (`orders_products_id`),  KEY `idx_orders_id_prod_id_zen` (`orders_id`,`products_id`)) ENGINE=MyISAM AUTO_INCREMENT=54 DEFAULT CHARSET=utf8
INSERT INTO orders_products VALUES('30','6','195','080808008','Test Products 2 (Start from 5 units) Free Shipping','50.0000','50.0000','7.0000','120','0.0000','0','0','0','0','195')
INSERT INTO orders_products VALUES('31','7','195','080808008','Test Products 2 (Start from 5 units) Free Shipping','200.0000','200.0000','7.0000','30','0.0000','0','0','1','0','195')
INSERT INTO orders_products VALUES('29','5','95','Test120-25-New100-Skip','TEST $120 Special 25% Sale New Price $100 Skip Specials','90.0000','195.0000','7.0000','1','0.0000','0','0','0','0','95:32d4691eb75dfc60017d0ca4a2837e5c')
INSERT INTO orders_products VALUES('25','2','95','Test120-25-New100-Skip','TEST $120 Special 25% Sale New Price $100 Skip Specials','90.0000','90.0000','7.0000','1','0.0000','0','0','0','0','95')
INSERT INTO orders_products VALUES('23','2147483647','25','MSINTKB','Microsoft Internet Keyboard PS/2','69.9900','69.9900','7.0000','4','0.0000','0','0','1','0','25')
INSERT INTO orders_products VALUES('21','0','8','DVD-ABUG','A Bug\'s Life Linked','35.9900','35.9900','7.0000','1','0.0000','0','0','1','1','8')
INSERT INTO orders_products VALUES('28','5','193','080808008','test products 2','300.0000','300.0000','7.0000','1','0.0000','0','0','0','0','193')
INSERT INTO orders_products VALUES('27','4','193','080808008','test products 2','300.0000','300.0000','7.0000','1','0.0000','0','0','0','0','193')
INSERT INTO orders_products VALUES('32','8','4','DVD-RPMK','The Replacement Killers','42.0000','42.0000','7.0000','1','0.0000','0','0','0','0','4')
INSERT INTO orders_products VALUES('33','8','195','080808008','Test Products 2 (Start from 5 units) Free Shipping','250.0000','250.0000','7.0000','1','0.0000','0','0','1','0','195')
INSERT INTO orders_products VALUES('34','9','195','080808008','Test Products 2 (Start from 5 units) Free Shipping','250.0000','250.0000','7.0000','1','0.0000','0','0','1','0','195')
INSERT INTO orders_products VALUES('35','10','194','20080708','test products3','200.0000','200.0000','0.0000','1','0.0000','0','0','0','0','194')
INSERT INTO orders_products VALUES('36','10','195','080808008','Test Products 4','250.0000','250.0000','0.0000','1','0.0000','0','0','1','0','195')
INSERT INTO orders_products VALUES('37','11','195','080808008','Test Products 4','250.0000','250.0000','0.0000','1','0.0000','0','0','1','0','195')
INSERT INTO orders_products VALUES('38','12','195','080808008','Test Products 4','250.0000','250.0000','0.0000','1','0.0000','0','0','1','0','195')
INSERT INTO orders_products VALUES('39','13','195','080808008','Test Products 4','250.0000','250.0000','0.0000','1','0.0000','0','0','1','0','195')
INSERT INTO orders_products VALUES('40','14','195','080808008','Test Products 4','250.0000','250.0000','0.0000','1','0.0000','0','0','1','0','195')
INSERT INTO orders_products VALUES('41','15','195','080808008','Test Products 4','250.0000','250.0000','0.0000','1','0.0000','0','0','1','0','195')
INSERT INTO orders_products VALUES('42','16','194','20080708','test products3','200.0000','200.0000','0.0000','1','0.0000','0','0','0','0','194')
INSERT INTO orders_products VALUES('43','17','195','080808008','Test Products 4','250.0000','250.0000','0.0000','1','0.0000','0','0','1','0','195')
INSERT INTO orders_products VALUES('44','18','195','080808008','Test Products 4','250.0000','250.0000','0.0000','1','0.0000','0','0','1','0','195')
INSERT INTO orders_products VALUES('45','19','195','080808008','Test Products 4','250.0000','250.0000','0.0000','1','0.0000','0','0','1','0','195')
INSERT INTO orders_products VALUES('46','20','24','PC-DISC','Disciples: Sacred Lands Linked','90.0000','90.0000','0.0000','10','0.0000','0','0','0','0','24')
INSERT INTO orders_products VALUES('47','21','195','080808008','Test Products 4','250.0000','250.0000','0.0000','1','0.0000','0','0','1','0','195')
INSERT INTO orders_products VALUES('48','22','195','080808008','Test Products 4','250.0000','250.0000','0.0000','1','0.0000','0','0','1','0','195')
INSERT INTO orders_products VALUES('50','24','192','000192','test product1','300.0000','300.0000','0.0000','1','0.0000','0','0','1','0','192')
INSERT INTO orders_products VALUES('51','25','193','080808008','test products 2','290.0000','290.0000','0.0000','1','0.0000','0','0','0','0','193')
INSERT INTO orders_products VALUES('52','26','194','20080708','test products3','200.0000','200.0000','0.0000','1','0.0000','0','0','0','0','194')
INSERT INTO orders_products VALUES('53','27','193','080808008','test products 2','290.0000','290.0000','0.0000','1','0.0000','0','0','0','0','193')
DROP TABLE IF EXISTS orders_products_attributes
CREATE TABLE `orders_products_attributes` (  `orders_products_attributes_id` int(11) NOT NULL auto_increment,  `orders_id` int(11) NOT NULL default '0',  `orders_products_id` int(11) NOT NULL default '0',  `products_options` varchar(32) NOT NULL default '',  `products_options_values` text NOT NULL,  `options_values_price` decimal(15,4) NOT NULL default '0.0000',  `price_prefix` char(1) NOT NULL default '',  `product_attribute_is_free` tinyint(1) NOT NULL default '0',  `products_attributes_weight` float NOT NULL default '0',  `products_attributes_weight_prefix` char(1) NOT NULL default '',  `attributes_discounted` tinyint(1) NOT NULL default '1',  `attributes_price_base_included` tinyint(1) NOT NULL default '1',  `attributes_price_onetime` decimal(15,4) NOT NULL default '0.0000',  `attributes_price_factor` decimal(15,4) NOT NULL default '0.0000',  `attributes_price_factor_offset` decimal(15,4) NOT NULL default '0.0000',  `attributes_price_factor_onetime` decimal(15,4) NOT NULL default '0.0000',  `attributes_price_factor_onetime_offset` decimal(15,4) NOT NULL default '0.0000',  `attributes_qty_prices` text,  `attributes_qty_prices_onetime` text,  `attributes_price_words` decimal(15,4) NOT NULL default '0.0000',  `attributes_price_words_free` int(4) NOT NULL default '0',  `attributes_price_letters` decimal(15,4) NOT NULL default '0.0000',  `attributes_price_letters_free` int(4) NOT NULL default '0',  `products_options_id` int(11) NOT NULL default '0',  `products_options_values_id` int(11) NOT NULL default '0',  `products_prid` tinytext NOT NULL,  PRIMARY KEY  (`orders_products_attributes_id`),  KEY `idx_orders_id_prod_id_zen` (`orders_id`,`orders_products_id`)) ENGINE=MyISAM AUTO_INCREMENT=15 DEFAULT CHARSET=utf8
INSERT INTO orders_products_attributes VALUES('13','5','29','Color','Red','100.0000','+','0','0','+','1','1','0.0000','0.0000','0.0000','0.0000','0.0000','','','0.0000','0','0.0000','0','1','16','95:32d4691eb75dfc60017d0ca4a2837e5c')
INSERT INTO orders_products_attributes VALUES('14','5','29','Size','X-Small','40.0000','+','0','0','+','1','1','0.0000','0.0000','0.0000','0.0000','0.0000','','','0.0000','0','0.0000','0','2','19','95:32d4691eb75dfc60017d0ca4a2837e5c')
DROP TABLE IF EXISTS orders_products_download
CREATE TABLE `orders_products_download` (  `orders_products_download_id` int(11) NOT NULL auto_increment,  `orders_id` int(11) NOT NULL default '0',  `orders_products_id` int(11) NOT NULL default '0',  `orders_products_filename` varchar(255) NOT NULL default '',  `download_maxdays` int(2) NOT NULL default '0',  `download_count` int(2) NOT NULL default '0',  `products_prid` tinytext NOT NULL,  PRIMARY KEY  (`orders_products_download_id`),  KEY `idx_orders_id_zen` (`orders_id`),  KEY `idx_orders_products_id_zen` (`orders_products_id`)) ENGINE=MyISAM AUTO_INCREMENT=3 DEFAULT CHARSET=utf8
INSERT INTO orders_products_download VALUES('1','1','3','unreal.zip','7','3','22:108a33a72233d55b5b141f3e85045314')
DROP TABLE IF EXISTS orders_status
CREATE TABLE `orders_status` (  `orders_status_id` int(11) NOT NULL default '0',  `language_id` int(11) NOT NULL default '1',  `orders_status_name` varchar(32) NOT NULL default '',  PRIMARY KEY  (`orders_status_id`,`language_id`),  KEY `idx_orders_status_name_zen` (`orders_status_name`)) ENGINE=MyISAM DEFAULT CHARSET=utf8
INSERT INTO orders_status VALUES('1','1','Pending')
INSERT INTO orders_status VALUES('2','1','Processing')
INSERT INTO orders_status VALUES('3','1','Delivered')
INSERT INTO orders_status VALUES('4','1','Update')
INSERT INTO orders_status VALUES('100','1','Google New')
INSERT INTO orders_status VALUES('101','1','Google Processing')
INSERT INTO orders_status VALUES('103','1','Google Digital Processed')
INSERT INTO orders_status VALUES('105','1','Google Shipped')
INSERT INTO orders_status VALUES('107','1','Google Refunded')
INSERT INTO orders_status VALUES('109','1','Google Shipped and Refunded')
INSERT INTO orders_status VALUES('111','1','Google Canceled')
DROP TABLE IF EXISTS orders_status_history
CREATE TABLE `orders_status_history` (  `orders_status_history_id` int(11) NOT NULL auto_increment,  `orders_id` int(11) NOT NULL default '0',  `orders_status_id` int(5) NOT NULL default '0',  `date_added` datetime NOT NULL default '0001-01-01 00:00:00',  `customer_notified` int(1) default '0',  `comments` text,  `order_no` varchar(45) default NULL,  PRIMARY KEY  (`orders_status_history_id`),  KEY `idx_orders_id_status_id_zen` (`orders_id`,`orders_status_id`)) ENGINE=MyISAM AUTO_INCREMENT=55 DEFAULT CHARSET=utf8
INSERT INTO orders_status_history VALUES('29','5','2','2008-08-29 20:30:31','1','','')
INSERT INTO orders_status_history VALUES('15','2','1','2008-08-22 17:14:55','1','','')
INSERT INTO orders_status_history VALUES('28','4','3','2008-08-29 20:21:46','1','','')
INSERT INTO orders_status_history VALUES('13','2147483647','1','2008-08-22 17:06:47','1','','')
INSERT INTO orders_status_history VALUES('26','4','2','2008-08-28 08:40:45','1','','')
INSERT INTO orders_status_history VALUES('17','4','1','2008-08-27 14:09:30','1','asdfasdf','')
INSERT INTO orders_status_history VALUES('18','4','2','2008-08-27 17:25:40','1','','')
INSERT INTO orders_status_history VALUES('19','4','3','2008-08-27 17:26:08','1','','')
INSERT INTO orders_status_history VALUES('20','4','2','2008-08-27 17:26:21','1','','')
INSERT INTO orders_status_history VALUES('25','4','3','2008-08-27 18:23:50','1','','')
INSERT INTO orders_status_history VALUES('22','2','2','2008-08-27 17:30:45','1','','')
INSERT INTO orders_status_history VALUES('23','2','1','2008-08-27 17:32:56','1','','')
INSERT INTO orders_status_history VALUES('27','5','1','2008-08-29 20:15:29','1','','')
INSERT INTO orders_status_history VALUES('30','6','1','2008-09-03 23:11:46','1','','')
INSERT INTO orders_status_history VALUES('31','6','2','2008-09-03 23:13:19','1','','')
INSERT INTO orders_status_history VALUES('32','6','3','2008-09-03 23:13:30','1','','')
INSERT INTO orders_status_history VALUES('33','6','4','2008-09-03 23:13:46','1','','')
INSERT INTO orders_status_history VALUES('34','7','1','2008-09-04 00:04:30','1','','')
INSERT INTO orders_status_history VALUES('35','8','1','2008-09-10 23:14:34','1','','')
INSERT INTO orders_status_history VALUES('36','9','1','2008-09-11 13:40:36','1','','')
INSERT INTO orders_status_history VALUES('37','10','1','2008-09-28 10:36:28','1','','')
INSERT INTO orders_status_history VALUES('38','11','1','2008-09-28 10:42:36','1','','')
INSERT INTO orders_status_history VALUES('39','12','1','2008-09-28 14:26:28','1','','')
INSERT INTO orders_status_history VALUES('40','13','1','2008-09-28 14:59:34','1','If you have special instructions for your order such as dropshipping order, gift order etc, please let us know!\r\nPlease notice, if you ordered clothing items such like shirts or jersey, please write down the size you want. Thanks.','')
INSERT INTO orders_status_history VALUES('41','14','1','2008-09-28 15:05:13','1','','')
INSERT INTO orders_status_history VALUES('42','15','1','2008-09-28 15:06:17','1','','')
INSERT INTO orders_status_history VALUES('43','16','1','2008-09-28 15:18:13','1','','')
INSERT INTO orders_status_history VALUES('44','17','1','2008-09-28 15:22:23','1','','')
INSERT INTO orders_status_history VALUES('45','18','1','2008-09-28 15:24:29','1','','')
INSERT INTO orders_status_history VALUES('46','19','1','2008-09-28 15:26:37','1','','')
INSERT INTO orders_status_history VALUES('47','20','1','2008-09-28 15:30:38','1','','')
INSERT INTO orders_status_history VALUES('48','21','1','2008-09-28 15:33:12','1','','')
INSERT INTO orders_status_history VALUES('49','22','1','2008-09-28 15:39:10','1','','')
INSERT INTO orders_status_history VALUES('51','24','1','2008-11-30 20:12:36','1','','')
INSERT INTO orders_status_history VALUES('52','25','1','2008-11-30 21:24:18','1','','')
INSERT INTO orders_status_history VALUES('53','26','1','2008-12-01 00:15:16','1','','')
INSERT INTO orders_status_history VALUES('54','27','1','2008-12-01 03:50:35','1','','')
DROP TABLE IF EXISTS orders_total
CREATE TABLE `orders_total` (  `orders_total_id` int(10) unsigned NOT NULL auto_increment,  `orders_id` int(11) NOT NULL default '0',  `title` varchar(255) NOT NULL default '',  `text` varchar(255) NOT NULL default '',  `value` decimal(15,4) NOT NULL default '0.0000',  `class` varchar(32) NOT NULL default '',  `sort_order` int(11) NOT NULL default '0',  PRIMARY KEY  (`orders_total_id`),  KEY `idx_ot_orders_id_zen` (`orders_id`),  KEY `idx_ot_class_zen` (`class`)) ENGINE=MyISAM AUTO_INCREMENT=152 DEFAULT CHARSET=utf8
INSERT INTO orders_total VALUES('70','6','Total:','US$6,420.00','6420.0000','ot_total','999')
INSERT INTO orders_total VALUES('69','6','FL TAX 7.0%:','US$420.00','420.0000','ot_tax','300')
INSERT INTO orders_total VALUES('55','2','Total:','US$101.30','101.3000','ot_total','4')
INSERT INTO orders_total VALUES('54','2','FL TAX 7.0%:','US$6.30','6.3000','ot_tax','3')
INSERT INTO orders_total VALUES('53','2','Flat Rate (Best Way):','US$5.00','5.0000','ot_shipping','2')
INSERT INTO orders_total VALUES('52','2','Sub-Total:','US$90.00','90.0000','ot_subtotal','1')
INSERT INTO orders_total VALUES('68','6','FREE SHIPPING! (Free Shipping Only):','US$0.00','0.0000','ot_shipping','200')
INSERT INTO orders_total VALUES('66','5','Total:','&euro;392.63','529.6500','ot_total','4')
INSERT INTO orders_total VALUES('67','6','Sub-Total:','US$6,000.00','6000.0000','ot_subtotal','100')
INSERT INTO orders_total VALUES('47','2147483647','Total:','US$304.56','304.5600','ot_total','999')
INSERT INTO orders_total VALUES('46','2147483647','FL TAX 7.0%:','US$19.60','19.6000','ot_tax','300')
INSERT INTO orders_total VALUES('45','2147483647','Flat Rate (Best Way):','US$5.00','5.0000','ot_shipping','200')
INSERT INTO orders_total VALUES('44','2147483647','Sub-Total:','US$279.96','279.9600','ot_subtotal','100')
INSERT INTO orders_total VALUES('31','2208080','Total:','US$3,059.00','3059.0000','ot_total','999')
INSERT INTO orders_total VALUES('32','2147483647','Sub-Total:','US$279.96','279.9600','ot_subtotal','100')
INSERT INTO orders_total VALUES('33','2147483647','Flat Rate (Best Way):','US$5.00','5.0000','ot_shipping','200')
INSERT INTO orders_total VALUES('34','2147483647','FL TAX 7.0%:','US$19.60','19.6000','ot_tax','300')
INSERT INTO orders_total VALUES('35','2147483647','Total:','US$304.56','304.5600','ot_total','999')
INSERT INTO orders_total VALUES('36','0','Sub-Total:','US$35.99','35.9900','ot_subtotal','100')
INSERT INTO orders_total VALUES('37','0','Flat Rate (Best Way):','US$5.00','5.0000','ot_shipping','200')
INSERT INTO orders_total VALUES('38','0','FL TAX 7.0%:','US$2.52','2.5200','ot_tax','300')
INSERT INTO orders_total VALUES('39','0','Total:','US$43.51','43.5100','ot_total','999')
INSERT INTO orders_total VALUES('40','2147483647','Sub-Total:','US$279.96','279.9600','ot_subtotal','100')
INSERT INTO orders_total VALUES('41','2147483647','Flat Rate (Best Way):','US$5.00','5.0000','ot_shipping','200')
INSERT INTO orders_total VALUES('42','2147483647','FL TAX 7.0%:','US$19.60','19.6000','ot_tax','300')
INSERT INTO orders_total VALUES('43','2147483647','Total:','US$304.56','304.5600','ot_total','999')
INSERT INTO orders_total VALUES('64','5','Flat Rate (Best Way):','&euro;0.00','0.0000','ot_shipping','2')
INSERT INTO orders_total VALUES('63','5','Sub-Total:','&euro;366.94','495.0000','ot_subtotal','1')
INSERT INTO orders_total VALUES('59','4','Sub-Total:','US$300.00','300.0000','ot_subtotal','1')
INSERT INTO orders_total VALUES('60','4','Per Item (Best Way):','US$2.50','2.5000','ot_shipping','2')
INSERT INTO orders_total VALUES('61','4','FL TAX 7.0%:','US$21.00','21.0000','ot_tax','3')
INSERT INTO orders_total VALUES('62','4','Total:','US$323.50','323.5000','ot_total','4')
INSERT INTO orders_total VALUES('65','5','FL TAX 7.0%:','&euro;25.69','34.6500','ot_tax','3')
INSERT INTO orders_total VALUES('71','7','Sub-Total:','US$6,000.00','6000.0000','ot_subtotal','100')
INSERT INTO orders_total VALUES('72','7','FREE SHIPPING! (Free Shipping Only):','US$0.00','0.0000','ot_shipping','200')
INSERT INTO orders_total VALUES('73','7','FL TAX 7.0%:','US$420.00','420.0000','ot_tax','300')
INSERT INTO orders_total VALUES('74','7','Total:','US$6,420.00','6420.0000','ot_total','999')
INSERT INTO orders_total VALUES('75','8','Sub-Total:','US$292.00','292.0000','ot_subtotal','100')
INSERT INTO orders_total VALUES('76','8','Per Item (Best Way):','US$2.50','2.5000','ot_shipping','200')
INSERT INTO orders_total VALUES('77','8','FL TAX 7.0%:','US$20.44','20.4400','ot_tax','300')
INSERT INTO orders_total VALUES('78','8','Total:','US$314.94','314.9400','ot_total','999')
INSERT INTO orders_total VALUES('79','9','Sub-Total:','US$250.00','250.0000','ot_subtotal','100')
INSERT INTO orders_total VALUES('80','9','FREE SHIPPING! (Free Shipping Only):','US$0.00','0.0000','ot_shipping','200')
INSERT INTO orders_total VALUES('81','9','FL TAX 7.0%:','US$17.50','17.5000','ot_tax','300')
INSERT INTO orders_total VALUES('82','9','Total:','US$267.50','267.5000','ot_total','999')
INSERT INTO orders_total VALUES('83','10','Sub-Total&nbsp;:','US$450.00','450.0000','ot_subtotal','100')
INSERT INTO orders_total VALUES('84','10','Standard <span class=\"red\">save 26%</span> (Shipping to US (1 x 13.00 kg )):','US$4.00','4.0000','ot_shipping','200')
INSERT INTO orders_total VALUES('85','10','Group Discount:','-US$45.00','45.0000','ot_group_pricing','290')
INSERT INTO orders_total VALUES('86','10','Grand Total&nbsp;:','US$409.00','409.0000','ot_total','999')
INSERT INTO orders_total VALUES('87','11','Sub-Total&nbsp;:','US$250.00','250.0000','ot_subtotal','100')
INSERT INTO orders_total VALUES('88','11','Standard <span class=\"red\">save 26%</span> (Shipping to US (1 x 13.00 kg )):','US$4.00','4.0000','ot_shipping','200')
INSERT INTO orders_total VALUES('89','11','Discount Coupon: 6666678890 :','-US$40.00','40.0000','ot_coupon','280')
INSERT INTO orders_total VALUES('90','11','Group Discount:','-US$21.00','21.0000','ot_group_pricing','290')
INSERT INTO orders_total VALUES('91','11','Grand Total&nbsp;:','US$193.00','193.0000','ot_total','999')
INSERT INTO orders_total VALUES('92','12','Sub-Total&nbsp;:','US$250.00','250.0000','ot_subtotal','100')
INSERT INTO orders_total VALUES('93','12','Standard <span class=\"red\">save 26%</span> (Shipping to US (1 x 13.00 kg )):','US$1.00','1.0000','ot_shipping','200')
INSERT INTO orders_total VALUES('94','12','Group Discount:','-US$25.00','25.0000','ot_group_pricing','290')
INSERT INTO orders_total VALUES('95','12','Grand Total&nbsp;:','US$226.00','226.0000','ot_total','999')
INSERT INTO orders_total VALUES('96','13','Sub-Total&nbsp;:','US$250.00','250.0000','ot_subtotal','100')
INSERT INTO orders_total VALUES('97','13','Expedited <span class=\"red\">save 36%</span> (Shipping to US (1 x 13.00 kg )):','US$20.00','20.0000','ot_shipping','200')
INSERT INTO orders_total VALUES('98','13','Group Discount:','-US$25.00','25.0000','ot_group_pricing','290')
INSERT INTO orders_total VALUES('99','13','Grand Total&nbsp;:','US$245.00','245.0000','ot_total','999')
INSERT INTO orders_total VALUES('100','14','Sub-Total&nbsp;:','US$250.00','250.0000','ot_subtotal','100')
INSERT INTO orders_total VALUES('101','14','Expedited <span class=\"red\">save 36%</span> (Shipping to US (1 x 13.00 kg )):','US$20.00','20.0000','ot_shipping','200')
INSERT INTO orders_total VALUES('102','14','Group Discount:','-US$25.00','25.0000','ot_group_pricing','290')
INSERT INTO orders_total VALUES('103','14','Grand Total&nbsp;:','US$245.00','245.0000','ot_total','999')
INSERT INTO orders_total VALUES('104','15','Sub-Total&nbsp;:','US$250.00','250.0000','ot_subtotal','100')
INSERT INTO orders_total VALUES('105','15','Expedited <span class=\"red\">save 36%</span> (Shipping to US (1 x 13.00 kg )):','US$20.00','20.0000','ot_shipping','200')
INSERT INTO orders_total VALUES('106','15','Group Discount:','-US$25.00','25.0000','ot_group_pricing','290')
INSERT INTO orders_total VALUES('107','15','Grand Total&nbsp;:','US$245.00','245.0000','ot_total','999')
INSERT INTO orders_total VALUES('108','16','Sub-Total&nbsp;:','US$200.00','200.0000','ot_subtotal','100')
INSERT INTO orders_total VALUES('109','16','FREE SHIPPING! (Free Shipping Only):','US$0.00','0.0000','ot_shipping','200')
INSERT INTO orders_total VALUES('110','16','Group Discount:','-US$20.00','20.0000','ot_group_pricing','290')
INSERT INTO orders_total VALUES('111','16','Grand Total&nbsp;:','US$180.00','180.0000','ot_total','999')
INSERT INTO orders_total VALUES('112','17','Sub-Total&nbsp;:','US$250.00','250.0000','ot_subtotal','100')
INSERT INTO orders_total VALUES('113','17','Standard <span class=\"red\">save 26%</span> (Shipping to US (1 x 13.00 kg )):','US$1.00','1.0000','ot_shipping','200')
INSERT INTO orders_total VALUES('114','17','Group Discount:','-US$25.00','25.0000','ot_group_pricing','290')
INSERT INTO orders_total VALUES('115','17','Grand Total&nbsp;:','US$226.00','226.0000','ot_total','999')
INSERT INTO orders_total VALUES('116','18','Sub-Total&nbsp;:','US$250.00','250.0000','ot_subtotal','100')
INSERT INTO orders_total VALUES('117','18','Standard <span class=\"red\">save 26%</span> (Shipping to US (1 x 13.00 kg )):','US$1.00','1.0000','ot_shipping','200')
INSERT INTO orders_total VALUES('118','18','Group Discount:','-US$25.00','25.0000','ot_group_pricing','290')
INSERT INTO orders_total VALUES('119','18','Grand Total&nbsp;:','US$226.00','226.0000','ot_total','999')
INSERT INTO orders_total VALUES('120','19','Sub-Total&nbsp;:','US$250.00','250.0000','ot_subtotal','100')
INSERT INTO orders_total VALUES('121','19','Standard <span class=\"red\">save 26%</span> (Shipping to US (1 x 13.00 kg )):','US$1.00','1.0000','ot_shipping','200')
INSERT INTO orders_total VALUES('122','19','Group Discount:','-US$25.00','25.0000','ot_group_pricing','290')
INSERT INTO orders_total VALUES('123','19','Grand Total&nbsp;:','US$226.00','226.0000','ot_total','999')
INSERT INTO orders_total VALUES('124','20','Sub-Total&nbsp;:','US$900.00','900.0000','ot_subtotal','100')
INSERT INTO orders_total VALUES('125','20','Standard <span class=\"red\">save 26%</span> (Shipping to US (1 x 83.00 kg )):','US$27.00','27.0000','ot_shipping','200')
INSERT INTO orders_total VALUES('126','20','Group Discount:','-US$90.00','90.0000','ot_group_pricing','290')
INSERT INTO orders_total VALUES('127','20','Grand Total&nbsp;:','US$837.00','837.0000','ot_total','999')
INSERT INTO orders_total VALUES('128','21','Sub-Total&nbsp;:','US$250.00','250.0000','ot_subtotal','100')
INSERT INTO orders_total VALUES('129','21','Standard <span class=\"red\">save 26%</span> (Shipping to US (1 x 13.00 kg )):','US$1.00','1.0000','ot_shipping','200')
INSERT INTO orders_total VALUES('130','21','Group Discount:','-US$25.00','25.0000','ot_group_pricing','290')
INSERT INTO orders_total VALUES('131','21','Grand Total&nbsp;:','US$226.00','226.0000','ot_total','999')
INSERT INTO orders_total VALUES('132','22','Sub-Total&nbsp;:','US$250.00','250.0000','ot_subtotal','100')
INSERT INTO orders_total VALUES('133','22','Expedited <span class=\"red\">save 36%</span> (Shipping to US (1 x 13.00 kg )):','US$20.00','20.0000','ot_shipping','200')
INSERT INTO orders_total VALUES('134','22','Group Discount:','-US$25.00','25.0000','ot_group_pricing','290')
INSERT INTO orders_total VALUES('135','22','Grand Total&nbsp;:','US$245.00','245.0000','ot_total','999')
INSERT INTO orders_total VALUES('142','24','Grand Total&nbsp;:','US$304.00','304.0000','ot_total','999')
INSERT INTO orders_total VALUES('141','24','Standard <span class=\"red\">save 26%</span> (Shipping to VN (1 x 13.00 kg )):','US$4.00','4.0000','ot_shipping','200')
INSERT INTO orders_total VALUES('140','24','Sub-Total&nbsp;:','US$300.00','300.0000','ot_subtotal','100')
INSERT INTO orders_total VALUES('143','25','Sub-Total&nbsp;:','US$290.00','290.0000','ot_subtotal','100')
INSERT INTO orders_total VALUES('144','25','Standard <span class=\"red\">save 26%</span> (Shipping to AU (1 x 13.00 kg )):','US$4.00','4.0000','ot_shipping','200')
INSERT INTO orders_total VALUES('145','25','Grand Total&nbsp;:','US$294.00','294.0000','ot_total','999')
INSERT INTO orders_total VALUES('146','26','Sub-Total&nbsp;:','US$200.00','200.0000','ot_subtotal','100')
INSERT INTO orders_total VALUES('147','26','FREE SHIPPING! (Free Shipping Only):','US$0.00','0.0000','ot_shipping','200')
INSERT INTO orders_total VALUES('148','26','Grand Total&nbsp;:','US$200.00','200.0000','ot_total','999')
INSERT INTO orders_total VALUES('149','27','Sub-Total&nbsp;:','US$290.00','290.0000','ot_subtotal','100')
INSERT INTO orders_total VALUES('150','27','Standard <span class=\"red\">save 26%</span> (Shipping to ES (1 x 13.00 kg )):','US$4.00','4.0000','ot_shipping','200')
INSERT INTO orders_total VALUES('151','27','Grand Total&nbsp;:','US$294.00','294.0000','ot_total','999')
DROP TABLE IF EXISTS paypal
CREATE TABLE `paypal` (  `paypal_ipn_id` int(11) unsigned NOT NULL auto_increment,  `order_id` int(11) unsigned NOT NULL default '0',  `txn_type` varchar(40) NOT NULL default '',  `module_name` varchar(40) NOT NULL default '',  `module_mode` varchar(40) NOT NULL default '',  `reason_code` varchar(40) default NULL,  `payment_type` varchar(40) NOT NULL default '',  `payment_status` varchar(32) NOT NULL default '',  `pending_reason` varchar(32) default NULL,  `invoice` varchar(128) default NULL,  `mc_currency` char(3) NOT NULL default '',  `first_name` varchar(32) NOT NULL default '',  `last_name` varchar(32) NOT NULL default '',  `payer_business_name` varchar(128) default NULL,  `address_name` varchar(64) default NULL,  `address_street` varchar(254) default NULL,  `address_city` varchar(120) default NULL,  `address_state` varchar(120) default NULL,  `address_zip` varchar(10) default NULL,  `address_country` varchar(64) default NULL,  `address_status` varchar(11) default NULL,  `payer_email` varchar(128) NOT NULL default '',  `payer_id` varchar(32) NOT NULL default '',  `payer_status` varchar(10) NOT NULL default '',  `payment_date` datetime NOT NULL default '0001-01-01 00:00:00',  `business` varchar(128) NOT NULL default '',  `receiver_email` varchar(128) NOT NULL default '',  `receiver_id` varchar(32) NOT NULL default '',  `txn_id` varchar(20) NOT NULL default '',  `parent_txn_id` varchar(20) default NULL,  `num_cart_items` tinyint(4) unsigned NOT NULL default '1',  `mc_gross` decimal(7,2) NOT NULL default '0.00',  `mc_fee` decimal(7,2) NOT NULL default '0.00',  `payment_gross` decimal(7,2) default NULL,  `payment_fee` decimal(7,2) default NULL,  `settle_amount` decimal(7,2) default NULL,  `settle_currency` char(3) default NULL,  `exchange_rate` decimal(4,2) default NULL,  `notify_version` decimal(2,1) NOT NULL default '0.0',  `verify_sign` varchar(128) NOT NULL default '',  `last_modified` datetime NOT NULL default '0001-01-01 00:00:00',  `date_added` datetime NOT NULL default '0001-01-01 00:00:00',  `memo` text,  PRIMARY KEY  (`paypal_ipn_id`,`txn_id`),  KEY `idx_order_id_zen` (`order_id`)) ENGINE=MyISAM DEFAULT CHARSET=utf8
DROP TABLE IF EXISTS paypal_payment_status
CREATE TABLE `paypal_payment_status` (  `payment_status_id` int(11) NOT NULL auto_increment,  `payment_status_name` varchar(64) NOT NULL default '',  PRIMARY KEY  (`payment_status_id`)) ENGINE=MyISAM AUTO_INCREMENT=8 DEFAULT CHARSET=utf8
INSERT INTO paypal_payment_status VALUES('1','Completed')
INSERT INTO paypal_payment_status VALUES('2','Pending')
INSERT INTO paypal_payment_status VALUES('3','Failed')
INSERT INTO paypal_payment_status VALUES('4','Denied')
INSERT INTO paypal_payment_status VALUES('5','Refunded')
INSERT INTO paypal_payment_status VALUES('6','Canceled_Reversal')
INSERT INTO paypal_payment_status VALUES('7','Reversed')
DROP TABLE IF EXISTS paypal_payment_status_history
CREATE TABLE `paypal_payment_status_history` (  `payment_status_history_id` int(11) NOT NULL auto_increment,  `paypal_ipn_id` int(11) NOT NULL default '0',  `txn_id` varchar(64) NOT NULL default '',  `parent_txn_id` varchar(64) NOT NULL default '',  `payment_status` varchar(17) NOT NULL default '',  `pending_reason` varchar(14) default NULL,  `date_added` datetime NOT NULL default '0001-01-01 00:00:00',  PRIMARY KEY  (`payment_status_history_id`),  KEY `idx_paypal_ipn_id_zen` (`paypal_ipn_id`)) ENGINE=MyISAM DEFAULT CHARSET=utf8
DROP TABLE IF EXISTS paypal_session
CREATE TABLE `paypal_session` (  `unique_id` int(11) NOT NULL auto_increment,  `session_id` text NOT NULL,  `saved_session` mediumblob NOT NULL,  `expiry` int(17) NOT NULL default '0',  PRIMARY KEY  (`unique_id`),  KEY `idx_session_id_zen` (`session_id`(36))) ENGINE=MyISAM DEFAULT CHARSET=utf8
DROP TABLE IF EXISTS paypal_testing
CREATE TABLE `paypal_testing` (  `paypal_ipn_id` int(11) unsigned NOT NULL auto_increment,  `order_id` int(11) unsigned NOT NULL default '0',  `custom` varchar(255) NOT NULL default '',  `txn_type` varchar(40) NOT NULL default '',  `module_name` varchar(40) NOT NULL default '',  `module_mode` varchar(40) NOT NULL default '',  `reason_code` varchar(40) default NULL,  `payment_type` varchar(40) NOT NULL default '',  `payment_status` varchar(32) NOT NULL default '',  `pending_reason` varchar(32) default NULL,  `invoice` varchar(128) default NULL,  `mc_currency` char(3) NOT NULL default '',  `first_name` varchar(32) NOT NULL default '',  `last_name` varchar(32) NOT NULL default '',  `payer_business_name` varchar(128) default NULL,  `address_name` varchar(64) default NULL,  `address_street` varchar(254) default NULL,  `address_city` varchar(120) default NULL,  `address_state` varchar(120) default NULL,  `address_zip` varchar(10) default NULL,  `address_country` varchar(64) default NULL,  `address_status` varchar(11) default NULL,  `payer_email` varchar(128) NOT NULL default '',  `payer_id` varchar(32) NOT NULL default '',  `payer_status` varchar(10) NOT NULL default '',  `payment_date` datetime NOT NULL default '0001-01-01 00:00:00',  `business` varchar(128) NOT NULL default '',  `receiver_email` varchar(128) NOT NULL default '',  `receiver_id` varchar(32) NOT NULL default '',  `txn_id` varchar(20) NOT NULL default '',  `parent_txn_id` varchar(20) default NULL,  `num_cart_items` tinyint(4) unsigned NOT NULL default '1',  `mc_gross` decimal(7,2) NOT NULL default '0.00',  `mc_fee` decimal(7,2) NOT NULL default '0.00',  `payment_gross` decimal(7,2) default NULL,  `payment_fee` decimal(7,2) default NULL,  `settle_amount` decimal(7,2) default NULL,  `settle_currency` char(3) default NULL,  `exchange_rate` decimal(4,2) default NULL,  `notify_version` decimal(2,1) NOT NULL default '0.0',  `verify_sign` varchar(128) NOT NULL default '',  `last_modified` datetime NOT NULL default '0001-01-01 00:00:00',  `date_added` datetime NOT NULL default '0001-01-01 00:00:00',  `memo` text,  PRIMARY KEY  (`paypal_ipn_id`,`txn_id`),  KEY `idx_order_id_zen` (`order_id`)) ENGINE=MyISAM DEFAULT CHARSET=utf8
DROP TABLE IF EXISTS product_music_extra
CREATE TABLE `product_music_extra` (  `products_id` int(11) NOT NULL default '0',  `artists_id` int(11) NOT NULL default '0',  `record_company_id` int(11) NOT NULL default '0',  `music_genre_id` int(11) NOT NULL default '0',  PRIMARY KEY  (`products_id`),  KEY `idx_music_genre_id_zen` (`music_genre_id`),  KEY `idx_artists_id_zen` (`artists_id`),  KEY `idx_record_company_id_zen` (`record_company_id`)) ENGINE=MyISAM DEFAULT CHARSET=utf8
DROP TABLE IF EXISTS product_type_layout
CREATE TABLE `product_type_layout` (  `configuration_id` int(11) NOT NULL auto_increment,  `configuration_title` text NOT NULL,  `configuration_key` varchar(255) NOT NULL default '',  `configuration_value` text NOT NULL,  `configuration_description` text NOT NULL,  `product_type_id` int(11) NOT NULL default '0',  `sort_order` int(5) default NULL,  `last_modified` datetime default NULL,  `date_added` datetime NOT NULL default '0001-01-01 00:00:00',  `use_function` text,  `set_function` text,  PRIMARY KEY  (`configuration_id`),  UNIQUE KEY `unq_config_key_zen` (`configuration_key`),  KEY `idx_key_value_zen` (`configuration_key`,`configuration_value`(10)),  KEY `idx_type_id_sort_order_zen` (`product_type_id`,`sort_order`)) ENGINE=MyISAM AUTO_INCREMENT=144 DEFAULT CHARSET=utf8
INSERT INTO product_type_layout VALUES('1','Show Model Number','SHOW_PRODUCT_INFO_MODEL','1','Display Model Number on Product Info 0= off 1= on','1','1','','2008-07-20 12:06:20','','zen_cfg_select_drop_down(array(array(\'id\'=>\'1\', \'text\'=>\'True\'), array(\'id\'=>\'0\', \'text\'=>\'False\')), ')
INSERT INTO product_type_layout VALUES('2','Show Weight','SHOW_PRODUCT_INFO_WEIGHT','1','Display Weight on Product Info 0= off 1= on','1','2','','2008-07-20 12:06:20','','zen_cfg_select_drop_down(array(array(\'id\'=>\'1\', \'text\'=>\'True\'), array(\'id\'=>\'0\', \'text\'=>\'False\')), ')
INSERT INTO product_type_layout VALUES('3','Show Attribute Weight','SHOW_PRODUCT_INFO_WEIGHT_ATTRIBUTES','1','Display Attribute Weight on Product Info 0= off 1= on','1','3','','2008-07-20 12:06:20','','zen_cfg_select_drop_down(array(array(\'id\'=>\'1\', \'text\'=>\'True\'), array(\'id\'=>\'0\', \'text\'=>\'False\')), ')
INSERT INTO product_type_layout VALUES('4','Show Manufacturer','SHOW_PRODUCT_INFO_MANUFACTURER','1','Display Manufacturer Name on Product Info 0= off 1= on','1','4','','2008-07-20 12:06:20','','zen_cfg_select_drop_down(array(array(\'id\'=>\'1\', \'text\'=>\'True\'), array(\'id\'=>\'0\', \'text\'=>\'False\')), ')
INSERT INTO product_type_layout VALUES('5','Show Quantity in Shopping Cart','SHOW_PRODUCT_INFO_IN_CART_QTY','1','Display Quantity in Current Shopping Cart on Product Info 0= off 1= on','1','5','','2008-07-20 12:06:20','','zen_cfg_select_drop_down(array(array(\'id\'=>\'1\', \'text\'=>\'True\'), array(\'id\'=>\'0\', \'text\'=>\'False\')), ')
INSERT INTO product_type_layout VALUES('6','Show Quantity in Stock','SHOW_PRODUCT_INFO_QUANTITY','1','Display Quantity in Stock on Product Info 0= off 1= on','1','6','','2008-07-20 12:06:20','','zen_cfg_select_drop_down(array(array(\'id\'=>\'1\', \'text\'=>\'True\'), array(\'id\'=>\'0\', \'text\'=>\'False\')), ')
INSERT INTO product_type_layout VALUES('7','Show Product Reviews Count','SHOW_PRODUCT_INFO_REVIEWS_COUNT','1','Display Product Reviews Count on Product Info 0= off 1= on','1','7','','2008-07-20 12:06:20','','zen_cfg_select_drop_down(array(array(\'id\'=>\'1\', \'text\'=>\'True\'), array(\'id\'=>\'0\', \'text\'=>\'False\')), ')
INSERT INTO product_type_layout VALUES('8','Show Product Reviews Button','SHOW_PRODUCT_INFO_REVIEWS','1','Display Product Reviews Button on Product Info 0= off 1= on','1','8','','2008-07-20 12:06:20','','zen_cfg_select_drop_down(array(array(\'id\'=>\'1\', \'text\'=>\'True\'), array(\'id\'=>\'0\', \'text\'=>\'False\')), ')
INSERT INTO product_type_layout VALUES('9','Show Date Available','SHOW_PRODUCT_INFO_DATE_AVAILABLE','1','Display Date Available on Product Info 0= off 1= on','1','9','','2008-07-20 12:06:20','','zen_cfg_select_drop_down(array(array(\'id\'=>\'1\', \'text\'=>\'True\'), array(\'id\'=>\'0\', \'text\'=>\'False\')), ')
INSERT INTO product_type_layout VALUES('10','Show Date Added','SHOW_PRODUCT_INFO_DATE_ADDED','1','Display Date Added on Product Info 0= off 1= on','1','10','','2008-07-20 12:06:20','','zen_cfg_select_drop_down(array(array(\'id\'=>\'1\', \'text\'=>\'True\'), array(\'id\'=>\'0\', \'text\'=>\'False\')), ')
INSERT INTO product_type_layout VALUES('11','Show Product URL','SHOW_PRODUCT_INFO_URL','1','Display URL on Product Info 0= off 1= on','1','11','','2008-07-20 12:06:20','','zen_cfg_select_drop_down(array(array(\'id\'=>\'1\', \'text\'=>\'True\'), array(\'id\'=>\'0\', \'text\'=>\'False\')), ')
INSERT INTO product_type_layout VALUES('12','Show Product Additional Images','SHOW_PRODUCT_INFO_ADDITIONAL_IMAGES','1','Display Additional Images on Product Info 0= off 1= on','1','13','','2008-07-20 12:06:20','','zen_cfg_select_drop_down(array(array(\'id\'=>\'1\', \'text\'=>\'True\'), array(\'id\'=>\'0\', \'text\'=>\'False\')), ')
INSERT INTO product_type_layout VALUES('13','Show Starting At text on Price','SHOW_PRODUCT_INFO_STARTING_AT','1','Display Starting At text on products with attributes Product Info 0= off 1= on','1','12','','2008-07-20 12:06:20','','zen_cfg_select_drop_down(array(array(\'id\'=>\'1\', \'text\'=>\'True\'), array(\'id\'=>\'0\', \'text\'=>\'False\')), ')
INSERT INTO product_type_layout VALUES('14','Show Product Tell a Friend button','SHOW_PRODUCT_INFO_TELL_A_FRIEND','1','Display the Tell a Friend button on Product Info<br /><br />Note: Turning this setting off does not affect the Tell a Friend box in the columns and turning off the Tell a Friend box does not affect the button<br />0= off 1= on','1','15','','2008-07-20 12:06:20','','zen_cfg_select_drop_down(array(array(\'id\'=>\'1\', \'text\'=>\'True\'), array(\'id\'=>\'0\', \'text\'=>\'False\')), ')
INSERT INTO product_type_layout VALUES('15','Product Free Shipping Image Status - Catalog','SHOW_PRODUCT_INFO_ALWAYS_FREE_SHIPPING_IMAGE_SWITCH','0','Show the Free Shipping image/text in the catalog?','1','16','','2008-07-20 12:06:20','','zen_cfg_select_drop_down(array(array(\'id\'=>\'1\', \'text\'=>\'Yes\'), array(\'id\'=>\'0\', \'text\'=>\'No\')), ')
INSERT INTO product_type_layout VALUES('16','Product Price Tax Class Default - When adding new products?','DEFAULT_PRODUCT_TAX_CLASS_ID','0','What should the Product Price Tax Class Default ID be when adding new products?','1','100','','2008-07-20 12:06:20','','')
INSERT INTO product_type_layout VALUES('17','Product Virtual Default Status - Skip Shipping Address - When adding new products?','DEFAULT_PRODUCT_PRODUCTS_VIRTUAL','0','Default Virtual Product status to be ON when adding new products?','1','101','','2008-07-20 12:06:20','','zen_cfg_select_drop_down(array(array(\'id\'=>\'1\', \'text\'=>\'True\'), array(\'id\'=>\'0\', \'text\'=>\'False\')), ')
INSERT INTO product_type_layout VALUES('18','Product Free Shipping Default Status - Normal Shipping Rules - When adding new products?','DEFAULT_PRODUCT_PRODUCTS_IS_ALWAYS_FREE_SHIPPING','0','What should the Default Free Shipping status be when adding new products?<br />Yes, Always Free Shipping ON<br />No, Always Free Shipping OFF<br />Special, Product/Download Requires Shipping','1','102','','2008-07-20 12:06:20','','zen_cfg_select_drop_down(array(array(\'id\'=>\'1\', \'text\'=>\'Yes, Always ON\'), array(\'id\'=>\'0\', \'text\'=>\'No, Always OFF\'), array(\'id\'=>\'2\', \'text\'=>\'Special\')), ')
INSERT INTO product_type_layout VALUES('19','Show Model Number','SHOW_PRODUCT_MUSIC_INFO_MODEL','1','Display Model Number on Product Info 0= off 1= on','2','1','','2008-07-20 12:06:20','','zen_cfg_select_drop_down(array(array(\'id\'=>\'1\', \'text\'=>\'True\'), array(\'id\'=>\'0\', \'text\'=>\'False\')), ')
INSERT INTO product_type_layout VALUES('20','Show Weight','SHOW_PRODUCT_MUSIC_INFO_WEIGHT','0','Display Weight on Product Info 0= off 1= on','2','2','','2008-07-20 12:06:20','','zen_cfg_select_drop_down(array(array(\'id\'=>\'1\', \'text\'=>\'True\'), array(\'id\'=>\'0\', \'text\'=>\'False\')), ')
INSERT INTO product_type_layout VALUES('21','Show Attribute Weight','SHOW_PRODUCT_MUSIC_INFO_WEIGHT_ATTRIBUTES','1','Display Attribute Weight on Product Info 0= off 1= on','2','3','','2008-07-20 12:06:20','','zen_cfg_select_drop_down(array(array(\'id\'=>\'1\', \'text\'=>\'True\'), array(\'id\'=>\'0\', \'text\'=>\'False\')), ')
INSERT INTO product_type_layout VALUES('22','Show Artist','SHOW_PRODUCT_MUSIC_INFO_ARTIST','1','Display Artists Name on Product Info 0= off 1= on','2','4','','2008-07-20 12:06:20','','zen_cfg_select_drop_down(array(array(\'id\'=>\'1\', \'text\'=>\'True\'), array(\'id\'=>\'0\', \'text\'=>\'False\')), ')
INSERT INTO product_type_layout VALUES('23','Show Music Genre','SHOW_PRODUCT_MUSIC_INFO_GENRE','1','Display Music Genre on Product Info 0= off 1= on','2','4','','2008-07-20 12:06:20','','zen_cfg_select_drop_down(array(array(\'id\'=>\'1\', \'text\'=>\'True\'), array(\'id\'=>\'0\', \'text\'=>\'False\')), ')
INSERT INTO product_type_layout VALUES('24','Show Record Company','SHOW_PRODUCT_MUSIC_INFO_RECORD_COMPANY','1','Display Record Company on Product Info 0= off 1= on','2','4','','2008-07-20 12:06:20','','zen_cfg_select_drop_down(array(array(\'id\'=>\'1\', \'text\'=>\'True\'), array(\'id\'=>\'0\', \'text\'=>\'False\')), ')
INSERT INTO product_type_layout VALUES('25','Show Quantity in Shopping Cart','SHOW_PRODUCT_MUSIC_INFO_IN_CART_QTY','1','Display Quantity in Current Shopping Cart on Product Info 0= off 1= on','2','5','','2008-07-20 12:06:20','','zen_cfg_select_drop_down(array(array(\'id\'=>\'1\', \'text\'=>\'True\'), array(\'id\'=>\'0\', \'text\'=>\'False\')), ')
INSERT INTO product_type_layout VALUES('26','Show Quantity in Stock','SHOW_PRODUCT_MUSIC_INFO_QUANTITY','0','Display Quantity in Stock on Product Info 0= off 1= on','2','6','','2008-07-20 12:06:20','','zen_cfg_select_drop_down(array(array(\'id\'=>\'1\', \'text\'=>\'True\'), array(\'id\'=>\'0\', \'text\'=>\'False\')), ')
INSERT INTO product_type_layout VALUES('27','Show Product Reviews Count','SHOW_PRODUCT_MUSIC_INFO_REVIEWS_COUNT','1','Display Product Reviews Count on Product Info 0= off 1= on','2','7','','2008-07-20 12:06:20','','zen_cfg_select_drop_down(array(array(\'id\'=>\'1\', \'text\'=>\'True\'), array(\'id\'=>\'0\', \'text\'=>\'False\')), ')
INSERT INTO product_type_layout VALUES('28','Show Product Reviews Button','SHOW_PRODUCT_MUSIC_INFO_REVIEWS','1','Display Product Reviews Button on Product Info 0= off 1= on','2','8','','2008-07-20 12:06:20','','zen_cfg_select_drop_down(array(array(\'id\'=>\'1\', \'text\'=>\'True\'), array(\'id\'=>\'0\', \'text\'=>\'False\')), ')
INSERT INTO product_type_layout VALUES('29','Show Date Available','SHOW_PRODUCT_MUSIC_INFO_DATE_AVAILABLE','1','Display Date Available on Product Info 0= off 1= on','2','9','','2008-07-20 12:06:20','','zen_cfg_select_drop_down(array(array(\'id\'=>\'1\', \'text\'=>\'True\'), array(\'id\'=>\'0\', \'text\'=>\'False\')), ')
INSERT INTO product_type_layout VALUES('30','Show Date Added','SHOW_PRODUCT_MUSIC_INFO_DATE_ADDED','1','Display Date Added on Product Info 0= off 1= on','2','10','','2008-07-20 12:06:20','','zen_cfg_select_drop_down(array(array(\'id\'=>\'1\', \'text\'=>\'True\'), array(\'id\'=>\'0\', \'text\'=>\'False\')), ')
INSERT INTO product_type_layout VALUES('31','Show Starting At text on Price','SHOW_PRODUCT_MUSIC_INFO_STARTING_AT','1','Display Starting At text on products with attributes Product Info 0= off 1= on','2','12','','2008-07-20 12:06:20','','zen_cfg_select_drop_down(array(array(\'id\'=>\'1\', \'text\'=>\'True\'), array(\'id\'=>\'0\', \'text\'=>\'False\')), ')
INSERT INTO product_type_layout VALUES('32','Show Product Additional Images','SHOW_PRODUCT_MUSIC_INFO_ADDITIONAL_IMAGES','1','Display Additional Images on Product Info 0= off 1= on','2','13','','2008-07-20 12:06:20','','zen_cfg_select_drop_down(array(array(\'id\'=>\'1\', \'text\'=>\'True\'), array(\'id\'=>\'0\', \'text\'=>\'False\')), ')
INSERT INTO product_type_layout VALUES('33','Show Product Tell a Friend button','SHOW_PRODUCT_MUSIC_INFO_TELL_A_FRIEND','1','Display the Tell a Friend button on Product Info<br /><br />Note: Turning this setting off does not affect the Tell a Friend box in the columns and turning off the Tell a Friend box does not affect the button<br />0= off 1= on','2','15','','2008-07-20 12:06:20','','zen_cfg_select_drop_down(array(array(\'id\'=>\'1\', \'text\'=>\'True\'), array(\'id\'=>\'0\', \'text\'=>\'False\')), ')
INSERT INTO product_type_layout VALUES('34','Product Free Shipping Image Status - Catalog','SHOW_PRODUCT_MUSIC_INFO_ALWAYS_FREE_SHIPPING_IMAGE_SWITCH','0','Show the Free Shipping image/text in the catalog?','2','16','','2008-07-20 12:06:20','','zen_cfg_select_drop_down(array(array(\'id\'=>\'1\', \'text\'=>\'Yes\'), array(\'id\'=>\'0\', \'text\'=>\'No\')), ')
INSERT INTO product_type_layout VALUES('35','Product Price Tax Class Default - When adding new products?','DEFAULT_PRODUCT_MUSIC_TAX_CLASS_ID','0','What should the Product Price Tax Class Default ID be when adding new products?','2','100','','2008-07-20 12:06:20','','')
INSERT INTO product_type_layout VALUES('36','Product Virtual Default Status - Skip Shipping Address - When adding new products?','DEFAULT_PRODUCT_MUSIC_PRODUCTS_VIRTUAL','0','Default Virtual Product status to be ON when adding new products?','2','101','','2008-07-20 12:06:20','','zen_cfg_select_drop_down(array(array(\'id\'=>\'1\', \'text\'=>\'True\'), array(\'id\'=>\'0\', \'text\'=>\'False\')), ')
INSERT INTO product_type_layout VALUES('37','Product Free Shipping Default Status - Normal Shipping Rules - When adding new products?','DEFAULT_PRODUCT_MUSIC_PRODUCTS_IS_ALWAYS_FREE_SHIPPING','0','What should the Default Free Shipping status be when adding new products?<br />Yes, Always Free Shipping ON<br />No, Always Free Shipping OFF<br />Special, Product/Download Requires Shipping','2','102','','2008-07-20 12:06:20','','zen_cfg_select_drop_down(array(array(\'id\'=>\'1\', \'text\'=>\'Yes, Always ON\'), array(\'id\'=>\'0\', \'text\'=>\'No, Always OFF\'), array(\'id\'=>\'2\', \'text\'=>\'Special\')), ')
INSERT INTO product_type_layout VALUES('38','Show Product Reviews Count','SHOW_DOCUMENT_GENERAL_INFO_REVIEWS_COUNT','1','Display Product Reviews Count on Product Info 0= off 1= on','3','7','','2008-07-20 12:06:20','','zen_cfg_select_drop_down(array(array(\'id\'=>\'1\', \'text\'=>\'True\'), array(\'id\'=>\'0\', \'text\'=>\'False\')), ')
INSERT INTO product_type_layout VALUES('39','Show Product Reviews Button','SHOW_DOCUMENT_GENERAL_INFO_REVIEWS','1','Display Product Reviews Button on Product Info 0= off 1= on','3','8','','2008-07-20 12:06:20','','zen_cfg_select_drop_down(array(array(\'id\'=>\'1\', \'text\'=>\'True\'), array(\'id\'=>\'0\', \'text\'=>\'False\')), ')
INSERT INTO product_type_layout VALUES('40','Show Date Available','SHOW_DOCUMENT_GENERAL_INFO_DATE_AVAILABLE','1','Display Date Available on Product Info 0= off 1= on','3','9','','2008-07-20 12:06:20','','zen_cfg_select_drop_down(array(array(\'id\'=>\'1\', \'text\'=>\'True\'), array(\'id\'=>\'0\', \'text\'=>\'False\')), ')
INSERT INTO product_type_layout VALUES('41','Show Date Added','SHOW_DOCUMENT_GENERAL_INFO_DATE_ADDED','1','Display Date Added on Product Info 0= off 1= on','3','10','','2008-07-20 12:06:20','','zen_cfg_select_drop_down(array(array(\'id\'=>\'1\', \'text\'=>\'True\'), array(\'id\'=>\'0\', \'text\'=>\'False\')), ')
INSERT INTO product_type_layout VALUES('42','Show Product Tell a Friend button','SHOW_DOCUMENT_GENERAL_INFO_TELL_A_FRIEND','1','Display the Tell a Friend button on Product Info<br /><br />Note: Turning this setting off does not affect the Tell a Friend box in the columns and turning off the Tell a Friend box does not affect the button<br />0= off 1= on','3','15','','2008-07-20 12:06:21','','zen_cfg_select_drop_down(array(array(\'id\'=>\'1\', \'text\'=>\'True\'), array(\'id\'=>\'0\', \'text\'=>\'False\')), ')
INSERT INTO product_type_layout VALUES('43','Show Product URL','SHOW_DOCUMENT_GENERAL_INFO_URL','1','Display URL on Product Info 0= off 1= on','3','11','','2008-07-20 12:06:21','','zen_cfg_select_drop_down(array(array(\'id\'=>\'1\', \'text\'=>\'True\'), array(\'id\'=>\'0\', \'text\'=>\'False\')), ')
INSERT INTO product_type_layout VALUES('44','Show Product Additional Images','SHOW_DOCUMENT_GENERAL_INFO_ADDITIONAL_IMAGES','1','Display Additional Images on Product Info 0= off 1= on','3','13','','2008-07-20 12:06:21','','zen_cfg_select_drop_down(array(array(\'id\'=>\'1\', \'text\'=>\'True\'), array(\'id\'=>\'0\', \'text\'=>\'False\')), ')
INSERT INTO product_type_layout VALUES('45','Show Model Number','SHOW_DOCUMENT_PRODUCT_INFO_MODEL','1','Display Model Number on Product Info 0= off 1= on','4','1','','2008-07-20 12:06:21','','zen_cfg_select_drop_down(array(array(\'id\'=>\'1\', \'text\'=>\'True\'), array(\'id\'=>\'0\', \'text\'=>\'False\')), ')
INSERT INTO product_type_layout VALUES('46','Show Weight','SHOW_DOCUMENT_PRODUCT_INFO_WEIGHT','0','Display Weight on Product Info 0= off 1= on','4','2','','2008-07-20 12:06:21','','zen_cfg_select_drop_down(array(array(\'id\'=>\'1\', \'text\'=>\'True\'), array(\'id\'=>\'0\', \'text\'=>\'False\')), ')
INSERT INTO product_type_layout VALUES('47','Show Attribute Weight','SHOW_DOCUMENT_PRODUCT_INFO_WEIGHT_ATTRIBUTES','1','Display Attribute Weight on Product Info 0= off 1= on','4','3','','2008-07-20 12:06:21','','zen_cfg_select_drop_down(array(array(\'id\'=>\'1\', \'text\'=>\'True\'), array(\'id\'=>\'0\', \'text\'=>\'False\')), ')
INSERT INTO product_type_layout VALUES('48','Show Manufacturer','SHOW_DOCUMENT_PRODUCT_INFO_MANUFACTURER','1','Display Manufacturer Name on Product Info 0= off 1= on','4','4','','2008-07-20 12:06:21','','zen_cfg_select_drop_down(array(array(\'id\'=>\'1\', \'text\'=>\'True\'), array(\'id\'=>\'0\', \'text\'=>\'False\')), ')
INSERT INTO product_type_layout VALUES('49','Show Quantity in Shopping Cart','SHOW_DOCUMENT_PRODUCT_INFO_IN_CART_QTY','1','Display Quantity in Current Shopping Cart on Product Info 0= off 1= on','4','5','','2008-07-20 12:06:21','','zen_cfg_select_drop_down(array(array(\'id\'=>\'1\', \'text\'=>\'True\'), array(\'id\'=>\'0\', \'text\'=>\'False\')), ')
INSERT INTO product_type_layout VALUES('50','Show Quantity in Stock','SHOW_DOCUMENT_PRODUCT_INFO_QUANTITY','0','Display Quantity in Stock on Product Info 0= off 1= on','4','6','','2008-07-20 12:06:21','','zen_cfg_select_drop_down(array(array(\'id\'=>\'1\', \'text\'=>\'True\'), array(\'id\'=>\'0\', \'text\'=>\'False\')), ')
INSERT INTO product_type_layout VALUES('51','Show Product Reviews Count','SHOW_DOCUMENT_PRODUCT_INFO_REVIEWS_COUNT','1','Display Product Reviews Count on Product Info 0= off 1= on','4','7','','2008-07-20 12:06:21','','zen_cfg_select_drop_down(array(array(\'id\'=>\'1\', \'text\'=>\'True\'), array(\'id\'=>\'0\', \'text\'=>\'False\')), ')
INSERT INTO product_type_layout VALUES('52','Show Product Reviews Button','SHOW_DOCUMENT_PRODUCT_INFO_REVIEWS','1','Display Product Reviews Button on Product Info 0= off 1= on','4','8','','2008-07-20 12:06:21','','zen_cfg_select_drop_down(array(array(\'id\'=>\'1\', \'text\'=>\'True\'), array(\'id\'=>\'0\', \'text\'=>\'False\')), ')
INSERT INTO product_type_layout VALUES('53','Show Date Available','SHOW_DOCUMENT_PRODUCT_INFO_DATE_AVAILABLE','1','Display Date Available on Product Info 0= off 1= on','4','9','','2008-07-20 12:06:21','','zen_cfg_select_drop_down(array(array(\'id\'=>\'1\', \'text\'=>\'True\'), array(\'id\'=>\'0\', \'text\'=>\'False\')), ')
INSERT INTO product_type_layout VALUES('54','Show Date Added','SHOW_DOCUMENT_PRODUCT_INFO_DATE_ADDED','1','Display Date Added on Product Info 0= off 1= on','4','10','','2008-07-20 12:06:21','','zen_cfg_select_drop_down(array(array(\'id\'=>\'1\', \'text\'=>\'True\'), array(\'id\'=>\'0\', \'text\'=>\'False\')), ')
INSERT INTO product_type_layout VALUES('55','Show Product URL','SHOW_DOCUMENT_PRODUCT_INFO_URL','1','Display URL on Product Info 0= off 1= on','4','11','','2008-07-20 12:06:21','','zen_cfg_select_drop_down(array(array(\'id\'=>\'1\', \'text\'=>\'True\'), array(\'id\'=>\'0\', \'text\'=>\'False\')), ')
INSERT INTO product_type_layout VALUES('56','Show Product Additional Images','SHOW_DOCUMENT_PRODUCT_INFO_ADDITIONAL_IMAGES','1','Display Additional Images on Product Info 0= off 1= on','4','13','','2008-07-20 12:06:21','','zen_cfg_select_drop_down(array(array(\'id\'=>\'1\', \'text\'=>\'True\'), array(\'id\'=>\'0\', \'text\'=>\'False\')), ')
INSERT INTO product_type_layout VALUES('57','Show Starting At text on Price','SHOW_DOCUMENT_PRODUCT_INFO_STARTING_AT','1','Display Starting At text on products with attributes Product Info 0= off 1= on','4','12','','2008-07-20 12:06:21','','zen_cfg_select_drop_down(array(array(\'id\'=>\'1\', \'text\'=>\'True\'), array(\'id\'=>\'0\', \'text\'=>\'False\')), ')
INSERT INTO product_type_layout VALUES('58','Show Product Tell a Friend button','SHOW_DOCUMENT_PRODUCT_INFO_TELL_A_FRIEND','1','Display the Tell a Friend button on Product Info<br /><br />Note: Turning this setting off does not affect the Tell a Friend box in the columns and turning off the Tell a Friend box does not affect the button<br />0= off 1= on','4','15','','2008-07-20 12:06:21','','zen_cfg_select_drop_down(array(array(\'id\'=>\'1\', \'text\'=>\'True\'), array(\'id\'=>\'0\', \'text\'=>\'False\')), ')
INSERT INTO product_type_layout VALUES('59','Product Free Shipping Image Status - Catalog','SHOW_DOCUMENT_PRODUCT_INFO_ALWAYS_FREE_SHIPPING_IMAGE_SWITCH','0','Show the Free Shipping image/text in the catalog?','4','16','','2008-07-20 12:06:21','','zen_cfg_select_drop_down(array(array(\'id\'=>\'1\', \'text\'=>\'Yes\'), array(\'id\'=>\'0\', \'text\'=>\'No\')), ')
INSERT INTO product_type_layout VALUES('60','Product Price Tax Class Default - When adding new products?','DEFAULT_DOCUMENT_PRODUCT_TAX_CLASS_ID','0','What should the Product Price Tax Class Default ID be when adding new products?','4','100','','2008-07-20 12:06:21','','')
INSERT INTO product_type_layout VALUES('61','Product Virtual Default Status - Skip Shipping Address - When adding new products?','DEFAULT_DOCUMENT_PRODUCT_PRODUCTS_VIRTUAL','0','Default Virtual Product status to be ON when adding new products?','4','101','','2008-07-20 12:06:21','','zen_cfg_select_drop_down(array(array(\'id\'=>\'1\', \'text\'=>\'True\'), array(\'id\'=>\'0\', \'text\'=>\'False\')), ')
INSERT INTO product_type_layout VALUES('62','Product Free Shipping Default Status - Normal Shipping Rules - When adding new products?','DEFAULT_DOCUMENT_PRODUCT_PRODUCTS_IS_ALWAYS_FREE_SHIPPING','0','What should the Default Free Shipping status be when adding new products?<br />Yes, Always Free Shipping ON<br />No, Always Free Shipping OFF<br />Special, Product/Download Requires Shipping','4','102','','2008-07-20 12:06:21','','zen_cfg_select_drop_down(array(array(\'id\'=>\'1\', \'text\'=>\'Yes, Always ON\'), array(\'id\'=>\'0\', \'text\'=>\'No, Always OFF\'), array(\'id\'=>\'2\', \'text\'=>\'Special\')), ')
INSERT INTO product_type_layout VALUES('63','Show Model Number','SHOW_PRODUCT_FREE_SHIPPING_INFO_MODEL','1','Display Model Number on Product Info 0= off 1= on','5','1','','2008-07-20 12:06:21','','zen_cfg_select_drop_down(array(array(\'id\'=>\'1\', \'text\'=>\'True\'), array(\'id\'=>\'0\', \'text\'=>\'False\')), ')
INSERT INTO product_type_layout VALUES('64','Show Weight','SHOW_PRODUCT_FREE_SHIPPING_INFO_WEIGHT','0','Display Weight on Product Info 0= off 1= on','5','2','','2008-07-20 12:06:21','','zen_cfg_select_drop_down(array(array(\'id\'=>\'1\', \'text\'=>\'True\'), array(\'id\'=>\'0\', \'text\'=>\'False\')), ')
INSERT INTO product_type_layout VALUES('65','Show Attribute Weight','SHOW_PRODUCT_FREE_SHIPPING_INFO_WEIGHT_ATTRIBUTES','1','Display Attribute Weight on Product Info 0= off 1= on','5','3','','2008-07-20 12:06:21','','zen_cfg_select_drop_down(array(array(\'id\'=>\'1\', \'text\'=>\'True\'), array(\'id\'=>\'0\', \'text\'=>\'False\')), ')
INSERT INTO product_type_layout VALUES('66','Show Manufacturer','SHOW_PRODUCT_FREE_SHIPPING_INFO_MANUFACTURER','1','Display Manufacturer Name on Product Info 0= off 1= on','5','4','','2008-07-20 12:06:21','','zen_cfg_select_drop_down(array(array(\'id\'=>\'1\', \'text\'=>\'True\'), array(\'id\'=>\'0\', \'text\'=>\'False\')), ')
INSERT INTO product_type_layout VALUES('67','Show Quantity in Shopping Cart','SHOW_PRODUCT_FREE_SHIPPING_INFO_IN_CART_QTY','1','Display Quantity in Current Shopping Cart on Product Info 0= off 1= on','5','5','','2008-07-20 12:06:21','','zen_cfg_select_drop_down(array(array(\'id\'=>\'1\', \'text\'=>\'True\'), array(\'id\'=>\'0\', \'text\'=>\'False\')), ')
INSERT INTO product_type_layout VALUES('68','Show Quantity in Stock','SHOW_PRODUCT_FREE_SHIPPING_INFO_QUANTITY','1','Display Quantity in Stock on Product Info 0= off 1= on','5','6','','2008-07-20 12:06:21','','zen_cfg_select_drop_down(array(array(\'id\'=>\'1\', \'text\'=>\'True\'), array(\'id\'=>\'0\', \'text\'=>\'False\')), ')
INSERT INTO product_type_layout VALUES('69','Show Product Reviews Count','SHOW_PRODUCT_FREE_SHIPPING_INFO_REVIEWS_COUNT','1','Display Product Reviews Count on Product Info 0= off 1= on','5','7','','2008-07-20 12:06:21','','zen_cfg_select_drop_down(array(array(\'id\'=>\'1\', \'text\'=>\'True\'), array(\'id\'=>\'0\', \'text\'=>\'False\')), ')
INSERT INTO product_type_layout VALUES('70','Show Product Reviews Button','SHOW_PRODUCT_FREE_SHIPPING_INFO_REVIEWS','1','Display Product Reviews Button on Product Info 0= off 1= on','5','8','','2008-07-20 12:06:21','','zen_cfg_select_drop_down(array(array(\'id\'=>\'1\', \'text\'=>\'True\'), array(\'id\'=>\'0\', \'text\'=>\'False\')), ')
INSERT INTO product_type_layout VALUES('71','Show Date Available','SHOW_PRODUCT_FREE_SHIPPING_INFO_DATE_AVAILABLE','0','Display Date Available on Product Info 0= off 1= on','5','9','','2008-07-20 12:06:21','','zen_cfg_select_drop_down(array(array(\'id\'=>\'1\', \'text\'=>\'True\'), array(\'id\'=>\'0\', \'text\'=>\'False\')), ')
INSERT INTO product_type_layout VALUES('72','Show Date Added','SHOW_PRODUCT_FREE_SHIPPING_INFO_DATE_ADDED','1','Display Date Added on Product Info 0= off 1= on','5','10','','2008-07-20 12:06:21','','zen_cfg_select_drop_down(array(array(\'id\'=>\'1\', \'text\'=>\'True\'), array(\'id\'=>\'0\', \'text\'=>\'False\')), ')
INSERT INTO product_type_layout VALUES('73','Show Product URL','SHOW_PRODUCT_FREE_SHIPPING_INFO_URL','1','Display URL on Product Info 0= off 1= on','5','11','','2008-07-20 12:06:21','','zen_cfg_select_drop_down(array(array(\'id\'=>\'1\', \'text\'=>\'True\'), array(\'id\'=>\'0\', \'text\'=>\'False\')), ')
INSERT INTO product_type_layout VALUES('74','Show Product Additional Images','SHOW_PRODUCT_FREE_SHIPPING_INFO_ADDITIONAL_IMAGES','1','Display Additional Images on Product Info 0= off 1= on','5','13','','2008-07-20 12:06:21','','zen_cfg_select_drop_down(array(array(\'id\'=>\'1\', \'text\'=>\'True\'), array(\'id\'=>\'0\', \'text\'=>\'False\')), ')
INSERT INTO product_type_layout VALUES('75','Show Starting At text on Price','SHOW_PRODUCT_FREE_SHIPPING_INFO_STARTING_AT','1','Display Starting At text on products with attributes Product Info 0= off 1= on','5','12','','2008-07-20 12:06:21','','zen_cfg_select_drop_down(array(array(\'id\'=>\'1\', \'text\'=>\'True\'), array(\'id\'=>\'0\', \'text\'=>\'False\')), ')
INSERT INTO product_type_layout VALUES('76','Show Product Tell a Friend button','SHOW_PRODUCT_FREE_SHIPPING_INFO_TELL_A_FRIEND','1','Display the Tell a Friend button on Product Info<br /><br />Note: Turning this setting off does not affect the Tell a Friend box in the columns and turning off the Tell a Friend box does not affect the button<br />0= off 1= on','5','15','','2008-07-20 12:06:21','','zen_cfg_select_drop_down(array(array(\'id\'=>\'1\', \'text\'=>\'True\'), array(\'id\'=>\'0\', \'text\'=>\'False\')), ')
INSERT INTO product_type_layout VALUES('77','Product Free Shipping Image Status - Catalog','SHOW_PRODUCT_FREE_SHIPPING_INFO_ALWAYS_FREE_SHIPPING_IMAGE_SWITCH','1','Show the Free Shipping image/text in the catalog?','5','16','','2008-07-20 12:06:21','','zen_cfg_select_drop_down(array(array(\'id\'=>\'1\', \'text\'=>\'Yes\'), array(\'id\'=>\'0\', \'text\'=>\'No\')), ')
INSERT INTO product_type_layout VALUES('78','Product Price Tax Class Default - When adding new products?','DEFAULT_PRODUCT_FREE_SHIPPING_TAX_CLASS_ID','0','What should the Product Price Tax Class Default ID be when adding new products?','5','100','','2008-07-20 12:06:21','','')
INSERT INTO product_type_layout VALUES('79','Product Virtual Default Status - Skip Shipping Address - When adding new products?','DEFAULT_PRODUCT_FREE_SHIPPING_PRODUCTS_VIRTUAL','0','Default Virtual Product status to be ON when adding new products?','5','101','','2008-07-20 12:06:21','','zen_cfg_select_drop_down(array(array(\'id\'=>\'1\', \'text\'=>\'True\'), array(\'id\'=>\'0\', \'text\'=>\'False\')), ')
INSERT INTO product_type_layout VALUES('80','Product Free Shipping Default Status - Normal Shipping Rules - When adding new products?','DEFAULT_PRODUCT_FREE_SHIPPING_PRODUCTS_IS_ALWAYS_FREE_SHIPPING','1','What should the Default Free Shipping status be when adding new products?<br />Yes, Always Free Shipping ON<br />No, Always Free Shipping OFF<br />Special, Product/Download Requires Shipping','5','102','','2008-07-20 12:06:21','','zen_cfg_select_drop_down(array(array(\'id\'=>\'1\', \'text\'=>\'Yes, Always ON\'), array(\'id\'=>\'0\', \'text\'=>\'No, Always OFF\'), array(\'id\'=>\'2\', \'text\'=>\'Special\')), ')
INSERT INTO product_type_layout VALUES('81','Show Metatags Title Default - Product Title','SHOW_PRODUCT_INFO_METATAGS_TITLE_STATUS','1','Display Product Title in Meta Tags Title 0= off 1= on','1','50','','2008-07-20 12:06:21','','zen_cfg_select_drop_down(array(array(\'id\'=>\'1\', \'text\'=>\'True\'), array(\'id\'=>\'0\', \'text\'=>\'False\')), ')
INSERT INTO product_type_layout VALUES('82','Show Metatags Title Default - Product Name','SHOW_PRODUCT_INFO_METATAGS_PRODUCTS_NAME_STATUS','1','Display Product Name in Meta Tags Title 0= off 1= on','1','51','','2008-07-20 12:06:21','','zen_cfg_select_drop_down(array(array(\'id\'=>\'1\', \'text\'=>\'True\'), array(\'id\'=>\'0\', \'text\'=>\'False\')), ')
INSERT INTO product_type_layout VALUES('83','Show Metatags Title Default - Product Model','SHOW_PRODUCT_INFO_METATAGS_MODEL_STATUS','1','Display Product Model in Meta Tags Title 0= off 1= on','1','52','','2008-07-20 12:06:21','','zen_cfg_select_drop_down(array(array(\'id\'=>\'1\', \'text\'=>\'True\'), array(\'id\'=>\'0\', \'text\'=>\'False\')), ')
INSERT INTO product_type_layout VALUES('84','Show Metatags Title Default - Product Price','SHOW_PRODUCT_INFO_METATAGS_PRICE_STATUS','1','Display Product Price in Meta Tags Title 0= off 1= on','1','53','','2008-07-20 12:06:21','','zen_cfg_select_drop_down(array(array(\'id\'=>\'1\', \'text\'=>\'True\'), array(\'id\'=>\'0\', \'text\'=>\'False\')), ')
INSERT INTO product_type_layout VALUES('85','Show Metatags Title Default - Product Tagline','SHOW_PRODUCT_INFO_METATAGS_TITLE_TAGLINE_STATUS','1','Display Product Tagline in Meta Tags Title 0= off 1= on','1','54','','2008-07-20 12:06:21','','zen_cfg_select_drop_down(array(array(\'id\'=>\'1\', \'text\'=>\'True\'), array(\'id\'=>\'0\', \'text\'=>\'False\')), ')
INSERT INTO product_type_layout VALUES('86','Show Metatags Title Default - Product Title','SHOW_PRODUCT_MUSIC_INFO_METATAGS_TITLE_STATUS','1','Display Product Title in Meta Tags Title 0= off 1= on','2','50','','2008-07-20 12:06:21','','zen_cfg_select_drop_down(array(array(\'id\'=>\'1\', \'text\'=>\'True\'), array(\'id\'=>\'0\', \'text\'=>\'False\')), ')
INSERT INTO product_type_layout VALUES('87','Show Metatags Title Default - Product Name','SHOW_PRODUCT_MUSIC_INFO_METATAGS_PRODUCTS_NAME_STATUS','1','Display Product Name in Meta Tags Title 0= off 1= on','2','51','','2008-07-20 12:06:21','','zen_cfg_select_drop_down(array(array(\'id\'=>\'1\', \'text\'=>\'True\'), array(\'id\'=>\'0\', \'text\'=>\'False\')), ')
INSERT INTO product_type_layout VALUES('88','Show Metatags Title Default - Product Model','SHOW_PRODUCT_MUSIC_INFO_METATAGS_MODEL_STATUS','1','Display Product Model in Meta Tags Title 0= off 1= on','2','52','','2008-07-20 12:06:21','','zen_cfg_select_drop_down(array(array(\'id\'=>\'1\', \'text\'=>\'True\'), array(\'id\'=>\'0\', \'text\'=>\'False\')), ')
INSERT INTO product_type_layout VALUES('89','Show Metatags Title Default - Product Price','SHOW_PRODUCT_MUSIC_INFO_METATAGS_PRICE_STATUS','1','Display Product Price in Meta Tags Title 0= off 1= on','2','53','','2008-07-20 12:06:21','','zen_cfg_select_drop_down(array(array(\'id\'=>\'1\', \'text\'=>\'True\'), array(\'id\'=>\'0\', \'text\'=>\'False\')), ')
INSERT INTO product_type_layout VALUES('90','Show Metatags Title Default - Product Tagline','SHOW_PRODUCT_MUSIC_INFO_METATAGS_TITLE_TAGLINE_STATUS','1','Display Product Tagline in Meta Tags Title 0= off 1= on','2','54','','2008-07-20 12:06:21','','zen_cfg_select_drop_down(array(array(\'id\'=>\'1\', \'text\'=>\'True\'), array(\'id\'=>\'0\', \'text\'=>\'False\')), ')
INSERT INTO product_type_layout VALUES('91','Show Metatags Title Default - Document Title','SHOW_DOCUMENT_GENERAL_INFO_METATAGS_TITLE_STATUS','1','Display Document Title in Meta Tags Title 0= off 1= on','3','50','','2008-07-20 12:06:21','','zen_cfg_select_drop_down(array(array(\'id\'=>\'1\', \'text\'=>\'True\'), array(\'id\'=>\'0\', \'text\'=>\'False\')), ')
INSERT INTO product_type_layout VALUES('92','Show Metatags Title Default - Document Name','SHOW_DOCUMENT_GENERAL_INFO_METATAGS_PRODUCTS_NAME_STATUS','1','Display Document Name in Meta Tags Title 0= off 1= on','3','51','','2008-07-20 12:06:21','','zen_cfg_select_drop_down(array(array(\'id\'=>\'1\', \'text\'=>\'True\'), array(\'id\'=>\'0\', \'text\'=>\'False\')), ')
INSERT INTO product_type_layout VALUES('93','Show Metatags Title Default - Document Tagline','SHOW_DOCUMENT_GENERAL_INFO_METATAGS_TITLE_TAGLINE_STATUS','1','Display Document Tagline in Meta Tags Title 0= off 1= on','3','54','','2008-07-20 12:06:21','','zen_cfg_select_drop_down(array(array(\'id\'=>\'1\', \'text\'=>\'True\'), array(\'id\'=>\'0\', \'text\'=>\'False\')), ')
INSERT INTO product_type_layout VALUES('94','Show Metatags Title Default - Document Title','SHOW_DOCUMENT_PRODUCT_INFO_METATAGS_TITLE_STATUS','1','Display Document Title in Meta Tags Title 0= off 1= on','4','50','','2008-07-20 12:06:21','','zen_cfg_select_drop_down(array(array(\'id\'=>\'1\', \'text\'=>\'True\'), array(\'id\'=>\'0\', \'text\'=>\'False\')), ')
INSERT INTO product_type_layout VALUES('95','Show Metatags Title Default - Document Name','SHOW_DOCUMENT_PRODUCT_INFO_METATAGS_PRODUCTS_NAME_STATUS','1','Display Document Name in Meta Tags Title 0= off 1= on','4','51','','2008-07-20 12:06:21','','zen_cfg_select_drop_down(array(array(\'id\'=>\'1\', \'text\'=>\'True\'), array(\'id\'=>\'0\', \'text\'=>\'False\')), ')
INSERT INTO product_type_layout VALUES('96','Show Metatags Title Default - Document Model','SHOW_DOCUMENT_PRODUCT_INFO_METATAGS_MODEL_STATUS','1','Display Document Model in Meta Tags Title 0= off 1= on','4','52','','2008-07-20 12:06:21','','zen_cfg_select_drop_down(array(array(\'id\'=>\'1\', \'text\'=>\'True\'), array(\'id\'=>\'0\', \'text\'=>\'False\')), ')
INSERT INTO product_type_layout VALUES('97','Show Metatags Title Default - Document Price','SHOW_DOCUMENT_PRODUCT_INFO_METATAGS_PRICE_STATUS','1','Display Document Price in Meta Tags Title 0= off 1= on','4','53','','2008-07-20 12:06:21','','zen_cfg_select_drop_down(array(array(\'id\'=>\'1\', \'text\'=>\'True\'), array(\'id\'=>\'0\', \'text\'=>\'False\')), ')
INSERT INTO product_type_layout VALUES('98','Show Metatags Title Default - Document Tagline','SHOW_DOCUMENT_PRODUCT_INFO_METATAGS_TITLE_TAGLINE_STATUS','1','Display Document Tagline in Meta Tags Title 0= off 1= on','4','54','','2008-07-20 12:06:21','','zen_cfg_select_drop_down(array(array(\'id\'=>\'1\', \'text\'=>\'True\'), array(\'id\'=>\'0\', \'text\'=>\'False\')), ')
INSERT INTO product_type_layout VALUES('99','Show Metatags Title Default - Product Title','SHOW_PRODUCT_FREE_SHIPPING_INFO_METATAGS_TITLE_STATUS','1','Display Product Title in Meta Tags Title 0= off 1= on','5','50','','2008-07-20 12:06:21','','zen_cfg_select_drop_down(array(array(\'id\'=>\'1\', \'text\'=>\'True\'), array(\'id\'=>\'0\', \'text\'=>\'False\')), ')
INSERT INTO product_type_layout VALUES('100','Show Metatags Title Default - Product Name','SHOW_PRODUCT_FREE_SHIPPING_INFO_METATAGS_PRODUCTS_NAME_STATUS','1','Display Product Name in Meta Tags Title 0= off 1= on','5','51','','2008-07-20 12:06:21','','zen_cfg_select_drop_down(array(array(\'id\'=>\'1\', \'text\'=>\'True\'), array(\'id\'=>\'0\', \'text\'=>\'False\')), ')
INSERT INTO product_type_layout VALUES('101','Show Metatags Title Default - Product Model','SHOW_PRODUCT_FREE_SHIPPING_INFO_METATAGS_MODEL_STATUS','1','Display Product Model in Meta Tags Title 0= off 1= on','5','52','','2008-07-20 12:06:21','','zen_cfg_select_drop_down(array(array(\'id\'=>\'1\', \'text\'=>\'True\'), array(\'id\'=>\'0\', \'text\'=>\'False\')), ')
INSERT INTO product_type_layout VALUES('102','Show Metatags Title Default - Product Price','SHOW_PRODUCT_FREE_SHIPPING_INFO_METATAGS_PRICE_STATUS','1','Display Product Price in Meta Tags Title 0= off 1= on','5','53','','2008-07-20 12:06:21','','zen_cfg_select_drop_down(array(array(\'id\'=>\'1\', \'text\'=>\'True\'), array(\'id\'=>\'0\', \'text\'=>\'False\')), ')
INSERT INTO product_type_layout VALUES('103','Show Metatags Title Default - Product Tagline','SHOW_PRODUCT_FREE_SHIPPING_INFO_METATAGS_TITLE_TAGLINE_STATUS','1','Display Product Tagline in Meta Tags Title 0= off 1= on','5','54','','2008-07-20 12:06:21','','zen_cfg_select_drop_down(array(array(\'id\'=>\'1\', \'text\'=>\'True\'), array(\'id\'=>\'0\', \'text\'=>\'False\')), ')
INSERT INTO product_type_layout VALUES('104','PRODUCT Attribute is Display Only - Default','DEFAULT_PRODUCT_ATTRIBUTES_DISPLAY_ONLY','0','PRODUCT Attribute is Display Only<br />Used For Display Purposes Only<br />0= No 1= Yes','1','200','','2008-07-20 12:06:21','','zen_cfg_select_drop_down(array(array(\'id\'=>\'1\', \'text\'=>\'Yes\'), array(\'id\'=>\'0\', \'text\'=>\'No\')), ')
INSERT INTO product_type_layout VALUES('105','PRODUCT Attribute is Free - Default','DEFAULT_PRODUCT_ATTRIBUTE_IS_FREE','1','PRODUCT Attribute is Free<br />Attribute is Free When Product is Free<br />0= No 1= Yes','1','201','','2008-07-20 12:06:21','','zen_cfg_select_drop_down(array(array(\'id\'=>\'1\', \'text\'=>\'Yes\'), array(\'id\'=>\'0\', \'text\'=>\'No\')), ')
INSERT INTO product_type_layout VALUES('106','PRODUCT Attribute is Default - Default','DEFAULT_PRODUCT_ATTRIBUTES_DEFAULT','0','PRODUCT Attribute is Default<br />Default Attribute to be Marked Selected<br />0= No 1= Yes','1','202','','2008-07-20 12:06:21','','zen_cfg_select_drop_down(array(array(\'id\'=>\'1\', \'text\'=>\'Yes\'), array(\'id\'=>\'0\', \'text\'=>\'No\')), ')
INSERT INTO product_type_layout VALUES('107','PRODUCT Attribute is Discounted - Default','DEFAULT_PRODUCT_ATTRIBUTES_DISCOUNTED','1','PRODUCT Attribute is Discounted<br />Apply Discounts Used by Product Special/Sale<br />0= No 1= Yes','1','203','','2008-07-20 12:06:21','','zen_cfg_select_drop_down(array(array(\'id\'=>\'1\', \'text\'=>\'Yes\'), array(\'id\'=>\'0\', \'text\'=>\'No\')), ')
INSERT INTO product_type_layout VALUES('108','PRODUCT Attribute is Included in Base Price - Default','DEFAULT_PRODUCT_ATTRIBUTES_PRICE_BASE_INCLUDED','1','PRODUCT Attribute is Included in Base Price<br />Include in Base Price When Priced by Attributes<br />0= No 1= Yes','1','204','','2008-07-20 12:06:21','','zen_cfg_select_drop_down(array(array(\'id\'=>\'1\', \'text\'=>\'Yes\'), array(\'id\'=>\'0\', \'text\'=>\'No\')), ')
INSERT INTO product_type_layout VALUES('109','PRODUCT Attribute is Required - Default','DEFAULT_PRODUCT_ATTRIBUTES_REQUIRED','0','PRODUCT Attribute is Required<br />Attribute Required for Text<br />0= No 1= Yes','1','205','','2008-07-20 12:06:21','','zen_cfg_select_drop_down(array(array(\'id\'=>\'1\', \'text\'=>\'Yes\'), array(\'id\'=>\'0\', \'text\'=>\'No\')), ')
INSERT INTO product_type_layout VALUES('110','PRODUCT Attribute Price Prefix - Default','DEFAULT_PRODUCT_PRICE_PREFIX','1','PRODUCT Attribute Price Prefix<br />Default Attribute Price Prefix for Adding<br />Blank, + or -','1','206','','2008-07-20 12:06:21','','zen_cfg_select_drop_down(array(array(\'id\'=>\'0\', \'text\'=>\'Blank\'), array(\'id\'=>\'1\', \'text\'=>\'+\'), array(\'id\'=>\'2\', \'text\'=>\'-\')), ')
INSERT INTO product_type_layout VALUES('111','PRODUCT Attribute Weight Prefix - Default','DEFAULT_PRODUCT_PRODUCTS_ATTRIBUTES_WEIGHT_PREFIX','1','PRODUCT Attribute Weight Prefix<br />Default Attribute Weight Prefix<br />Blank, + or -','1','207','','2008-07-20 12:06:21','','zen_cfg_select_drop_down(array(array(\'id\'=>\'0\', \'text\'=>\'Blank\'), array(\'id\'=>\'1\', \'text\'=>\'+\'), array(\'id\'=>\'2\', \'text\'=>\'-\')), ')
INSERT INTO product_type_layout VALUES('112','MUSIC Attribute is Display Only - Default','DEFAULT_PRODUCT_MUSIC_ATTRIBUTES_DISPLAY_ONLY','0','MUSIC Attribute is Display Only<br />Used For Display Purposes Only<br />0= No 1= Yes','2','200','','2008-07-20 12:06:21','','zen_cfg_select_drop_down(array(array(\'id\'=>\'1\', \'text\'=>\'Yes\'), array(\'id\'=>\'0\', \'text\'=>\'No\')), ')
INSERT INTO product_type_layout VALUES('113','MUSIC Attribute is Free - Default','DEFAULT_PRODUCT_MUSIC_ATTRIBUTE_IS_FREE','1','MUSIC Attribute is Free<br />Attribute is Free When Product is Free<br />0= No 1= Yes','2','201','','2008-07-20 12:06:21','','zen_cfg_select_drop_down(array(array(\'id\'=>\'1\', \'text\'=>\'Yes\'), array(\'id\'=>\'0\', \'text\'=>\'No\')), ')
INSERT INTO product_type_layout VALUES('114','MUSIC Attribute is Default - Default','DEFAULT_PRODUCT_MUSIC_ATTRIBUTES_DEFAULT','0','MUSIC Attribute is Default<br />Default Attribute to be Marked Selected<br />0= No 1= Yes','2','202','','2008-07-20 12:06:21','','zen_cfg_select_drop_down(array(array(\'id\'=>\'1\', \'text\'=>\'Yes\'), array(\'id\'=>\'0\', \'text\'=>\'No\')), ')
INSERT INTO product_type_layout VALUES('115','MUSIC Attribute is Discounted - Default','DEFAULT_PRODUCT_MUSIC_ATTRIBUTES_DISCOUNTED','1','MUSIC Attribute is Discounted<br />Apply Discounts Used by Product Special/Sale<br />0= No 1= Yes','2','203','','2008-07-20 12:06:21','','zen_cfg_select_drop_down(array(array(\'id\'=>\'1\', \'text\'=>\'Yes\'), array(\'id\'=>\'0\', \'text\'=>\'No\')), ')
INSERT INTO product_type_layout VALUES('116','MUSIC Attribute is Included in Base Price - Default','DEFAULT_PRODUCT_MUSIC_ATTRIBUTES_PRICE_BASE_INCLUDED','1','MUSIC Attribute is Included in Base Price<br />Include in Base Price When Priced by Attributes<br />0= No 1= Yes','2','204','','2008-07-20 12:06:21','','zen_cfg_select_drop_down(array(array(\'id\'=>\'1\', \'text\'=>\'Yes\'), array(\'id\'=>\'0\', \'text\'=>\'No\')), ')
INSERT INTO product_type_layout VALUES('117','MUSIC Attribute is Required - Default','DEFAULT_PRODUCT_MUSIC_ATTRIBUTES_REQUIRED','0','MUSIC Attribute is Required<br />Attribute Required for Text<br />0= No 1= Yes','2','205','','2008-07-20 12:06:21','','zen_cfg_select_drop_down(array(array(\'id\'=>\'1\', \'text\'=>\'Yes\'), array(\'id\'=>\'0\', \'text\'=>\'No\')), ')
INSERT INTO product_type_layout VALUES('118','MUSIC Attribute Price Prefix - Default','DEFAULT_PRODUCT_MUSIC_PRICE_PREFIX','1','MUSIC Attribute Price Prefix<br />Default Attribute Price Prefix for Adding<br />Blank, + or -','2','206','','2008-07-20 12:06:21','','zen_cfg_select_drop_down(array(array(\'id\'=>\'0\', \'text\'=>\'Blank\'), array(\'id\'=>\'1\', \'text\'=>\'+\'), array(\'id\'=>\'2\', \'text\'=>\'-\')), ')
INSERT INTO product_type_layout VALUES('119','MUSIC Attribute Weight Prefix - Default','DEFAULT_PRODUCT_MUSIC_PRODUCTS_ATTRIBUTES_WEIGHT_PREFIX','1','MUSIC Attribute Weight Prefix<br />Default Attribute Weight Prefix<br />Blank, + or -','2','207','','2008-07-20 12:06:21','','zen_cfg_select_drop_down(array(array(\'id\'=>\'0\', \'text\'=>\'Blank\'), array(\'id\'=>\'1\', \'text\'=>\'+\'), array(\'id\'=>\'2\', \'text\'=>\'-\')), ')
INSERT INTO product_type_layout VALUES('120','DOCUMENT GENERAL Attribute is Display Only - Default','DEFAULT_DOCUMENT_GENERAL_ATTRIBUTES_DISPLAY_ONLY','0','DOCUMENT GENERAL Attribute is Display Only<br />Used For Display Purposes Only<br />0= No 1= Yes','3','200','','2008-07-20 12:06:21','','zen_cfg_select_drop_down(array(array(\'id\'=>\'1\', \'text\'=>\'Yes\'), array(\'id\'=>\'0\', \'text\'=>\'No\')), ')
INSERT INTO product_type_layout VALUES('121','DOCUMENT GENERAL Attribute is Free - Default','DEFAULT_DOCUMENT_GENERAL_ATTRIBUTE_IS_FREE','1','DOCUMENT GENERAL Attribute is Free<br />Attribute is Free When Product is Free<br />0= No 1= Yes','3','201','','2008-07-20 12:06:21','','zen_cfg_select_drop_down(array(array(\'id\'=>\'1\', \'text\'=>\'Yes\'), array(\'id\'=>\'0\', \'text\'=>\'No\')), ')
INSERT INTO product_type_layout VALUES('122','DOCUMENT GENERAL Attribute is Default - Default','DEFAULT_DOCUMENT_GENERAL_ATTRIBUTES_DEFAULT','0','DOCUMENT GENERAL Attribute is Default<br />Default Attribute to be Marked Selected<br />0= No 1= Yes','3','202','','2008-07-20 12:06:21','','zen_cfg_select_drop_down(array(array(\'id\'=>\'1\', \'text\'=>\'Yes\'), array(\'id\'=>\'0\', \'text\'=>\'No\')), ')
INSERT INTO product_type_layout VALUES('123','DOCUMENT GENERAL Attribute is Discounted - Default','DEFAULT_DOCUMENT_GENERAL_ATTRIBUTES_DISCOUNTED','1','DOCUMENT GENERAL Attribute is Discounted<br />Apply Discounts Used by Product Special/Sale<br />0= No 1= Yes','3','203','','2008-07-20 12:06:21','','zen_cfg_select_drop_down(array(array(\'id\'=>\'1\', \'text\'=>\'Yes\'), array(\'id\'=>\'0\', \'text\'=>\'No\')), ')
INSERT INTO product_type_layout VALUES('124','DOCUMENT GENERAL Attribute is Included in Base Price - Default','DEFAULT_DOCUMENT_GENERAL_ATTRIBUTES_PRICE_BASE_INCLUDED','1','DOCUMENT GENERAL Attribute is Included in Base Price<br />Include in Base Price When Priced by Attributes<br />0= No 1= Yes','3','204','','2008-07-20 12:06:21','','zen_cfg_select_drop_down(array(array(\'id\'=>\'1\', \'text\'=>\'Yes\'), array(\'id\'=>\'0\', \'text\'=>\'No\')), ')
INSERT INTO product_type_layout VALUES('125','DOCUMENT GENERAL Attribute is Required - Default','DEFAULT_DOCUMENT_GENERAL_ATTRIBUTES_REQUIRED','0','DOCUMENT GENERAL Attribute is Required<br />Attribute Required for Text<br />0= No 1= Yes','3','205','','2008-07-20 12:06:21','','zen_cfg_select_drop_down(array(array(\'id\'=>\'1\', \'text\'=>\'Yes\'), array(\'id\'=>\'0\', \'text\'=>\'No\')), ')
INSERT INTO product_type_layout VALUES('126','DOCUMENT GENERAL Attribute Price Prefix - Default','DEFAULT_DOCUMENT_GENERAL_PRICE_PREFIX','1','DOCUMENT GENERAL Attribute Price Prefix<br />Default Attribute Price Prefix for Adding<br />Blank, + or -','3','206','','2008-07-20 12:06:21','','zen_cfg_select_drop_down(array(array(\'id\'=>\'0\', \'text\'=>\'Blank\'), array(\'id\'=>\'1\', \'text\'=>\'+\'), array(\'id\'=>\'2\', \'text\'=>\'-\')), ')
INSERT INTO product_type_layout VALUES('127','DOCUMENT GENERAL Attribute Weight Prefix - Default','DEFAULT_DOCUMENT_GENERAL_PRODUCTS_ATTRIBUTES_WEIGHT_PREFIX','1','DOCUMENT GENERAL Attribute Weight Prefix<br />Default Attribute Weight Prefix<br />Blank, + or -','3','207','','2008-07-20 12:06:21','','zen_cfg_select_drop_down(array(array(\'id\'=>\'0\', \'text\'=>\'Blank\'), array(\'id\'=>\'1\', \'text\'=>\'+\'), array(\'id\'=>\'2\', \'text\'=>\'-\')), ')
INSERT INTO product_type_layout VALUES('128','DOCUMENT PRODUCT Attribute is Display Only - Default','DEFAULT_DOCUMENT_PRODUCT_ATTRIBUTES_DISPLAY_ONLY','0','DOCUMENT PRODUCT Attribute is Display Only<br />Used For Display Purposes Only<br />0= No 1= Yes','4','200','','2008-07-20 12:06:21','','zen_cfg_select_drop_down(array(array(\'id\'=>\'1\', \'text\'=>\'Yes\'), array(\'id\'=>\'0\', \'text\'=>\'No\')), ')
INSERT INTO product_type_layout VALUES('129','DOCUMENT PRODUCT Attribute is Free - Default','DEFAULT_DOCUMENT_PRODUCT_ATTRIBUTE_IS_FREE','1','DOCUMENT PRODUCT Attribute is Free<br />Attribute is Free When Product is Free<br />0= No 1= Yes','4','201','','2008-07-20 12:06:21','','zen_cfg_select_drop_down(array(array(\'id\'=>\'1\', \'text\'=>\'Yes\'), array(\'id\'=>\'0\', \'text\'=>\'No\')), ')
INSERT INTO product_type_layout VALUES('130','DOCUMENT PRODUCT Attribute is Default - Default','DEFAULT_DOCUMENT_PRODUCT_ATTRIBUTES_DEFAULT','0','DOCUMENT PRODUCT Attribute is Default<br />Default Attribute to be Marked Selected<br />0= No 1= Yes','4','202','','2008-07-20 12:06:21','','zen_cfg_select_drop_down(array(array(\'id\'=>\'1\', \'text\'=>\'Yes\'), array(\'id\'=>\'0\', \'text\'=>\'No\')), ')
INSERT INTO product_type_layout VALUES('131','DOCUMENT PRODUCT Attribute is Discounted - Default','DEFAULT_DOCUMENT_PRODUCT_ATTRIBUTES_DISCOUNTED','1','DOCUMENT PRODUCT Attribute is Discounted<br />Apply Discounts Used by Product Special/Sale<br />0= No 1= Yes','4','203','','2008-07-20 12:06:21','','zen_cfg_select_drop_down(array(array(\'id\'=>\'1\', \'text\'=>\'Yes\'), array(\'id\'=>\'0\', \'text\'=>\'No\')), ')
INSERT INTO product_type_layout VALUES('132','DOCUMENT PRODUCT Attribute is Included in Base Price - Default','DEFAULT_DOCUMENT_PRODUCT_ATTRIBUTES_PRICE_BASE_INCLUDED','1','DOCUMENT PRODUCT Attribute is Included in Base Price<br />Include in Base Price When Priced by Attributes<br />0= No 1= Yes','4','204','','2008-07-20 12:06:21','','zen_cfg_select_drop_down(array(array(\'id\'=>\'1\', \'text\'=>\'Yes\'), array(\'id\'=>\'0\', \'text\'=>\'No\')), ')
INSERT INTO product_type_layout VALUES('133','DOCUMENT PRODUCT Attribute is Required - Default','DEFAULT_DOCUMENT_PRODUCT_ATTRIBUTES_REQUIRED','0','DOCUMENT PRODUCT Attribute is Required<br />Attribute Required for Text<br />0= No 1= Yes','4','205','','2008-07-20 12:06:21','','zen_cfg_select_drop_down(array(array(\'id\'=>\'1\', \'text\'=>\'Yes\'), array(\'id\'=>\'0\', \'text\'=>\'No\')), ')
INSERT INTO product_type_layout VALUES('134','DOCUMENT PRODUCT Attribute Price Prefix - Default','DEFAULT_DOCUMENT_PRODUCT_PRICE_PREFIX','1','DOCUMENT PRODUCT Attribute Price Prefix<br />Default Attribute Price Prefix for Adding<br />Blank, + or -','4','206','','2008-07-20 12:06:21','','zen_cfg_select_drop_down(array(array(\'id\'=>\'0\', \'text\'=>\'Blank\'), array(\'id\'=>\'1\', \'text\'=>\'+\'), array(\'id\'=>\'2\', \'text\'=>\'-\')), ')
INSERT INTO product_type_layout VALUES('135','DOCUMENT PRODUCT Attribute Weight Prefix - Default','DEFAULT_DOCUMENT_PRODUCT_PRODUCTS_ATTRIBUTES_WEIGHT_PREFIX','1','DOCUMENT PRODUCT Attribute Weight Prefix<br />Default Attribute Weight Prefix<br />Blank, + or -','4','207','','2008-07-20 12:06:21','','zen_cfg_select_drop_down(array(array(\'id\'=>\'0\', \'text\'=>\'Blank\'), array(\'id\'=>\'1\', \'text\'=>\'+\'), array(\'id\'=>\'2\', \'text\'=>\'-\')), ')
INSERT INTO product_type_layout VALUES('136','PRODUCT FREE SHIPPING Attribute is Display Only - Default','DEFAULT_PRODUCT_FREE_SHIPPING_ATTRIBUTES_DISPLAY_ONLY','0','PRODUCT FREE SHIPPING Attribute is Display Only<br />Used For Display Purposes Only<br />0= No 1= Yes','5','201','','2008-07-20 12:06:21','','zen_cfg_select_drop_down(array(array(\'id\'=>\'1\', \'text\'=>\'Yes\'), array(\'id\'=>\'0\', \'text\'=>\'No\')), ')
INSERT INTO product_type_layout VALUES('137','PRODUCT FREE SHIPPING Attribute is Free - Default','DEFAULT_PRODUCT_FREE_SHIPPING_ATTRIBUTE_IS_FREE','1','PRODUCT FREE SHIPPING Attribute is Free<br />Attribute is Free When Product is Free<br />0= No 1= Yes','5','201','','2008-07-20 12:06:21','','zen_cfg_select_drop_down(array(array(\'id\'=>\'1\', \'text\'=>\'Yes\'), array(\'id\'=>\'0\', \'text\'=>\'No\')), ')
INSERT INTO product_type_layout VALUES('138','PRODUCT FREE SHIPPING Attribute is Default - Default','DEFAULT_PRODUCT_FREE_SHIPPING_ATTRIBUTES_DEFAULT','0','PRODUCT FREE SHIPPING Attribute is Default<br />Default Attribute to be Marked Selected<br />0= No 1= Yes','5','202','','2008-07-20 12:06:21','','zen_cfg_select_drop_down(array(array(\'id\'=>\'1\', \'text\'=>\'Yes\'), array(\'id\'=>\'0\', \'text\'=>\'No\')), ')
INSERT INTO product_type_layout VALUES('139','PRODUCT FREE SHIPPING Attribute is Discounted - Default','DEFAULT_PRODUCT_FREE_SHIPPING_ATTRIBUTES_DISCOUNTED','1','PRODUCT FREE SHIPPING Attribute is Discounted<br />Apply Discounts Used by Product Special/Sale<br />0= No 1= Yes','5','203','','2008-07-20 12:06:21','','zen_cfg_select_drop_down(array(array(\'id\'=>\'1\', \'text\'=>\'Yes\'), array(\'id\'=>\'0\', \'text\'=>\'No\')), ')
INSERT INTO product_type_layout VALUES('140','PRODUCT FREE SHIPPING Attribute is Included in Base Price - Default','DEFAULT_PRODUCT_FREE_SHIPPING_ATTRIBUTES_PRICE_BASE_INCLUDED','1','PRODUCT FREE SHIPPING Attribute is Included in Base Price<br />Include in Base Price When Priced by Attributes<br />0= No 1= Yes','5','204','','2008-07-20 12:06:21','','zen_cfg_select_drop_down(array(array(\'id\'=>\'1\', \'text\'=>\'Yes\'), array(\'id\'=>\'0\', \'text\'=>\'No\')), ')
INSERT INTO product_type_layout VALUES('141','PRODUCT FREE SHIPPING Attribute is Required - Default','DEFAULT_PRODUCT_FREE_SHIPPING_ATTRIBUTES_REQUIRED','0','PRODUCT FREE SHIPPING Attribute is Required<br />Attribute Required for Text<br />0= No 1= Yes','5','205','','2008-07-20 12:06:21','','zen_cfg_select_drop_down(array(array(\'id\'=>\'1\', \'text\'=>\'Yes\'), array(\'id\'=>\'0\', \'text\'=>\'No\')), ')
INSERT INTO product_type_layout VALUES('142','PRODUCT FREE SHIPPING Attribute Price Prefix - Default','DEFAULT_PRODUCT_FREE_SHIPPING_PRICE_PREFIX','1','PRODUCT FREE SHIPPING Attribute Price Prefix<br />Default Attribute Price Prefix for Adding<br />Blank, + or -','5','206','','2008-07-20 12:06:21','','zen_cfg_select_drop_down(array(array(\'id\'=>\'0\', \'text\'=>\'Blank\'), array(\'id\'=>\'1\', \'text\'=>\'+\'), array(\'id\'=>\'2\', \'text\'=>\'-\')), ')
INSERT INTO product_type_layout VALUES('143','PRODUCT FREE SHIPPING Attribute Weight Prefix - Default','DEFAULT_PRODUCT_FREE_SHIPPING_PRODUCTS_ATTRIBUTES_WEIGHT_PREFIX','1','PRODUCT FREE SHIPPING Attribute Weight Prefix<br />Default Attribute Weight Prefix<br />Blank, + or -','5','207','','2008-07-20 12:06:21','','zen_cfg_select_drop_down(array(array(\'id\'=>\'0\', \'text\'=>\'Blank\'), array(\'id\'=>\'1\', \'text\'=>\'+\'), array(\'id\'=>\'2\', \'text\'=>\'-\')), ')
DROP TABLE IF EXISTS product_types
CREATE TABLE `product_types` (  `type_id` int(11) NOT NULL auto_increment,  `type_name` varchar(255) NOT NULL default '',  `type_handler` varchar(255) NOT NULL default '',  `type_master_type` int(11) NOT NULL default '1',  `allow_add_to_cart` char(1) NOT NULL default 'Y',  `default_image` varchar(255) NOT NULL default '',  `date_added` datetime NOT NULL default '0001-01-01 00:00:00',  `last_modified` datetime NOT NULL default '0001-01-01 00:00:00',  PRIMARY KEY  (`type_id`),  KEY `idx_type_master_type_zen` (`type_master_type`)) ENGINE=MyISAM AUTO_INCREMENT=6 DEFAULT CHARSET=utf8
INSERT INTO product_types VALUES('1','Product - General','product','1','Y','','2008-07-20 12:06:20','2008-07-20 12:06:20')
INSERT INTO product_types VALUES('2','Product - Music','product_music','1','Y','','2008-07-20 12:06:20','2008-07-20 12:06:20')
INSERT INTO product_types VALUES('3','Document - General','document_general','3','N','','2008-07-20 12:06:20','2008-07-20 12:06:20')
INSERT INTO product_types VALUES('4','Document - Product','document_product','3','N','','2008-07-20 12:06:20','2008-07-30 16:09:12')
INSERT INTO product_types VALUES('5','Product - Free Shipping','product_free_shipping','1','Y','','2008-07-20 12:06:20','2008-07-20 12:06:20')
DROP TABLE IF EXISTS product_types_to_category
CREATE TABLE `product_types_to_category` (  `product_type_id` int(11) NOT NULL default '0',  `category_id` int(11) NOT NULL default '0',  KEY `idx_category_id_zen` (`category_id`),  KEY `idx_product_type_id_zen` (`product_type_id`)) ENGINE=MyISAM DEFAULT CHARSET=utf8
INSERT INTO product_types_to_category VALUES('3','63')
INSERT INTO product_types_to_category VALUES('4','63')
INSERT INTO product_types_to_category VALUES('2','62')
INSERT INTO product_types_to_category VALUES('1','10')
INSERT INTO product_types_to_category VALUES('5','17')
INSERT INTO product_types_to_category VALUES('1','210')
INSERT INTO product_types_to_category VALUES('1','211')
INSERT INTO product_types_to_category VALUES('1','212')
INSERT INTO product_types_to_category VALUES('1','213')
INSERT INTO product_types_to_category VALUES('1','214')
DROP TABLE IF EXISTS products
CREATE TABLE `products` (  `products_id` int(11) NOT NULL auto_increment,  `products_type` int(11) NOT NULL default '1',  `products_quantity` float NOT NULL default '0',  `products_model` varchar(32) default NULL,  `products_image` varchar(255) default NULL,  `products_price` decimal(15,4) NOT NULL default '0.0000',  `products_price_retail` decimal(15,4) default '0.0000',  `products_price_sample` decimal(15,4) NOT NULL default '0.0000',  `products_virtual` tinyint(1) NOT NULL default '0',  `products_date_added` datetime NOT NULL default '0001-01-01 00:00:00',  `products_last_modified` datetime default NULL,  `products_date_available` datetime default NULL,  `products_weight` float NOT NULL default '0',  `products_status` tinyint(1) NOT NULL default '0',  `products_tax_class_id` int(11) NOT NULL default '0',  `manufacturers_id` int(11) default NULL,  `products_ordered` float NOT NULL default '0',  `products_quantity_order_min` float NOT NULL default '1',  `products_quantity_order_units` float NOT NULL default '1',  `products_priced_by_attribute` tinyint(1) NOT NULL default '0',  `product_is_free` tinyint(1) NOT NULL default '0',  `product_is_call` tinyint(1) NOT NULL default '0',  `products_quantity_mixed` tinyint(1) NOT NULL default '0',  `product_is_always_free_shipping` tinyint(1) NOT NULL default '0',  `products_qty_box_status` tinyint(1) NOT NULL default '1',  `products_quantity_order_max` float NOT NULL default '0',  `products_sort_order` int(11) NOT NULL default '0',  `products_discount_type` tinyint(1) NOT NULL default '0',  `products_discount_type_from` tinyint(1) NOT NULL default '0',  `products_price_sorter` decimal(15,4) NOT NULL default '0.0000',  `master_categories_id` int(11) NOT NULL default '0',  `products_mixed_discount_quantity` tinyint(1) NOT NULL default '1',  `metatags_title_status` tinyint(1) NOT NULL default '0',  `metatags_products_name_status` tinyint(1) NOT NULL default '0',  `metatags_model_status` tinyint(1) NOT NULL default '0',  `metatags_price_status` tinyint(1) NOT NULL default '0',  `metatags_title_tagline_status` tinyint(1) NOT NULL default '0',  `product_start_unit_wholesale` int(10) unsigned NOT NULL default '1',  `product_is_wholesale` tinyint(1) NOT NULL default '0',  `product_wholesale_min` varchar(45) default NULL,  PRIMARY KEY  (`products_id`),  KEY `idx_products_date_added_zen` (`products_date_added`),  KEY `idx_products_status_zen` (`products_status`),  KEY `idx_products_date_available_zen` (`products_date_available`),  KEY `idx_products_ordered_zen` (`products_ordered`),  KEY `idx_products_model_zen` (`products_model`),  KEY `idx_products_price_sorter_zen` (`products_price_sorter`),  KEY `idx_master_categories_id_zen` (`master_categories_id`),  KEY `idx_products_sort_order_zen` (`products_sort_order`),  KEY `idx_manufacturers_id_zen` (`manufacturers_id`)) ENGINE=MyISAM AUTO_INCREMENT=213 DEFAULT CHARSET=utf8
INSERT INTO products VALUES('183','5','1000','12','1.jpg','23.0000','121.0000','1234.0000','0','2008-07-27 21:59:28','2008-07-27 22:06:45','','0','0','0','0','266','12','133','0','0','0','1','1','1','0','0','0','0','23.0000','166','1','0','0','0','0','0','1','0','1')
INSERT INTO products VALUES('4','1','11','DVD-RPMK','dvd/replacement_killers.gif','42.0000','55.0000','50.0000','0','2003-11-03 12:32:17','2008-09-17 12:11:13','','23','1','1','3','2','1','1','0','0','0','0','0','1','0','0','0','0','42.0000','166','1','0','0','0','0','0','1','0','2')
INSERT INTO products VALUES('7','1','499','DVD-YGEM','dvd/youve_got_mail.gif','34.9900','0.0000','234.0000','0','2003-11-03 12:32:17','2004-04-27 14:53:17','','7','1','1','3','6','1','1','0','0','0','0','0','1','0','0','0','0','34.9900','166','1','0','0','0','0','0','1','1','2')
INSERT INTO products VALUES('8','1','497','DVD-ABUG','dvd/a_bugs_life.gif','35.9900','0.0000','12.0000','0','2003-11-03 12:32:17','2004-04-27 14:52:54','','7','1','1','3','8','1','1','0','0','0','0','0','1','0','10','1','1','35.9900','166','1','0','0','0','0','0','1','0','2')
INSERT INTO products VALUES('9','1','10','DVD-UNSG','dvd/under_siege.gif','29.9900','0.0000','1.0000','0','2003-11-03 12:32:17','2004-05-17 13:35:27','','7','1','1','3','0','1','1','0','0','0','0','0','1','0','0','0','0','29.9900','166','1','0','0','0','0','0','1','0','2')
INSERT INTO products VALUES('10','1','9','DVD-UNSG2','dvd/under_siege2.gif','29.9900','0.0000','123.0000','0','2003-11-03 12:32:17','','','7','1','1','3','1','1','1','0','0','0','0','0','1','0','0','0','0','29.9900','10','1','0','0','0','0','0','1','1','4')
INSERT INTO products VALUES('11','1','10','DVD-FDBL','dvd/fire_down_below.gif','29.9900','0.0000','234.0000','0','2003-11-03 12:32:17','2003-12-23 00:43:40','','7','1','1','3','0','1','1','0','0','0','0','0','1','0','0','0','0','29.9900','166','1','0','0','0','0','0','1','0','2')
INSERT INTO products VALUES('18','1','10','DVD-SPEED2','dvd/speed_2.gif','42.0000','0.0000','143434.0000','0','2003-11-03 12:32:17','','','7','1','1','4','0','1','1','0','0','0','0','0','1','0','0','0','0','42.0000','166','1','0','0','0','0','0','1','0','2')
INSERT INTO products VALUES('22','1','13','PC-UNTM','gt_interactive/unreal_tournament.gif','89.9900','121.0000','112.0000','0','2003-11-03 12:32:17','2003-12-23 00:49:29','','7','1','1','8','13','1','1','0','0','0','0','0','1','0','0','0','0','89.9900','19','1','0','0','0','0','0','1','0','23')
INSERT INTO products VALUES('23','1','15','PC-TWOF','gt_interactive/wheel_of_time.gif','99.9900','0.0000','0.0000','0','2003-11-03 12:32:17','2003-12-23 00:48:50','','10','1','1','8','1','1','1','0','0','0','0','0','1','0','0','0','0','99.9900','20','1','0','0','0','0','0','1','0','2')
INSERT INTO products VALUES('24','1','6','PC-DISC','gt_interactive/disciples.gif','90.0000','0.0000','4.0000','0','2003-11-03 12:32:17','2003-12-23 00:43:24','','8','1','1','8','11','1','1','0','0','0','0','0','1','0','0','0','0','90.0000','20','1','0','0','0','0','0','1','0','2')
INSERT INTO products VALUES('25','1','84','MSINTKB','12194655790.jpg,12194655811.jpg,12194655822.jpg','69.9900','121.0000','234.0000','0','2003-11-03 12:32:17','2008-08-22 10:15:25','','8','1','1','2','79','4','1','0','0','0','0','0','1','0','0','1','0','69.9900','166','1','0','0','0','0','0','1','0','2')
INSERT INTO products VALUES('27','1','7','HPLJ1100XI','hewlett_packard/lj1100xi.gif','499.9900','0.0000','231.0000','0','2003-11-03 12:32:17','2003-12-23 00:45:03','','45','1','1','9','1','1','1','0','0','0','0','0','1','0','0','0','0','499.9900','5','1','0','0','0','0','0','1','1','3')
INSERT INTO products VALUES('28','1','999','GIFT005','gift_certificates/gv_5.gif','5.0000','0.0000','0.0000','1','2003-11-03 12:32:17','2008-08-01 22:32:06','','0','1','0','0','1','1','1','0','0','0','0','0','1','0','0','0','0','5.0000','166','1','0','0','0','0','0','1','1','2')
INSERT INTO products VALUES('29','1','983','GIFT 010','gift_certificates/gv_10.gif','10.0000','121.0000','41.0000','1','2003-11-03 12:32:17','2008-08-01 22:32:06','','0','1','0','0','17','1','1','0','0','0','0','0','1','0','0','0','0','10.0000','166','1','0','0','0','0','0','1','0','33')
INSERT INTO products VALUES('30','1','992','GIFT025','gift_certificates/gv_25.gif','25.0000','0.0000','14.0000','1','2003-11-03 12:32:17','2008-08-01 22:32:06','','0','1','0','0','8','1','1','0','0','0','0','0','1','0','0','0','0','25.0000','166','1','0','0','0','0','0','1','0','3')
INSERT INTO products VALUES('31','1','997','GIFT050','gift_certificates/gv_50.gif','50.0000','0.0000','34.0000','1','2003-11-03 12:32:17','2008-08-01 22:32:06','','0','1','0','0','4','1','1','0','0','0','0','0','1','0','0','0','0','50.0000','166','1','0','0','0','0','0','1','1','3')
INSERT INTO products VALUES('32','1','995','GIFT100','gift_certificates/gv_100.gif','100.0000','0.0000','23.0000','1','2003-11-03 12:32:17','2008-08-01 22:32:06','','0','1','0','0','5','1','1','0','0','0','0','0','1','0','0','0','0','100.0000','166','1','0','0','0','0','0','1','0','3')
INSERT INTO products VALUES('34','1','796','DVD-ABUG','dvd/a_bugs_life.gif','35.9900','0.0000','52.0000','0','2003-11-07 22:03:45','2008-08-05 09:31:40','','7','1','1','3','5','1','1','0','0','0','0','0','1','0','0','0','0','35.9900','166','1','0','0','0','0','0','1','0','4')
INSERT INTO products VALUES('44','1','995','TESTMINUNITSNOMIX','sample_image.gif','100.0000','0.0000','1.0000','0','2003-12-25 21:38:59','2008-08-01 22:32:06','','1','1','1','0','4','4','2','0','0','0','0','0','1','0','0','0','0','90.0000','166','1','0','0','0','0','0','1','1','3')
INSERT INTO products VALUES('46','1','981','TESTMINUNITSMIX','sample_image.gif','100.0000','0.0000','34.0000','0','2003-12-25 21:53:07','2008-08-01 22:32:06','','1','1','1','0','18','4','2','0','0','0','1','0','1','0','0','0','0','90.0000','166','1','0','0','0','0','0','1','0','4')
INSERT INTO products VALUES('47','1','9996','GIFT','../images/gift_certificates/medium//gv.gif','33.0000','32.0000','52344.0000','1','2003-12-27 22:56:57','2008-08-23 12:41:36','','0','1','0','0','4','1','1','1','0','0','1','0','1','0','0','0','0','38.0000','166','1','0','0','0','0','0','1','1','2')
INSERT INTO products VALUES('48','1','9990','TEST1','1_small.jpg','39.0000','0.0000','12.0000','0','2003-12-28 02:27:47','2008-08-01 22:32:06','','1','1','1','0','10','1','1','0','0','0','1','0','1','0','0','0','0','39.0000','166','1','0','0','0','0','0','1','0','4')
INSERT INTO products VALUES('49','1','900','TEST2','2_small.jpg','20.0000','0.0000','0.0000','0','2003-12-28 02:28:42','2008-08-01 22:32:06','','0.5','1','1','0','0','1','1','0','0','0','1','0','1','0','0','0','0','20.0000','166','1','0','0','0','0','0','1','1','5')
INSERT INTO products VALUES('50','1','1000','TEST3','3_small.jpg','75.0000','0.0000','12.0000','0','2003-12-28 02:29:37','2008-08-01 22:32:06','','1.5','1','1','0','0','1','1','0','0','0','1','0','1','0','0','0','0','75.0000','166','1','0','0','0','0','0','1','0','1')
INSERT INTO products VALUES('54','1','991','MINUNITSNOMIX','waybkgnd.gif','25.0000','0.0000','0.0000','0','2003-12-29 23:19:13','2008-08-01 22:32:06','','1','1','1','0','0','6','3','0','0','0','0','0','1','0','0','0','0','25.0000','166','1','0','0','0','0','0','1','0','3')
INSERT INTO products VALUES('59','1','700','HPLJ1100XI','hewlett_packard/lj1100xi.gif','0.0000','121.0000','41412.0000','0','2003-12-31 14:36:57','2008-08-01 22:32:06','','45','1','1','9','0','1','1','1','0','0','0','0','1','0','0','0','0','300.0000','166','1','0','0','0','0','0','1','0','4')
INSERT INTO products VALUES('101','1','1000','Test120-90off-10','test_demo.jpg','0.0000','121.0000','0.0000','0','2004-01-08 14:11:32','2008-08-01 22:30:58','','1','1','1','0','0','1','1','1','0','0','1','0','1','0','0','0','0','80.0000','166','1','0','0','0','0','0','1','0','2')
INSERT INTO products VALUES('109','1','1000','HIDEQTYBOX','1_small.jpg','75.0000','121.0000','63.0000','0','2004-01-21 22:01:20','2008-08-01 22:30:58','','1','1','1','0','0','1','1','0','0','0','1','0','1','1','0','0','0','75.0000','166','1','0','0','0','0','0','1','0','2')
INSERT INTO products VALUES('79','1','1000','Test25-AttrAll','test_demo.jpg','0.0000','0.0000','3423.0000','0','2004-01-04 01:28:52','2008-08-01 22:32:06','','1','1','1','0','0','1','1','1','0','0','1','0','1','0','0','0','0','150.0000','166','1','0','0','0','0','0','1','0','3')
INSERT INTO products VALUES('74','1','700','HPLJ1100XI','hewlett_packard/lj1100xi.gif','0.0000','0.0000','0.0000','0','2004-01-02 15:34:49','2008-08-01 22:32:06','','45','1','1','9','0','1','1','1','0','0','0','0','1','0','0','0','0','399.2000','166','1','0','0','0','0','0','1','1','3')
INSERT INTO products VALUES('80','1','1000','Test25','test_demo.jpg','100.0000','121.0000','1.0000','0','2004-01-04 01:31:06','2008-08-01 22:32:06','','1','1','1','0','0','1','1','0','0','0','1','0','1','0','0','0','0','100.0000','166','1','0','0','0','0','0','1','0','4')
INSERT INTO products VALUES('84','1','999','Test120','test_demo.jpg','120.0000','0.0000','34.0000','0','2004-01-04 15:05:10','2008-08-01 22:32:06','','1','1','1','0','1','1','1','0','0','0','1','0','1','0','0','0','0','120.0000','166','1','0','0','0','0','0','1','0','23')
INSERT INTO products VALUES('82','1','1000','Test120-5','test_demo.jpg','120.0000','0.0000','234.0000','0','2004-01-04 14:50:38','2008-08-01 22:32:06','','1','1','1','0','0','1','1','0','0','0','1','0','1','0','0','0','0','120.0000','166','1','0','0','0','0','0','1','0','5')
INSERT INTO products VALUES('83','1','998','Test120-90-5','test_demo.jpg','120.0000','121.0000','1612.0000','0','2004-01-04 15:01:53','2008-08-01 22:32:06','','1','1','1','0','2','1','1','0','0','0','1','0','1','0','0','0','0','90.0000','166','1','0','0','0','0','0','1','0','4')
INSERT INTO products VALUES('85','1','1000','Test90','test_demo.jpg','120.0000','0.0000','0.0000','0','2004-01-04 15:19:00','2008-08-01 22:30:58','','1','1','1','0','0','1','1','0','0','0','1','0','1','0','0','0','0','90.0000','166','1','0','0','0','0','0','1','0','4')
INSERT INTO products VALUES('88','1','1000','Test120-90-10-Skip','test_demo.jpg','120.0000','0.0000','0.0000','0','2004-01-05 00:14:31','2008-08-01 22:30:58','','1','1','1','0','0','1','1','0','0','0','1','0','1','0','0','0','0','90.0000','166','1','0','0','0','0','0','1','0','3')
INSERT INTO products VALUES('89','1','1000','Test120-90-10-Skip','test_demo.jpg','120.0000','121.0000','11.0000','0','2004-01-05 00:41:40','2008-08-01 22:30:58','','1','1','1','0','0','1','1','0','0','0','1','0','1','0','0','0','0','120.0000','166','1','0','0','0','0','0','1','1','3')
INSERT INTO products VALUES('95','1','998','Test120-25-New100-Skip','test_demo.jpg','120.0000','121.0000','35.0000','0','2004-01-07 02:35:44','2008-08-01 22:30:58','','1','1','1','0','2','1','1','0','0','0','1','0','1','0','0','0','0','90.0000','166','1','0','0','0','0','0','1','0','3')
INSERT INTO products VALUES('93','1','1000','Test120-New100','test_demo.jpg','120.0000','0.0000','1.0000','0','2004-01-06 00:02:32','2008-08-01 22:30:58','','1','1','1','0','0','1','1','0','0','0','1','0','1','0','0','0','0','120.0000','166','1','0','0','0','0','0','1','0','32')
INSERT INTO products VALUES('94','1','1000','Test120-25-New100','test_demo.jpg','120.0000','121.0000','1.0000','0','2004-01-06 00:04:31','2008-08-01 22:30:58','','1','1','1','0','0','1','1','0','0','0','1','0','1','0','0','0','0','90.0000','166','1','0','0','0','0','0','1','0','1')
INSERT INTO products VALUES('96','1','1000','Test120-New100-Off-Skip','test_demo.jpg','120.0000','121.0000','0.0000','0','2004-01-07 02:36:52','2008-08-01 22:30:58','','1','1','1','0','0','1','1','0','0','0','1','0','1','0','0','0','0','120.0000','166','1','0','0','0','0','0','1','0','12')
INSERT INTO products VALUES('97','1','1000','Test120-90-10-Price','test_demo.jpg','120.0000','121.0000','23523.0000','0','2004-01-07 11:26:34','2008-08-01 22:30:58','','1','1','1','0','0','1','1','0','0','0','1','0','1','0','0','0','0','90.0000','166','1','0','0','0','0','0','1','1','2')
INSERT INTO products VALUES('98','1','999','Test120-90off-10-Price','test_demo.jpg','120.0000','121.0000','0.0000','0','2004-01-07 11:28:16','2008-08-01 22:30:58','','1','1','1','0','1','1','1','0','0','0','1','0','1','0','0','0','0','120.0000','166','1','0','0','0','0','0','1','0','3')
INSERT INTO products VALUES('104','1','1000','HIDEQTY','1_small.jpg','75.0000','121.0000','4.0000','0','2004-01-11 03:02:51','2008-08-01 22:30:58','','1','1','1','0','0','1','1','0','0','0','1','0','0','0','0','0','0','75.0000','166','1','0','0','0','0','0','1','0','3')
INSERT INTO products VALUES('105','1','999','MAXSAMPLE-1','waybkgnd.gif','50.0000','121.0000','123.0000','0','2004-01-11 14:10:59','2008-08-01 22:30:58','','1','1','1','0','1','1','1','0','0','0','1','0','1','1','0','0','0','50.0000','166','1','0','0','0','0','0','1','0','2')
INSERT INTO products VALUES('106','1','1000','MAXSAMPLE-3','waybkgnd.gif','50.0000','121.0000','0.0000','0','2004-01-11 14:36:08','2008-08-01 22:30:58','','1','1','1','0','0','1','1','0','0','0','1','0','1','3','0','0','0','50.0000','166','1','0','0','0','0','0','1','0','1')
INSERT INTO products VALUES('110','1','1000','Test120-5SKIP','test_demo.jpg','120.0000','121.0000','0.0000','0','2004-01-24 16:09:52','2008-08-01 22:30:58','','1','1','1','0','0','1','1','0','0','0','1','0','1','0','0','0','0','120.0000','166','1','0','0','0','0','0','1','0','1')
INSERT INTO products VALUES('111','1','1000','Test120-90-5SKIP','test_demo.jpg','120.0000','121.0000','4.0000','0','2004-01-24 16:10:12','2008-08-01 22:30:58','','1','1','1','0','0','1','1','0','0','0','1','0','1','0','0','0','0','90.0000','166','1','0','0','0','0','0','1','0','1')
INSERT INTO products VALUES('180','1','0','','1506.jpg','1231.0000','121.0000','0.0000','0','2008-07-21 15:56:06','2008-08-14 16:24:47','','0','1','0','0','0','1333','1333','0','0','0','1','0','1','0','0','0','0','1231.0000','166','1','0','0','0','0','0','1','0','1')
INSERT INTO products VALUES('181','1','1000','','','1231.0000','1231.0000','0.0000','0','2008-07-21 16:03:05','2008-08-23 09:56:21','','0','0','0','0','133','122','133','0','0','0','1','1','1','0','0','0','0','1231.0000','166','1','0','0','0','0','0','1','0','1')
INSERT INTO products VALUES('182','1','0','','1506.jpg','2312.0000','121.0000','12.0000','0','2008-07-21 16:39:50','2008-08-15 21:36:09','','0','1','0','4','0','1','1','0','0','0','1','0','1','0','0','0','0','2312.0000','166','1','0','0','0','0','0','1','1','1')
INSERT INTO products VALUES('185','1','123','31231231','','333.0000','333.0000','3.0000','0','2008-08-23 09:27:35','2008-08-23 09:46:43','','12','1','1','0','0','1','1','0','0','0','1','0','1','0','333','0','0','333.0000','166','1','0','0','0','0','0','1','0','1')
INSERT INTO products VALUES('186','1','123','3123','../images/medium/12194573390.jpg,12194578200.jpg,12194578211.jpg','123.0000','123.0000','4.0000','0','2008-08-23 09:47:56','2008-09-03 15:48:13','','12','1','1','0','0','1','1','0','0','0','1','0','1','0','0','0','0','123.0000','166','1','0','0','0','0','0','1','0','3')
INSERT INTO products VALUES('187','1','123123','234adfasd','dvd/12194568660.jpg','123.0000','121.0000','13.0000','0','2008-08-23 10:01:16','','','12','1','1','0','0','1','1','0','0','0','1','0','1','0','0','0','0','123.0000','166','1','0','0','0','0','0','1','1','3')
INSERT INTO products VALUES('188','1','123','asdfj','../images/dvd/medium//12194582830.jpg,../images/dvd/medium//12194582841.jpg','33.0000','331.0000','4.0000','0','2008-08-23 10:25:05','2008-08-23 12:41:59','','12312','1','0','0','0','1','1','0','0','0','1','0','1','0','0','0','0','33.0000','166','1','0','0','0','0','0','1','1','1')
INSERT INTO products VALUES('189','1','0','','12194583440.jpg,12194583441.jpg','0.0000','121.0000','2.0000','0','2008-08-23 10:26:35','','','0','1','0','0','0','1','1','0','0','0','1','0','1','0','0','0','0','0.0000','166','1','0','0','0','0','0','1','0','1')
INSERT INTO products VALUES('190','1','300','IO8328828','../images/../images/medium/medium//12194588120.jpg,../images/../images/medium/medium//12194588131.jpg,../images/../images/medium/medium//12194588152.jpg,../images/../images/medium/medium//12194588163.jpg','3333.0000','3333.0000','0.0000','1','2008-08-23 10:28:12','2008-08-23 12:36:21','','10','1','1','0','0','1','1','0','0','0','1','0','1','0','0','0','0','3333.0000','166','1','0','0','0','0','0','1','1','1')
INSERT INTO products VALUES('191','1','1234','123123','12194655790.jpg,12194655811.jpg,12194655822.jpg','23.0000','321.0000','234.0000','0','2008-08-23 12:26:28','','','12','1','1','0','0','1','1','0','0','0','1','0','1','0','0','0','0','23.0000','166','1','0','0','0','0','0','1','0','3')
INSERT INTO products VALUES('192','1','98','000192','s/200808/12196922800.jpg,s/200808/12196929620.jpg,s/200808/12196929621.jpg,s/200808/12196929622.jpg,s/200808/12196929633.jpg,s/200808/12196929634.jpg,s/200808/12196929635.jpg,s/200808/12196929636.jpg','300.0000','200.0000','234.0000','0','2008-08-26 03:24:50','2008-09-04 01:00:03','','10','1','0','0','2','1','1','0','0','0','1','0','1','0','0','1','0','300.0000','766','1','0','0','0','0','0','1','1','10')
INSERT INTO products VALUES('193','1','996','080808008','s/200808/12197417440.jpg,s/200808/12197613110.jpg','290.0000','500.0000','0.0000','0','2008-08-26 17:09:13','2008-09-17 12:17:09','','10','1','1','0','4','1','1','0','0','0','1','0','1','0','0','0','0','290.0000','766','1','0','0','0','0','0','1','0','')
INSERT INTO products VALUES('194','1','197','20080708','s/200808/12197617300.jpg,s/200808/12197617301.jpg,s/200808/12197617302.jpg,s/200808/12197617313.jpg,s/200808/12197617314.jpg,s/200808/12197617315.jpg','200.0000','300.0000','250.0000','0','2008-08-26 22:42:15','2008-08-26 23:18:25','','10','1','1','0','3','1','1','0','0','0','1','1','1','0','0','0','0','200.0000','766','1','0','0','0','0','0','1','0','')
INSERT INTO products VALUES('195','1','835','080808008','s/200808/12197417440.jpg,s/200808/12197613110.jpg','250.0000','400.0000','400.0000','0','2008-09-02 11:07:23','2008-09-17 15:57:49','','10','1','1','0','163','1','1','0','0','0','1','0','1','0','1','1','0','250.0000','767','1','0','0','0','0','0','1','0','')
INSERT INTO products VALUES('196','1','120','','s/200810/12235398930.jpg,s/200810/12235413690.jpg','333.0000','111.0000','222.0000','0','2008-10-09 16:11:40','2008-10-09 16:36:12','2008-10-17 00:00:00','120','1','1','0','0','1','1','0','0','0','1','0','1','0','12','0','0','333.0000','184','1','0','0','0','0','0','1','0','')
INSERT INTO products VALUES('197','1','123','','s/200810/12235402190.jpg','323.0000','111.0000','32.0000','0','2008-10-09 16:17:34','','','123','1','1','0','0','1','1','0','0','0','1','0','1','0','0','0','0','323.0000','184','1','0','0','0','0','0','1','0','')
INSERT INTO products VALUES('198','1','123','198','s/200810/12235404900.jpg','14.0000','12.0000','13.0000','0','2008-10-09 16:21:35','2008-10-09 16:38:59','','44','1','1','0','0','1','1','0','0','0','1','0','1','0','0','0','0','14.0000','184','1','0','0','0','0','0','1','0','')
INSERT INTO products VALUES('199','1','0','199','s/200810/12235415720.jpg','0.0000','0.0000','0.0000','0','2008-10-09 16:39:36','','','0','1','0','0','0','1','1','0','0','0','1','0','1','0','0','0','0','0.0000','184','1','0','0','0','0','0','1','0','')
INSERT INTO products VALUES('200','1','33','','s/200810/12235417690.jpg','124.0000','32.0000','314.0000','0','2008-10-09 16:42:53','2008-10-09 16:46:20','','42','1','1','0','0','1','1','0','0','0','1','0','1','0','0','0','0','124.0000','184','1','0','0','0','0','0','1','0','')
INSERT INTO products VALUES('201','1','0','201','','0.0000','0.0000','0.0000','0','2008-10-09 16:47:51','2008-10-09 16:48:05','','0','1','0','0','0','1','1','0','0','0','1','0','1','0','0','0','0','0.0000','184','1','0','0','0','0','0','1','0','')
INSERT INTO products VALUES('202','1','0','2022','s/200810/12235421080.jpg','0.0000','0.0000','0.0000','0','2008-10-09 16:48:44','2008-10-09 20:13:47','','0','1','0','0','0','1','1','0','0','0','1','0','1','0','0','0','0','0.0000','184','1','0','0','0','0','0','1','0','')
INSERT INTO products VALUES('203','1','0','203','s/200810/12235421970.jpg','0.0000','0.0000','0.0000','0','2008-10-09 16:49:59','2008-10-09 16:50:16','','0','1','0','0','0','1','1','0','0','0','1','0','1','0','0','0','0','0.0000','184','1','0','0','0','0','0','1','0','')
INSERT INTO products VALUES('204','1','0','204','s/200810/12235422880.jpg','0.0000','0.0000','0.0000','0','2008-10-09 16:51:31','','','0','1','0','0','0','1','1','0','0','0','1','0','1','0','0','0','0','0.0000','184','1','0','0','0','0','0','1','0','')
INSERT INTO products VALUES('205','1','0','','s/200810/12235424190.jpg','0.0000','0.0000','0.0000','0','2008-10-09 16:54:10','','','0','1','0','0','0','1','1','0','0','0','1','0','1','0','0','0','0','0.0000','184','1','0','0','0','0','0','1','0','')
INSERT INTO products VALUES('206','1','0','206','','0.0000','0.0000','0.0000','0','2008-10-09 16:55:01','2008-10-09 16:55:31','','0','1','0','0','0','1','1','0','0','0','1','0','1','0','0','0','0','0.0000','184','1','0','0','0','0','0','1','0','')
INSERT INTO products VALUES('207','1','0','','','0.0000','0.0000','0.0000','0','2008-10-09 20:13:28','','','0','1','0','0','0','1','1','0','0','0','1','0','1','0','0','0','0','0.0000','184','1','0','0','0','0','0','1','0','')
INSERT INTO products VALUES('208','1','34','208','s/200810/12235550900.jpg','0.0000','0.0000','0.0000','0','2008-10-09 20:24:53','','','0','1','0','0','0','1','1','0','0','0','1','0','1','0','0','0','0','0.0000','184','1','0','0','0','0','0','1','0','')
INSERT INTO products VALUES('209','1','23','123456789','s/200810/12235551920.jpg','0.0000','0.0000','0.0000','0','2008-10-09 20:26:34','','','1235','1','0','0','0','1','1','0','0','0','1','0','1','0','0','0','0','0.0000','184','1','0','0','0','0','0','1','0','')
INSERT INTO products VALUES('211','1','123','1246','s/200810/12236106740.jpg','133.0000','111.0000','122.0000','0','2008-10-10 11:51:18','','','11','1','0','0','0','1','1','0','0','0','1','0','1','0','0','0','0','133.0000','770','1','0','0','0','0','0','1','0','')
DROP TABLE IF EXISTS products_attributes
CREATE TABLE `products_attributes` (  `products_attributes_id` int(11) NOT NULL auto_increment,  `products_id` int(11) NOT NULL default '0',  `options_id` int(11) NOT NULL default '0',  `options_values_id` int(11) NOT NULL default '0',  `options_values_price` decimal(15,4) NOT NULL default '0.0000',  `options_values_price_w` varchar(150) default '0',  `price_prefix` char(1) NOT NULL default '',  `products_options_sort_order` int(11) NOT NULL default '0',  `product_attribute_is_free` tinyint(1) NOT NULL default '0',  `products_attributes_weight` float NOT NULL default '0',  `products_attributes_weight_prefix` char(1) NOT NULL default '',  `attributes_display_only` tinyint(1) NOT NULL default '0',  `attributes_default` tinyint(1) NOT NULL default '0',  `attributes_discounted` tinyint(1) NOT NULL default '1',  `attributes_image` varchar(64) default NULL,  `attributes_price_base_included` tinyint(1) NOT NULL default '1',  `attributes_price_onetime` decimal(15,4) NOT NULL default '0.0000',  `attributes_price_factor` decimal(15,4) NOT NULL default '0.0000',  `attributes_price_factor_offset` decimal(15,4) NOT NULL default '0.0000',  `attributes_price_factor_onetime` decimal(15,4) NOT NULL default '0.0000',  `attributes_price_factor_onetime_offset` decimal(15,4) NOT NULL default '0.0000',  `attributes_qty_prices` text,  `attributes_qty_prices_onetime` text,  `attributes_price_words` decimal(15,4) NOT NULL default '0.0000',  `attributes_price_words_free` int(4) NOT NULL default '0',  `attributes_price_letters` decimal(15,4) NOT NULL default '0.0000',  `attributes_price_letters_free` int(4) NOT NULL default '0',  `attributes_required` tinyint(1) NOT NULL default '0',  PRIMARY KEY  (`products_attributes_id`),  KEY `idx_id_options_id_values_zen` (`products_id`,`options_id`,`options_values_id`),  KEY `idx_opt_sort_order_zen` (`products_options_sort_order`)) ENGINE=MyISAM AUTO_INCREMENT=1105 DEFAULT CHARSET=utf8
INSERT INTO products_attributes VALUES('26','22','5','10','0.0000','0','+','10','0','7','-','0','0','1','','1','0.0000','0.0000','0.0000','0.0000','0.0000','','','0.0000','0','0.0000','0','0')
INSERT INTO products_attributes VALUES('27','22','5','13','0.0000','0','+','1000','0','0','','0','0','1','','1','0.0000','0.0000','0.0000','0.0000','0.0000','','','0.0000','0','0.0000','0','0')
INSERT INTO products_attributes VALUES('85','34','1','25','0.2000','0','+','20','0','0.1','+','0','0','1','attributes/color_orange.gif','1','0.0000','0.0000','0.0000','0.0000','0.0000','','','0.0000','0','0.0000','0','0')
INSERT INTO products_attributes VALUES('65','34','13','35','5.0000','0','+','30','0','0','+','0','0','1','','1','0.0000','0.0000','0.0000','0.0000','0.0000','','','0.0000','0','0.0000','0','0')
INSERT INTO products_attributes VALUES('64','34','13','36','2.0000','0','+','20','0','1','+','0','0','1','','1','0.0000','0.0000','0.0000','0.0000','0.0000','','','0.0000','0','0.0000','0','0')
INSERT INTO products_attributes VALUES('63','34','13','34','1.0000','0','+','40','0','0','+','0','0','1','','1','0.0000','0.0000','0.0000','0.0000','0.0000','','','0.0000','0','0.0000','0','0')
INSERT INTO products_attributes VALUES('56','34','7','0','0.2500','0','+','0','0','0','+','0','0','1','','1','0.0000','0.0000','0.0000','0.0000','0.0000','','','0.0000','0','0.0000','0','0')
INSERT INTO products_attributes VALUES('55','34','8','0','0.2500','0','+','0','0','0','+','0','0','1','','1','0.0000','0.0000','0.0000','0.0000','0.0000','','','0.0000','0','0.0000','0','0')
INSERT INTO products_attributes VALUES('54','34','11','0','1.0000','0','+','0','0','0','+','0','0','1','','1','0.0000','0.0000','0.0000','0.0000','0.0000','','','0.0000','0','0.0000','0','0')
INSERT INTO products_attributes VALUES('53','34','9','0','0.7500','0','+','0','0','0','+','0','0','1','','1','0.0000','0.0000','0.0000','0.0000','0.0000','','','0.0000','0','0.0000','0','0')
INSERT INTO products_attributes VALUES('52','34','10','0','0.5000','0','+','0','0','0','+','0','0','1','','1','0.0000','0.0000','0.0000','0.0000','0.0000','','','0.0000','0','0.0000','0','0')
INSERT INTO products_attributes VALUES('410','54','1','31','0.0000','0','+','100','0','0','+','0','0','1','attributes/color_silver.gif','1','0.0000','0.0000','0.0000','0.0000','0.0000','','','0.0000','0','0.0000','0','0')
INSERT INTO products_attributes VALUES('47','34','6','23','0.0000','0','+','10','0','0','+','0','0','1','','1','0.0000','0.0000','0.0000','0.0000','0.0000','','','0.0000','0','0.0000','0','0')
INSERT INTO products_attributes VALUES('46','34','6','22','1.0000','0','+','20','0','2','+','0','0','1','','1','0.0000','0.0000','0.0000','0.0000','0.0000','','','0.0000','0','0.0000','0','0')
INSERT INTO products_attributes VALUES('45','34','6','14','36.9900','0','+','30','0','9','+','0','0','1','','1','0.0000','0.0000','0.0000','0.0000','0.0000','','','0.0000','0','0.0000','0','0')
INSERT INTO products_attributes VALUES('394','50','6','22','4.9900','0','+','20','0','0','+','0','0','1','','1','0.0000','0.0000','0.0000','0.0000','0.0000','','','0.0000','0','0.0000','0','0')
INSERT INTO products_attributes VALUES('393','50','6','14','19.9900','0','+','30','0','0','+','0','0','1','','1','0.0000','0.0000','0.0000','0.0000','0.0000','','','0.0000','0','0.0000','0','0')
INSERT INTO products_attributes VALUES('44','34','2','18','0.0000','0','+','30','0','0','+','0','1','1','','1','0.0000','0.0000','0.0000','0.0000','0.0000','','','0.0000','0','0.0000','0','0')
INSERT INTO products_attributes VALUES('43','34','2','20','0.0000','0','+','40','0','0','+','0','0','1','','1','0.0000','0.0000','0.0000','0.0000','0.0000','','','0.0000','0','0.0000','0','0')
INSERT INTO products_attributes VALUES('42','34','2','19','0.0000','0','+','10','0','0','+','0','0','1','','1','0.0000','0.0000','0.0000','0.0000','0.0000','','','0.0000','0','0.0000','0','0')
INSERT INTO products_attributes VALUES('41','34','2','21','0.0000','0','+','20','0','0','+','0','0','1','','1','0.0000','0.0000','0.0000','0.0000','0.0000','','','0.0000','0','0.0000','0','0')
INSERT INTO products_attributes VALUES('40','34','1','17','0.3000','0','+','30','0','0.1','','0','0','1','attributes/color_yellow.gif','1','0.0000','0.0000','0.0000','0.0000','0.0000','','','0.0000','0','0.0000','0','0')
INSERT INTO products_attributes VALUES('39','34','1','16','0.1000','0','+','10','0','0.1','','0','0','1','attributes/color_red.gif','1','0.0000','0.0000','0.0000','0.0000','0.0000','','','0.0000','0','0.0000','0','0')
INSERT INTO products_attributes VALUES('38','34','1','15','0.4000','0','+','50','0','0','','0','0','1','attributes/a_bugs_life_blue.gif','1','0.0000','0.0000','0.0000','0.0000','0.0000','','','0.0000','0','0.0000','0','0')
INSERT INTO products_attributes VALUES('48','34','5','24','1.0000','0','+','10','0','2','+','0','0','1','','1','0.0000','0.0000','0.0000','0.0000','0.0000','','','0.0000','0','0.0000','0','0')
INSERT INTO products_attributes VALUES('125','44','1','16','0.0000','0','+','10','0','0','+','0','0','1','','1','0.0000','0.0000','0.0000','0.0000','0.0000','','','0.0000','0','0.0000','0','0')
INSERT INTO products_attributes VALUES('126','44','1','17','0.0000','0','+','30','0','0','+','0','0','1','','1','0.0000','0.0000','0.0000','0.0000','0.0000','','','0.0000','0','0.0000','0','0')
INSERT INTO products_attributes VALUES('127','44','1','29','0.0000','0','+','80','0','0','+','0','1','1','','1','0.0000','0.0000','0.0000','0.0000','0.0000','','','0.0000','0','0.0000','0','0')
INSERT INTO products_attributes VALUES('128','44','2','21','0.0000','0','+','20','0','0','+','0','0','1','','1','0.0000','0.0000','0.0000','0.0000','0.0000','','','0.0000','0','0.0000','0','0')
INSERT INTO products_attributes VALUES('129','44','2','18','1.0000','0','+','30','0','0','+','0','0','1','','1','0.0000','0.0000','0.0000','0.0000','0.0000','','','0.0000','0','0.0000','0','0')
INSERT INTO products_attributes VALUES('130','44','2','20','2.0000','0','+','40','0','0','+','0','0','1','','1','0.0000','0.0000','0.0000','0.0000','0.0000','','','0.0000','0','0.0000','0','0')
INSERT INTO products_attributes VALUES('141','46','2','18','1.0000','0','+','30','0','0','+','0','0','1','','1','0.0000','0.0000','0.0000','0.0000','0.0000','','','0.0000','0','0.0000','0','0')
INSERT INTO products_attributes VALUES('140','46','2','21','0.0000','0','+','20','0','0','+','0','0','1','','1','0.0000','0.0000','0.0000','0.0000','0.0000','','','0.0000','0','0.0000','0','0')
INSERT INTO products_attributes VALUES('139','46','1','29','0.0000','0','+','80','0','0','+','0','0','1','','1','0.0000','0.0000','0.0000','0.0000','0.0000','','','0.0000','0','0.0000','0','0')
INSERT INTO products_attributes VALUES('138','46','1','17','0.0000','0','+','30','0','0','+','0','0','1','','1','0.0000','0.0000','0.0000','0.0000','0.0000','','','0.0000','0','0.0000','0','0')
INSERT INTO products_attributes VALUES('137','46','1','16','0.0000','0','+','10','0','0','+','0','1','1','','1','0.0000','0.0000','0.0000','0.0000','0.0000','','','0.0000','0','0.0000','0','0')
INSERT INTO products_attributes VALUES('142','46','2','20','2.0000','0','+','40','0','0','+','0','0','1','','1','0.0000','0.0000','0.0000','0.0000','0.0000','','','0.0000','0','0.0000','0','0')
INSERT INTO products_attributes VALUES('143','44','2','37','0.0000','0','+','5','0','0','+','1','0','1','','1','0.0000','0.0000','0.0000','0.0000','0.0000','','','0.0000','0','0.0000','0','0')
INSERT INTO products_attributes VALUES('144','46','2','37','0.0000','0','+','5','1','0','+','1','1','0','','1','0.0000','0.0000','0.0000','0.0000','0.0000','','','0.0000','0','0.0000','0','0')
INSERT INTO products_attributes VALUES('160','47','14','38','5.0000','0','+','5','0','0','+','0','0','1','','1','0.0000','0.0000','0.0000','0.0000','0.0000','','','0.0000','0','0.0000','0','0')
INSERT INTO products_attributes VALUES('161','47','14','39','10.0000','0','+','10','0','0','+','0','0','1','','1','0.0000','0.0000','0.0000','0.0000','0.0000','','','0.0000','0','0.0000','0','0')
INSERT INTO products_attributes VALUES('162','47','14','41','15.0000','0','+','15','0','0','+','0','0','1','','1','0.0000','0.0000','0.0000','0.0000','0.0000','','','0.0000','0','0.0000','0','0')
INSERT INTO products_attributes VALUES('163','47','14','43','100.0000','0','+','100','0','0','+','0','0','1','','1','0.0000','0.0000','0.0000','0.0000','0.0000','','','0.0000','0','0.0000','0','0')
INSERT INTO products_attributes VALUES('164','47','14','40','25.0000','0','+','25','0','0','+','0','0','1','','1','0.0000','0.0000','0.0000','0.0000','0.0000','','','0.0000','0','0.0000','0','0')
INSERT INTO products_attributes VALUES('165','47','14','42','50.0000','0','+','50','0','0','+','0','0','1','','1','0.0000','0.0000','0.0000','0.0000','0.0000','','','0.0000','0','0.0000','0','0')
INSERT INTO products_attributes VALUES('407','49','1','26','0.0000','0','+','40','0','0','+','0','1','1','','1','0.0000','0.0000','0.0000','0.0000','0.0000','','','0.0000','0','0.0000','0','0')
INSERT INTO products_attributes VALUES('406','49','6','22','4.9900','0','+','20','0','0','+','0','0','1','','1','0.0000','0.0000','0.0000','0.0000','0.0000','','','0.0000','0','0.0000','0','0')
INSERT INTO products_attributes VALUES('405','49','6','14','19.9900','0','+','30','0','0','+','0','0','1','','1','0.0000','0.0000','0.0000','0.0000','0.0000','','','0.0000','0','0.0000','0','0')
INSERT INTO products_attributes VALUES('86','34','1','26','0.0000','0','+','40','0','0','+','0','1','1','attributes/color_green.gif','1','0.0000','0.0000','0.0000','0.0000','0.0000','','','0.0000','0','0.0000','0','0')
INSERT INTO products_attributes VALUES('311','48','1','26','0.0000','0','+','40','0','0','+','0','1','1','attributes/color_green.gif','1','0.0000','0.0000','0.0000','0.0000','0.0000','','','0.0000','0','0.0000','0','0')
INSERT INTO products_attributes VALUES('310','48','6','22','4.9900','0','+','20','0','0','+','0','0','1','','1','0.0000','0.0000','0.0000','0.0000','0.0000','','','0.0000','0','0.0000','0','0')
INSERT INTO products_attributes VALUES('308','48','6','23','0.0000','0','+','10','0','0','+','0','0','1','','1','0.0000','0.0000','0.0000','0.0000','0.0000','','','0.0000','0','0.0000','0','0')
INSERT INTO products_attributes VALUES('309','48','6','14','19.9900','0','+','30','0','0','+','0','0','1','','1','0.0000','0.0000','0.0000','0.0000','0.0000','','','0.0000','0','0.0000','0','0')
INSERT INTO products_attributes VALUES('307','48','1','15','0.0000','0','+','50','0','0','+','0','0','1','attributes/color_blue.gif','1','0.0000','0.0000','0.0000','0.0000','0.0000','','','0.0000','0','0.0000','0','0')
INSERT INTO products_attributes VALUES('306','48','1','31','0.0000','0','+','100','0','0','+','0','0','1','attributes/color_silver.gif','1','0.0000','0.0000','0.0000','0.0000','0.0000','','','0.0000','0','0.0000','0','0')
INSERT INTO products_attributes VALUES('395','50','1','26','0.0000','0','+','40','0','0','+','0','1','1','attributes/color_green.gif','1','0.0000','0.0000','0.0000','0.0000','0.0000','','','0.0000','0','0.0000','0','0')
INSERT INTO products_attributes VALUES('390','50','1','31','0.0000','0','+','100','0','0','+','0','0','1','attributes/color_silver.gif','1','0.0000','0.0000','0.0000','0.0000','0.0000','','','0.0000','0','0.0000','0','0')
INSERT INTO products_attributes VALUES('392','50','6','23','0.0000','0','+','10','0','0','+','0','0','1','','1','0.0000','0.0000','0.0000','0.0000','0.0000','','','0.0000','0','0.0000','0','0')
INSERT INTO products_attributes VALUES('391','50','1','15','0.0000','0','+','50','0','0','+','0','0','1','attributes/color_blue.gif','1','0.0000','0.0000','0.0000','0.0000','0.0000','','','0.0000','0','0.0000','0','0')
INSERT INTO products_attributes VALUES('403','49','1','15','0.0000','0','+','50','0','0','+','0','0','1','','1','0.0000','0.0000','0.0000','0.0000','0.0000','','','0.0000','0','0.0000','0','0')
INSERT INTO products_attributes VALUES('404','49','6','23','0.0000','0','+','10','0','0','+','0','0','1','','1','0.0000','0.0000','0.0000','0.0000','0.0000','','','0.0000','0','0.0000','0','0')
INSERT INTO products_attributes VALUES('87','34','1','27','0.0000','0','+','60','0','0.1','+','0','0','1','attributes/a_bugs_life_purple.gif','1','0.0000','0.0000','0.0000','0.0000','0.0000','','','0.0000','0','0.0000','0','0')
INSERT INTO products_attributes VALUES('88','34','1','28','0.0000','0','+','70','0','0','+','0','0','1','attributes/a_bugs_life_brown.gif','1','0.0000','0.0000','0.0000','0.0000','0.0000','','','0.0000','0','0.0000','0','0')
INSERT INTO products_attributes VALUES('89','34','1','30','0.0000','0','+','90','0','0','+','0','0','1','attributes/a_bugs_life_white.gif','1','0.0000','0.0000','0.0000','0.0000','0.0000','','','0.0000','0','0.0000','0','0')
INSERT INTO products_attributes VALUES('90','34','1','31','0.0000','0','+','100','0','0','+','0','0','1','attributes/a_bugs_life_silver.gif','1','0.0000','0.0000','0.0000','0.0000','0.0000','','','0.0000','0','0.0000','0','0')
INSERT INTO products_attributes VALUES('402','49','1','31','0.0000','0','+','100','0','0','+','0','0','1','','1','0.0000','0.0000','0.0000','0.0000','0.0000','','','0.0000','0','0.0000','0','0')
INSERT INTO products_attributes VALUES('411','54','1','15','0.0000','0','+','50','0','0','+','0','0','1','attributes/color_blue.gif','1','0.0000','0.0000','0.0000','0.0000','0.0000','','','0.0000','0','0.0000','0','0')
INSERT INTO products_attributes VALUES('412','54','6','23','0.0000','0','+','10','0','0','+','0','0','1','','1','0.0000','0.0000','0.0000','0.0000','0.0000','','','0.0000','0','0.0000','0','0')
INSERT INTO products_attributes VALUES('413','54','6','14','19.9900','0','+','30','0','0','+','0','0','1','','1','0.0000','0.0000','0.0000','0.0000','0.0000','','','0.0000','0','0.0000','0','0')
INSERT INTO products_attributes VALUES('414','54','6','22','4.9900','0','+','20','0','0','+','0','0','1','','1','0.0000','0.0000','0.0000','0.0000','0.0000','','','0.0000','0','0.0000','0','0')
INSERT INTO products_attributes VALUES('415','54','1','26','0.0000','0','+','40','0','0','+','0','1','1','attributes/color_green.gif','1','0.0000','0.0000','0.0000','0.0000','0.0000','','','0.0000','0','0.0000','0','0')
INSERT INTO products_attributes VALUES('417','46','13','34','0.0000','0','+','40','0','0','+','0','0','1','','1','0.0000','0.0000','0.0000','0.0000','0.0000','','','0.0000','0','0.0000','0','0')
INSERT INTO products_attributes VALUES('418','46','13','35','0.0000','0','+','30','0','0','+','0','0','1','','1','0.0000','0.0000','0.0000','0.0000','0.0000','','','0.0000','0','0.0000','0','0')
INSERT INTO products_attributes VALUES('419','46','13','36','0.0000','0','+','20','0','0','+','0','0','1','','1','0.0000','0.0000','0.0000','0.0000','0.0000','','','0.0000','0','0.0000','0','0')
INSERT INTO products_attributes VALUES('420','46','13','44','0.0000','0','+','5','0','0','+','0','1','0','','1','0.0000','0.0000','0.0000','0.0000','0.0000','','','0.0000','0','0.0000','0','0')
INSERT INTO products_attributes VALUES('449','59','1','15','539.0000','0','','50','0','0','+','0','0','1','','1','0.0000','0.0000','0.0000','0.0000','0.0000','','','0.0000','0','0.0000','0','0')
INSERT INTO products_attributes VALUES('448','59','1','30','499.0000','0','','90','0','0','+','0','1','1','','1','0.0000','0.0000','0.0000','0.0000','0.0000','','','0.0000','0','0.0000','0','0')
INSERT INTO products_attributes VALUES('447','59','1','29','519.0000','0','','80','0','0','+','0','0','1','','1','0.0000','0.0000','0.0000','0.0000','0.0000','','','0.0000','0','0.0000','0','0')
INSERT INTO products_attributes VALUES('446','59','4','1','50.0000','0','+','10','0','1','+','0','0','1','','1','0.0000','0.0000','0.0000','0.0000','0.0000','','','0.0000','0','0.0000','0','0')
INSERT INTO products_attributes VALUES('445','59','4','2','75.0000','0','+','20','0','1','+','0','0','1','','1','0.0000','0.0000','0.0000','0.0000','0.0000','','','0.0000','0','0.0000','0','0')
INSERT INTO products_attributes VALUES('444','59','4','3','100.0000','0','+','30','0','1','+','0','0','1','','1','0.0000','0.0000','0.0000','0.0000','0.0000','','','0.0000','0','0.0000','0','0')
INSERT INTO products_attributes VALUES('450','59','4','46','0.0000','0','+','5','0','0','+','0','1','1','','1','0.0000','0.0000','0.0000','0.0000','0.0000','','','0.0000','0','0.0000','0','0')
INSERT INTO products_attributes VALUES('972','101','2','21','50.0000','0','+','20','0','0','+','0','0','1','','1','0.0000','0.0000','0.0000','0.0000','0.0000','','','0.0000','0','0.0000','0','0')
INSERT INTO products_attributes VALUES('971','101','1','17','75.0000','0','+','30','0','0','+','0','0','1','attributes/color_yellow.gif','1','0.0000','0.0000','0.0000','0.0000','0.0000','','','0.0000','0','0.0000','0','0')
INSERT INTO products_attributes VALUES('970','101','1','25','50.0000','0','+','20','0','0','+','0','0','1','attributes/color_orange.gif','1','0.0000','0.0000','0.0000','0.0000','0.0000','','','0.0000','0','0.0000','0','0')
INSERT INTO products_attributes VALUES('969','101','1','16','100.0000','0','+','10','0','0','+','0','0','1','attributes/color_red.gif','1','0.0000','0.0000','0.0000','0.0000','0.0000','','','0.0000','0','0.0000','0','0')
INSERT INTO products_attributes VALUES('991','110','1','25','50.0000','0','+','20','0','0','+','0','0','1','attributes/color_orange.gif','1','0.0000','0.0000','0.0000','0.0000','0.0000','','','0.0000','0','0.0000','0','0')
INSERT INTO products_attributes VALUES('988','109','5','52','0.0000','0','+','20','0','0','+','0','0','1','','1','0.0000','0.0000','0.0000','0.0000','0.0000','','','0.0000','0','0.0000','0','0')
INSERT INTO products_attributes VALUES('987','109','5','10','0.0000','0','+','10','0','0','+','0','0','1','','1','0.0000','0.0000','0.0000','0.0000','0.0000','','','0.0000','0','0.0000','0','0')
INSERT INTO products_attributes VALUES('990','110','1','16','100.0000','0','+','10','0','0','+','0','0','1','attributes/color_red.gif','1','0.0000','0.0000','0.0000','0.0000','0.0000','','','0.0000','0','0.0000','0','0')
INSERT INTO products_attributes VALUES('483','74','4','2','75.0000','0','+','20','0','1','+','0','0','0','','1','0.0000','0.0000','0.0000','0.0000','0.0000','','','0.0000','0','0.0000','0','0')
INSERT INTO products_attributes VALUES('482','74','4','3','100.0000','0','+','30','0','1','+','0','0','0','','1','0.0000','0.0000','0.0000','0.0000','0.0000','','','0.0000','0','0.0000','0','0')
INSERT INTO products_attributes VALUES('484','74','4','1','50.0000','0','+','10','0','1','+','0','0','0','','1','0.0000','0.0000','0.0000','0.0000','0.0000','','','0.0000','0','0.0000','0','0')
INSERT INTO products_attributes VALUES('485','74','1','29','519.0000','0','','80','0','0','+','0','0','1','','1','0.0000','0.0000','0.0000','0.0000','0.0000','','','0.0000','0','0.0000','0','0')
INSERT INTO products_attributes VALUES('486','74','1','30','499.0000','0','','90','0','0','+','0','1','1','','1','0.0000','0.0000','0.0000','0.0000','0.0000','','','0.0000','0','0.0000','0','0')
INSERT INTO products_attributes VALUES('487','74','1','15','539.0000','0','','50','0','0','+','0','0','1','','1','0.0000','0.0000','0.0000','0.0000','0.0000','','','0.0000','0','0.0000','0','0')
INSERT INTO products_attributes VALUES('488','74','4','46','0.0000','0','+','5','0','0','+','0','1','0','','1','0.0000','0.0000','0.0000','0.0000','0.0000','','','0.0000','0','0.0000','0','0')
INSERT INTO products_attributes VALUES('496','46','10','0','0.7500','0','+','0','0','0','+','0','0','0','','1','0.0000','0.0000','0.0000','0.0000','0.0000','','','0.0000','0','0.0000','0','0')
INSERT INTO products_attributes VALUES('497','46','9','0','0.5000','0','+','0','0','0','+','0','0','0','','1','0.0000','0.0000','0.0000','0.0000','0.0000','','','0.0000','0','0.0000','0','0')
INSERT INTO products_attributes VALUES('498','46','11','0','0.2500','0','+','0','0','0','+','0','0','0','','1','0.0000','0.0000','0.0000','0.0000','0.0000','','','0.0000','0','0.0000','0','0')
INSERT INTO products_attributes VALUES('517','79','1','16','100.0000','0','+','10','0','0','+','0','0','1','','1','0.0000','0.0000','0.0000','0.0000','0.0000','','','0.0000','0','0.0000','0','0')
INSERT INTO products_attributes VALUES('518','79','1','25','50.0000','0','+','20','0','0','+','0','0','1','','1','0.0000','0.0000','0.0000','0.0000','0.0000','','','0.0000','0','0.0000','0','0')
INSERT INTO products_attributes VALUES('519','79','1','17','75.0000','0','+','30','0','0','+','0','0','1','','1','0.0000','0.0000','0.0000','0.0000','0.0000','','','0.0000','0','0.0000','0','0')
INSERT INTO products_attributes VALUES('520','79','2','21','50.0000','0','+','20','0','0','+','0','0','1','','1','0.0000','0.0000','0.0000','0.0000','0.0000','','','0.0000','0','0.0000','0','0')
INSERT INTO products_attributes VALUES('521','79','2','20','100.0000','0','+','40','0','0','+','0','0','1','','1','0.0000','0.0000','0.0000','0.0000','0.0000','','','0.0000','0','0.0000','0','0')
INSERT INTO products_attributes VALUES('522','79','2','18','75.0000','0','+','30','0','0','+','0','0','1','','1','0.0000','0.0000','0.0000','0.0000','0.0000','','','0.0000','0','0.0000','0','0')
INSERT INTO products_attributes VALUES('523','79','13','35','75.0000','0','+','30','0','0','+','0','0','1','','1','0.0000','0.0000','0.0000','0.0000','0.0000','','','0.0000','0','0.0000','0','0')
INSERT INTO products_attributes VALUES('524','79','13','34','100.0000','0','+','40','0','0','+','0','0','1','','1','0.0000','0.0000','0.0000','0.0000','0.0000','','','0.0000','0','0.0000','0','0')
INSERT INTO products_attributes VALUES('525','79','13','36','50.0000','0','+','20','0','0','+','0','0','1','','1','0.0000','0.0000','0.0000','0.0000','0.0000','','','0.0000','0','0.0000','0','0')
INSERT INTO products_attributes VALUES('526','80','1','16','100.0000','0','+','10','0','0','+','0','0','1','','1','0.0000','0.0000','0.0000','0.0000','0.0000','','','0.0000','0','0.0000','0','0')
INSERT INTO products_attributes VALUES('527','80','1','25','50.0000','0','+','20','0','0','+','0','0','1','','1','0.0000','0.0000','0.0000','0.0000','0.0000','','','0.0000','0','0.0000','0','0')
INSERT INTO products_attributes VALUES('528','80','1','17','75.0000','0','+','30','0','0','+','0','0','1','','1','0.0000','0.0000','0.0000','0.0000','0.0000','','','0.0000','0','0.0000','0','0')
INSERT INTO products_attributes VALUES('529','80','2','21','50.0000','0','+','20','0','0','+','0','0','1','','1','0.0000','0.0000','0.0000','0.0000','0.0000','','','0.0000','0','0.0000','0','0')
INSERT INTO products_attributes VALUES('530','80','2','20','100.0000','0','+','40','0','0','+','0','0','1','','1','0.0000','0.0000','0.0000','0.0000','0.0000','','','0.0000','0','0.0000','0','0')
INSERT INTO products_attributes VALUES('531','80','2','18','75.0000','0','+','30','0','0','+','0','0','1','','1','0.0000','0.0000','0.0000','0.0000','0.0000','','','0.0000','0','0.0000','0','0')
INSERT INTO products_attributes VALUES('532','80','13','35','75.0000','0','+','30','0','0','+','0','0','1','','1','0.0000','0.0000','0.0000','0.0000','0.0000','','','0.0000','0','0.0000','0','0')
INSERT INTO products_attributes VALUES('533','80','13','34','100.0000','0','+','40','0','0','+','0','0','1','','1','0.0000','0.0000','0.0000','0.0000','0.0000','','','0.0000','0','0.0000','0','0')
INSERT INTO products_attributes VALUES('534','80','13','36','50.0000','0','+','20','0','0','+','0','0','1','','1','0.0000','0.0000','0.0000','0.0000','0.0000','','','0.0000','0','0.0000','0','0')
INSERT INTO products_attributes VALUES('570','84','13','36','40.0000','0','+','20','0','0','+','0','0','1','','1','0.0000','0.0000','0.0000','0.0000','0.0000','','','0.0000','0','0.0000','0','0')
INSERT INTO products_attributes VALUES('569','84','13','34','100.0000','0','+','40','0','0','+','0','0','1','','1','0.0000','0.0000','0.0000','0.0000','0.0000','','','0.0000','0','0.0000','0','0')
INSERT INTO products_attributes VALUES('568','84','13','35','75.0000','0','+','30','0','0','+','0','0','1','','1','0.0000','0.0000','0.0000','0.0000','0.0000','','','0.0000','0','0.0000','0','0')
INSERT INTO products_attributes VALUES('567','84','2','18','75.0000','0','+','30','0','0','+','0','0','1','','1','0.0000','0.0000','0.0000','0.0000','0.0000','','','0.0000','0','0.0000','0','0')
INSERT INTO products_attributes VALUES('566','84','2','20','100.0000','0','+','40','0','0','+','0','0','1','','1','0.0000','0.0000','0.0000','0.0000','0.0000','','','0.0000','0','0.0000','0','0')
INSERT INTO products_attributes VALUES('565','84','2','21','50.0000','0','+','20','0','0','+','0','0','1','','1','0.0000','0.0000','0.0000','0.0000','0.0000','','','0.0000','0','0.0000','0','0')
INSERT INTO products_attributes VALUES('564','84','1','17','75.0000','0','+','30','0','0','+','0','0','1','attributes/color_yellow.gif','1','0.0000','0.0000','0.0000','0.0000','0.0000','','','0.0000','0','0.0000','0','0')
INSERT INTO products_attributes VALUES('563','84','1','25','50.0000','0','+','20','0','0','+','0','0','1','attributes/color_orange.gif','1','0.0000','0.0000','0.0000','0.0000','0.0000','','','0.0000','0','0.0000','0','0')
INSERT INTO products_attributes VALUES('562','84','1','16','100.0000','0','+','10','0','0','+','0','0','1','attributes/color_red.gif','1','0.0000','0.0000','0.0000','0.0000','0.0000','','','0.0000','0','0.0000','0','0')
INSERT INTO products_attributes VALUES('678','82','2','18','75.0000','0','+','30','0','0','+','0','0','1','','1','0.0000','0.0000','0.0000','0.0000','0.0000','','','0.0000','0','0.0000','0','0')
INSERT INTO products_attributes VALUES('677','82','2','20','100.0000','0','+','40','0','0','+','0','0','1','','1','0.0000','0.0000','0.0000','0.0000','0.0000','','','0.0000','0','0.0000','0','0')
INSERT INTO products_attributes VALUES('676','82','2','21','50.0000','0','+','20','0','0','+','0','0','1','','1','0.0000','0.0000','0.0000','0.0000','0.0000','','','0.0000','0','0.0000','0','0')
INSERT INTO products_attributes VALUES('675','82','1','17','75.0000','0','+','30','0','0','+','0','0','1','attributes/color_yellow.gif','1','0.0000','0.0000','0.0000','0.0000','0.0000','','','0.0000','0','0.0000','0','0')
INSERT INTO products_attributes VALUES('674','82','1','25','50.0000','0','+','20','0','0','+','0','0','1','attributes/color_orange.gif','1','0.0000','0.0000','0.0000','0.0000','0.0000','','','0.0000','0','0.0000','0','0')
INSERT INTO products_attributes VALUES('673','82','1','16','100.0000','0','+','10','0','0','+','0','0','1','attributes/color_red.gif','1','0.0000','0.0000','0.0000','0.0000','0.0000','','','0.0000','0','0.0000','0','0')
INSERT INTO products_attributes VALUES('694','83','2','18','75.0000','0','+','30','0','0','+','0','0','1','','1','0.0000','0.0000','0.0000','0.0000','0.0000','','','0.0000','0','0.0000','0','0')
INSERT INTO products_attributes VALUES('693','83','2','20','100.0000','0','+','40','0','0','+','0','0','1','','1','0.0000','0.0000','0.0000','0.0000','0.0000','','','0.0000','0','0.0000','0','0')
INSERT INTO products_attributes VALUES('692','83','2','21','50.0000','0','+','20','0','0','+','0','0','1','','1','0.0000','0.0000','0.0000','0.0000','0.0000','','','0.0000','0','0.0000','0','0')
INSERT INTO products_attributes VALUES('691','83','1','17','75.0000','0','+','30','0','0','+','0','0','1','attributes/color_yellow.gif','1','0.0000','0.0000','0.0000','0.0000','0.0000','','','0.0000','0','0.0000','0','0')
INSERT INTO products_attributes VALUES('690','83','1','25','50.0000','0','+','20','0','0','+','0','0','1','attributes/color_orange.gif','1','0.0000','0.0000','0.0000','0.0000','0.0000','','','0.0000','0','0.0000','0','0')
INSERT INTO products_attributes VALUES('689','83','1','16','100.0000','0','+','10','0','0','+','0','0','1','attributes/color_red.gif','1','0.0000','0.0000','0.0000','0.0000','0.0000','','','0.0000','0','0.0000','0','0')
INSERT INTO products_attributes VALUES('571','85','1','16','100.0000','0','+','10','0','0','+','0','0','1','','1','0.0000','0.0000','0.0000','0.0000','0.0000','','','0.0000','0','0.0000','0','0')
INSERT INTO products_attributes VALUES('572','85','1','25','50.0000','0','+','20','0','0','+','0','0','1','','1','0.0000','0.0000','0.0000','0.0000','0.0000','','','0.0000','0','0.0000','0','0')
INSERT INTO products_attributes VALUES('573','85','1','17','75.0000','0','+','30','0','0','+','0','0','1','','1','0.0000','0.0000','0.0000','0.0000','0.0000','','','0.0000','0','0.0000','0','0')
INSERT INTO products_attributes VALUES('574','85','2','21','50.0000','0','+','20','0','0','+','0','0','1','','1','0.0000','0.0000','0.0000','0.0000','0.0000','','','0.0000','0','0.0000','0','0')
INSERT INTO products_attributes VALUES('575','85','2','20','100.0000','0','+','40','0','0','+','0','0','1','','1','0.0000','0.0000','0.0000','0.0000','0.0000','','','0.0000','0','0.0000','0','0')
INSERT INTO products_attributes VALUES('576','85','2','18','75.0000','0','+','30','0','0','+','0','0','1','','1','0.0000','0.0000','0.0000','0.0000','0.0000','','','0.0000','0','0.0000','0','0')
INSERT INTO products_attributes VALUES('577','85','13','35','75.0000','0','+','30','0','0','+','0','0','1','','1','0.0000','0.0000','0.0000','0.0000','0.0000','','','0.0000','0','0.0000','0','0')
INSERT INTO products_attributes VALUES('578','85','13','34','100.0000','0','+','40','0','0','+','0','0','1','','1','0.0000','0.0000','0.0000','0.0000','0.0000','','','0.0000','0','0.0000','0','0')
INSERT INTO products_attributes VALUES('579','85','13','36','50.0000','0','+','20','0','0','+','0','0','1','','1','0.0000','0.0000','0.0000','0.0000','0.0000','','','0.0000','0','0.0000','0','0')
INSERT INTO products_attributes VALUES('877','88','13','48','0.0000','0','+','5','0','0','+','0','0','1','','1','0.0000','0.0000','0.0000','0.0000','0.0000','','','0.0000','0','0.0000','0','0')
INSERT INTO products_attributes VALUES('876','88','13','47','50.0000','0','+','10','0','0','+','0','0','1','','1','0.0000','0.0000','0.0000','0.0000','0.0000','','','0.0000','0','0.0000','0','0')
INSERT INTO products_attributes VALUES('873','88','13','36','40.0000','0','+','20','0','0','+','0','0','1','','1','0.0000','0.0000','0.0000','0.0000','0.0000','','','0.0000','0','0.0000','0','0')
INSERT INTO products_attributes VALUES('874','88','1','26','40.0000','0','+','40','0','0','+','0','0','1','attributes/color_green.gif','1','0.0000','0.0000','0.0000','0.0000','0.0000','','','0.0000','0','0.0000','0','0')
INSERT INTO products_attributes VALUES('875','88','2','19','40.0000','0','+','10','0','0','+','0','0','1','','1','0.0000','0.0000','0.0000','0.0000','0.0000','','','0.0000','0','0.0000','0','0')
INSERT INTO products_attributes VALUES('893','89','13','48','0.0000','0','+','5','0','0','+','0','0','1','','1','0.0000','0.0000','0.0000','0.0000','0.0000','','','0.0000','0','0.0000','0','0')
INSERT INTO products_attributes VALUES('892','89','13','47','50.0000','0','+','10','0','0','+','0','0','1','','1','0.0000','0.0000','0.0000','0.0000','0.0000','','','0.0000','0','0.0000','0','0')
INSERT INTO products_attributes VALUES('889','89','13','36','40.0000','0','+','20','0','0','+','0','0','1','','1','0.0000','0.0000','0.0000','0.0000','0.0000','','','0.0000','0','0.0000','0','0')
INSERT INTO products_attributes VALUES('890','89','1','26','40.0000','0','+','40','0','0','+','0','0','1','attributes/color_green.gif','1','0.0000','0.0000','0.0000','0.0000','0.0000','','','0.0000','0','0.0000','0','0')
INSERT INTO products_attributes VALUES('891','89','2','19','40.0000','0','+','10','0','0','+','0','0','1','','1','0.0000','0.0000','0.0000','0.0000','0.0000','','','0.0000','0','0.0000','0','0')
INSERT INTO products_attributes VALUES('710','93','2','18','75.0000','0','+','30','0','0','+','0','0','1','','1','0.0000','0.0000','0.0000','0.0000','0.0000','','','0.0000','0','0.0000','0','0')
INSERT INTO products_attributes VALUES('709','93','2','20','100.0000','0','+','40','0','0','+','0','0','1','','1','0.0000','0.0000','0.0000','0.0000','0.0000','','','0.0000','0','0.0000','0','0')
INSERT INTO products_attributes VALUES('708','93','2','21','50.0000','0','+','20','0','0','+','0','0','1','','1','0.0000','0.0000','0.0000','0.0000','0.0000','','','0.0000','0','0.0000','0','0')
INSERT INTO products_attributes VALUES('707','93','1','17','75.0000','0','+','30','0','0','+','0','0','1','attributes/color_yellow.gif','1','0.0000','0.0000','0.0000','0.0000','0.0000','','','0.0000','0','0.0000','0','0')
INSERT INTO products_attributes VALUES('706','93','1','25','50.0000','0','+','20','0','0','+','0','0','1','attributes/color_orange.gif','1','0.0000','0.0000','0.0000','0.0000','0.0000','','','0.0000','0','0.0000','0','0')
INSERT INTO products_attributes VALUES('705','93','1','16','100.0000','0','+','10','0','0','+','0','0','1','attributes/color_red.gif','1','0.0000','0.0000','0.0000','0.0000','0.0000','','','0.0000','0','0.0000','0','0')
INSERT INTO products_attributes VALUES('726','94','2','18','75.0000','0','+','30','0','0','+','0','0','1','','1','0.0000','0.0000','0.0000','0.0000','0.0000','','','0.0000','0','0.0000','0','0')
INSERT INTO products_attributes VALUES('725','94','2','20','100.0000','0','+','40','0','0','+','0','0','1','','1','0.0000','0.0000','0.0000','0.0000','0.0000','','','0.0000','0','0.0000','0','0')
INSERT INTO products_attributes VALUES('724','94','2','21','50.0000','0','+','20','0','0','+','0','0','1','','1','0.0000','0.0000','0.0000','0.0000','0.0000','','','0.0000','0','0.0000','0','0')
INSERT INTO products_attributes VALUES('723','94','1','17','75.0000','0','+','30','0','0','+','0','0','1','attributes/color_yellow.gif','1','0.0000','0.0000','0.0000','0.0000','0.0000','','','0.0000','0','0.0000','0','0')
INSERT INTO products_attributes VALUES('722','94','1','25','50.0000','0','+','20','0','0','+','0','0','1','attributes/color_orange.gif','1','0.0000','0.0000','0.0000','0.0000','0.0000','','','0.0000','0','0.0000','0','0')
INSERT INTO products_attributes VALUES('721','94','1','16','100.0000','0','+','10','0','0','+','0','0','1','attributes/color_red.gif','1','0.0000','0.0000','0.0000','0.0000','0.0000','','','0.0000','0','0.0000','0','0')
INSERT INTO products_attributes VALUES('661','84','1','26','40.0000','0','+','40','0','0','+','0','0','1','attributes/color_green.gif','1','0.0000','0.0000','0.0000','0.0000','0.0000','','','0.0000','0','0.0000','0','0')
INSERT INTO products_attributes VALUES('662','84','2','19','40.0000','0','+','10','0','0','+','0','0','1','','1','0.0000','0.0000','0.0000','0.0000','0.0000','','','0.0000','0','0.0000','0','0')
INSERT INTO products_attributes VALUES('663','84','13','47','50.0000','0','+','10','0','0','+','0','0','1','','1','0.0000','0.0000','0.0000','0.0000','0.0000','','','0.0000','0','0.0000','0','0')
INSERT INTO products_attributes VALUES('668','84','13','48','0.0000','0','+','5','0','0','+','0','0','1','','1','0.0000','0.0000','0.0000','0.0000','0.0000','','','0.0000','0','0.0000','0','0')
INSERT INTO products_attributes VALUES('679','82','13','35','75.0000','0','+','30','0','0','+','0','0','1','','1','0.0000','0.0000','0.0000','0.0000','0.0000','','','0.0000','0','0.0000','0','0')
INSERT INTO products_attributes VALUES('672','84','15','51','0.0000','0','+','10','0','0','+','0','0','1','','0','0.0000','0.0000','0.0000','0.0000','0.0000','','','0.0000','0','0.0000','0','0')
INSERT INTO products_attributes VALUES('680','82','13','34','100.0000','0','+','40','0','0','+','0','0','1','','1','0.0000','0.0000','0.0000','0.0000','0.0000','','','0.0000','0','0.0000','0','0')
INSERT INTO products_attributes VALUES('681','82','13','36','40.0000','0','+','20','0','0','+','0','0','1','','1','0.0000','0.0000','0.0000','0.0000','0.0000','','','0.0000','0','0.0000','0','0')
INSERT INTO products_attributes VALUES('682','82','1','26','40.0000','0','+','40','0','0','+','0','0','1','attributes/color_green.gif','1','0.0000','0.0000','0.0000','0.0000','0.0000','','','0.0000','0','0.0000','0','0')
INSERT INTO products_attributes VALUES('683','82','2','19','40.0000','0','+','10','0','0','+','0','0','1','','1','0.0000','0.0000','0.0000','0.0000','0.0000','','','0.0000','0','0.0000','0','0')
INSERT INTO products_attributes VALUES('684','82','13','47','50.0000','0','+','10','0','0','+','0','0','1','','1','0.0000','0.0000','0.0000','0.0000','0.0000','','','0.0000','0','0.0000','0','0')
INSERT INTO products_attributes VALUES('685','82','13','48','0.0000','0','+','5','0','0','+','0','0','1','','1','0.0000','0.0000','0.0000','0.0000','0.0000','','','0.0000','0','0.0000','0','0')
INSERT INTO products_attributes VALUES('688','82','15','51','0.0000','0','+','10','0','0','+','0','0','1','','0','0.0000','0.0000','0.0000','0.0000','0.0000','','','0.0000','0','0.0000','0','0')
INSERT INTO products_attributes VALUES('695','83','13','35','75.0000','0','+','30','0','0','+','0','0','1','','1','0.0000','0.0000','0.0000','0.0000','0.0000','','','0.0000','0','0.0000','0','0')
INSERT INTO products_attributes VALUES('696','83','13','34','100.0000','0','+','40','0','0','+','0','0','1','','1','0.0000','0.0000','0.0000','0.0000','0.0000','','','0.0000','0','0.0000','0','0')
INSERT INTO products_attributes VALUES('697','83','13','36','40.0000','0','+','20','0','0','+','0','0','1','','1','0.0000','0.0000','0.0000','0.0000','0.0000','','','0.0000','0','0.0000','0','0')
INSERT INTO products_attributes VALUES('698','83','1','26','40.0000','0','+','40','0','0','+','0','0','1','attributes/color_green.gif','1','0.0000','0.0000','0.0000','0.0000','0.0000','','','0.0000','0','0.0000','0','0')
INSERT INTO products_attributes VALUES('699','83','2','19','40.0000','0','+','10','0','0','+','0','0','1','','1','0.0000','0.0000','0.0000','0.0000','0.0000','','','0.0000','0','0.0000','0','0')
INSERT INTO products_attributes VALUES('700','83','13','47','50.0000','0','+','10','0','0','+','0','0','1','','1','0.0000','0.0000','0.0000','0.0000','0.0000','','','0.0000','0','0.0000','0','0')
INSERT INTO products_attributes VALUES('701','83','13','48','0.0000','0','+','5','0','0','+','0','0','1','','1','0.0000','0.0000','0.0000','0.0000','0.0000','','','0.0000','0','0.0000','0','0')
INSERT INTO products_attributes VALUES('704','83','15','51','0.0000','0','+','10','0','0','+','0','0','1','','0','0.0000','0.0000','0.0000','0.0000','0.0000','','','0.0000','0','0.0000','0','0')
INSERT INTO products_attributes VALUES('711','93','13','35','75.0000','0','+','30','0','0','+','0','0','1','','1','0.0000','0.0000','0.0000','0.0000','0.0000','','','0.0000','0','0.0000','0','0')
INSERT INTO products_attributes VALUES('712','93','13','34','100.0000','0','+','40','0','0','+','0','0','1','','1','0.0000','0.0000','0.0000','0.0000','0.0000','','','0.0000','0','0.0000','0','0')
INSERT INTO products_attributes VALUES('713','93','13','36','40.0000','0','+','20','0','0','+','0','0','1','','1','0.0000','0.0000','0.0000','0.0000','0.0000','','','0.0000','0','0.0000','0','0')
INSERT INTO products_attributes VALUES('714','93','1','26','40.0000','0','+','40','0','0','+','0','0','1','attributes/color_green.gif','1','0.0000','0.0000','0.0000','0.0000','0.0000','','','0.0000','0','0.0000','0','0')
INSERT INTO products_attributes VALUES('715','93','2','19','40.0000','0','+','10','0','0','+','0','0','1','','1','0.0000','0.0000','0.0000','0.0000','0.0000','','','0.0000','0','0.0000','0','0')
INSERT INTO products_attributes VALUES('716','93','13','47','50.0000','0','+','10','0','0','+','0','0','1','','1','0.0000','0.0000','0.0000','0.0000','0.0000','','','0.0000','0','0.0000','0','0')
INSERT INTO products_attributes VALUES('717','93','13','48','0.0000','0','+','5','0','0','+','0','0','1','','1','0.0000','0.0000','0.0000','0.0000','0.0000','','','0.0000','0','0.0000','0','0')
INSERT INTO products_attributes VALUES('720','93','15','51','0.0000','0','+','10','0','0','+','0','0','1','','0','0.0000','0.0000','0.0000','0.0000','0.0000','','','0.0000','0','0.0000','0','0')
INSERT INTO products_attributes VALUES('727','94','13','35','75.0000','0','+','30','0','0','+','0','0','1','','1','0.0000','0.0000','0.0000','0.0000','0.0000','','','0.0000','0','0.0000','0','0')
INSERT INTO products_attributes VALUES('728','94','13','34','100.0000','0','+','40','0','0','+','0','0','1','','1','0.0000','0.0000','0.0000','0.0000','0.0000','','','0.0000','0','0.0000','0','0')
INSERT INTO products_attributes VALUES('729','94','13','36','40.0000','0','+','20','0','0','+','0','0','1','','1','0.0000','0.0000','0.0000','0.0000','0.0000','','','0.0000','0','0.0000','0','0')
INSERT INTO products_attributes VALUES('730','94','1','26','40.0000','0','+','40','0','0','+','0','0','1','attributes/color_green.gif','1','0.0000','0.0000','0.0000','0.0000','0.0000','','','0.0000','0','0.0000','0','0')
INSERT INTO products_attributes VALUES('731','94','2','19','40.0000','0','+','10','0','0','+','0','0','1','','1','0.0000','0.0000','0.0000','0.0000','0.0000','','','0.0000','0','0.0000','0','0')
INSERT INTO products_attributes VALUES('732','94','13','47','50.0000','0','+','10','0','0','+','0','0','1','','1','0.0000','0.0000','0.0000','0.0000','0.0000','','','0.0000','0','0.0000','0','0')
INSERT INTO products_attributes VALUES('733','94','13','48','0.0000','0','+','5','0','0','+','0','0','1','','1','0.0000','0.0000','0.0000','0.0000','0.0000','','','0.0000','0','0.0000','0','0')
INSERT INTO products_attributes VALUES('736','94','15','51','0.0000','0','+','10','0','0','+','0','0','1','','0','0.0000','0.0000','0.0000','0.0000','0.0000','','','0.0000','0','0.0000','0','0')
INSERT INTO products_attributes VALUES('872','88','13','34','100.0000','0','+','40','0','0','+','0','0','1','','1','0.0000','0.0000','0.0000','0.0000','0.0000','','','0.0000','0','0.0000','0','0')
INSERT INTO products_attributes VALUES('871','88','13','35','75.0000','0','+','30','0','0','+','0','0','1','','1','0.0000','0.0000','0.0000','0.0000','0.0000','','','0.0000','0','0.0000','0','0')
INSERT INTO products_attributes VALUES('870','88','2','18','75.0000','0','+','30','0','0','+','0','0','1','','1','0.0000','0.0000','0.0000','0.0000','0.0000','','','0.0000','0','0.0000','0','0')
INSERT INTO products_attributes VALUES('868','88','2','21','50.0000','0','+','20','0','0','+','0','0','1','','1','0.0000','0.0000','0.0000','0.0000','0.0000','','','0.0000','0','0.0000','0','0')
INSERT INTO products_attributes VALUES('869','88','2','20','100.0000','0','+','40','0','0','+','0','0','1','','1','0.0000','0.0000','0.0000','0.0000','0.0000','','','0.0000','0','0.0000','0','0')
INSERT INTO products_attributes VALUES('867','88','1','17','75.0000','0','+','30','0','0','+','0','0','1','attributes/color_yellow.gif','1','0.0000','0.0000','0.0000','0.0000','0.0000','','','0.0000','0','0.0000','0','0')
INSERT INTO products_attributes VALUES('866','88','1','25','50.0000','0','+','20','0','0','+','0','0','1','attributes/color_orange.gif','1','0.0000','0.0000','0.0000','0.0000','0.0000','','','0.0000','0','0.0000','0','0')
INSERT INTO products_attributes VALUES('888','89','13','34','100.0000','0','+','40','0','0','+','0','0','1','','1','0.0000','0.0000','0.0000','0.0000','0.0000','','','0.0000','0','0.0000','0','0')
INSERT INTO products_attributes VALUES('887','89','13','35','75.0000','0','+','30','0','0','+','0','0','1','','1','0.0000','0.0000','0.0000','0.0000','0.0000','','','0.0000','0','0.0000','0','0')
INSERT INTO products_attributes VALUES('886','89','2','18','75.0000','0','+','30','0','0','+','0','0','1','','1','0.0000','0.0000','0.0000','0.0000','0.0000','','','0.0000','0','0.0000','0','0')
INSERT INTO products_attributes VALUES('884','89','2','21','50.0000','0','+','20','0','0','+','0','0','1','','1','0.0000','0.0000','0.0000','0.0000','0.0000','','','0.0000','0','0.0000','0','0')
INSERT INTO products_attributes VALUES('885','89','2','20','100.0000','0','+','40','0','0','+','0','0','1','','1','0.0000','0.0000','0.0000','0.0000','0.0000','','','0.0000','0','0.0000','0','0')
INSERT INTO products_attributes VALUES('883','89','1','17','75.0000','0','+','30','0','0','+','0','0','1','attributes/color_yellow.gif','1','0.0000','0.0000','0.0000','0.0000','0.0000','','','0.0000','0','0.0000','0','0')
INSERT INTO products_attributes VALUES('882','89','1','25','50.0000','0','+','20','0','0','+','0','0','1','attributes/color_orange.gif','1','0.0000','0.0000','0.0000','0.0000','0.0000','','','0.0000','0','0.0000','0','0')
INSERT INTO products_attributes VALUES('865','88','1','16','100.0000','0','+','10','0','0','+','0','0','1','attributes/color_red.gif','1','0.0000','0.0000','0.0000','0.0000','0.0000','','','0.0000','0','0.0000','0','0')
INSERT INTO products_attributes VALUES('881','89','1','16','100.0000','0','+','10','0','0','+','0','0','1','attributes/color_red.gif','1','0.0000','0.0000','0.0000','0.0000','0.0000','','','0.0000','0','0.0000','0','0')
INSERT INTO products_attributes VALUES('880','88','15','51','0.0000','0','+','10','0','0','+','0','0','1','','0','0.0000','0.0000','0.0000','0.0000','0.0000','','','0.0000','0','0.0000','0','0')
INSERT INTO products_attributes VALUES('896','89','15','51','0.0000','0','+','10','0','0','+','0','0','1','','0','0.0000','0.0000','0.0000','0.0000','0.0000','','','0.0000','0','0.0000','0','0')
INSERT INTO products_attributes VALUES('897','95','1','16','100.0000','0','+','10','0','0','+','0','0','1','attributes/color_red.gif','1','0.0000','0.0000','0.0000','0.0000','0.0000','','','0.0000','0','0.0000','0','0')
INSERT INTO products_attributes VALUES('898','95','1','25','50.0000','0','+','20','0','0','+','0','0','1','attributes/color_orange.gif','1','0.0000','0.0000','0.0000','0.0000','0.0000','','','0.0000','0','0.0000','0','0')
INSERT INTO products_attributes VALUES('899','95','1','17','75.0000','0','+','30','0','0','+','0','0','1','attributes/color_yellow.gif','1','0.0000','0.0000','0.0000','0.0000','0.0000','','','0.0000','0','0.0000','0','0')
INSERT INTO products_attributes VALUES('900','95','2','21','50.0000','0','+','20','0','0','+','0','0','1','','1','0.0000','0.0000','0.0000','0.0000','0.0000','','','0.0000','0','0.0000','0','0')
INSERT INTO products_attributes VALUES('901','95','2','20','100.0000','0','+','40','0','0','+','0','0','1','','1','0.0000','0.0000','0.0000','0.0000','0.0000','','','0.0000','0','0.0000','0','0')
INSERT INTO products_attributes VALUES('902','95','2','18','75.0000','0','+','30','0','0','+','0','0','1','','1','0.0000','0.0000','0.0000','0.0000','0.0000','','','0.0000','0','0.0000','0','0')
INSERT INTO products_attributes VALUES('903','95','13','35','75.0000','0','+','30','0','0','+','0','0','1','','1','0.0000','0.0000','0.0000','0.0000','0.0000','','','0.0000','0','0.0000','0','0')
INSERT INTO products_attributes VALUES('904','95','13','34','100.0000','0','+','40','0','0','+','0','0','1','','1','0.0000','0.0000','0.0000','0.0000','0.0000','','','0.0000','0','0.0000','0','0')
INSERT INTO products_attributes VALUES('905','95','13','36','40.0000','0','+','20','0','0','+','0','0','1','','1','0.0000','0.0000','0.0000','0.0000','0.0000','','','0.0000','0','0.0000','0','0')
INSERT INTO products_attributes VALUES('906','95','1','26','40.0000','0','+','40','0','0','+','0','0','1','attributes/color_green.gif','1','0.0000','0.0000','0.0000','0.0000','0.0000','','','0.0000','0','0.0000','0','0')
INSERT INTO products_attributes VALUES('907','95','2','19','40.0000','0','+','10','0','0','+','0','0','1','','1','0.0000','0.0000','0.0000','0.0000','0.0000','','','0.0000','0','0.0000','0','0')
INSERT INTO products_attributes VALUES('908','95','13','47','50.0000','0','+','10','0','0','+','0','0','1','','1','0.0000','0.0000','0.0000','0.0000','0.0000','','','0.0000','0','0.0000','0','0')
INSERT INTO products_attributes VALUES('909','95','13','48','0.0000','0','+','5','0','0','+','0','0','1','','1','0.0000','0.0000','0.0000','0.0000','0.0000','','','0.0000','0','0.0000','0','0')
INSERT INTO products_attributes VALUES('912','95','15','51','0.0000','0','+','10','0','0','+','0','0','1','','0','0.0000','0.0000','0.0000','0.0000','0.0000','','','0.0000','0','0.0000','0','0')
INSERT INTO products_attributes VALUES('913','96','1','16','100.0000','0','+','10','0','0','+','0','0','1','attributes/color_red.gif','1','0.0000','0.0000','0.0000','0.0000','0.0000','','','0.0000','0','0.0000','0','0')
INSERT INTO products_attributes VALUES('914','96','1','25','50.0000','0','+','20','0','0','+','0','0','1','attributes/color_orange.gif','1','0.0000','0.0000','0.0000','0.0000','0.0000','','','0.0000','0','0.0000','0','0')
INSERT INTO products_attributes VALUES('915','96','1','17','75.0000','0','+','30','0','0','+','0','0','1','attributes/color_yellow.gif','1','0.0000','0.0000','0.0000','0.0000','0.0000','','','0.0000','0','0.0000','0','0')
INSERT INTO products_attributes VALUES('916','96','2','21','50.0000','0','+','20','0','0','+','0','0','1','','1','0.0000','0.0000','0.0000','0.0000','0.0000','','','0.0000','0','0.0000','0','0')
INSERT INTO products_attributes VALUES('917','96','2','20','100.0000','0','+','40','0','0','+','0','0','1','','1','0.0000','0.0000','0.0000','0.0000','0.0000','','','0.0000','0','0.0000','0','0')
INSERT INTO products_attributes VALUES('918','96','2','18','75.0000','0','+','30','0','0','+','0','0','1','','1','0.0000','0.0000','0.0000','0.0000','0.0000','','','0.0000','0','0.0000','0','0')
INSERT INTO products_attributes VALUES('919','96','13','35','75.0000','0','+','30','0','0','+','0','0','1','','1','0.0000','0.0000','0.0000','0.0000','0.0000','','','0.0000','0','0.0000','0','0')
INSERT INTO products_attributes VALUES('920','96','13','34','100.0000','0','+','40','0','0','+','0','0','1','','1','0.0000','0.0000','0.0000','0.0000','0.0000','','','0.0000','0','0.0000','0','0')
INSERT INTO products_attributes VALUES('921','96','13','36','40.0000','0','+','20','0','0','+','0','0','1','','1','0.0000','0.0000','0.0000','0.0000','0.0000','','','0.0000','0','0.0000','0','0')
INSERT INTO products_attributes VALUES('922','96','1','26','40.0000','0','+','40','0','0','+','0','0','1','attributes/color_green.gif','1','0.0000','0.0000','0.0000','0.0000','0.0000','','','0.0000','0','0.0000','0','0')
INSERT INTO products_attributes VALUES('923','96','2','19','40.0000','0','+','10','0','0','+','0','0','1','','1','0.0000','0.0000','0.0000','0.0000','0.0000','','','0.0000','0','0.0000','0','0')
INSERT INTO products_attributes VALUES('924','96','13','47','50.0000','0','+','10','0','0','+','0','0','1','','1','0.0000','0.0000','0.0000','0.0000','0.0000','','','0.0000','0','0.0000','0','0')
INSERT INTO products_attributes VALUES('925','96','13','48','0.0000','0','+','5','0','0','+','0','0','1','','1','0.0000','0.0000','0.0000','0.0000','0.0000','','','0.0000','0','0.0000','0','0')
INSERT INTO products_attributes VALUES('928','96','15','51','0.0000','0','+','10','0','0','+','0','0','1','','0','0.0000','0.0000','0.0000','0.0000','0.0000','','','0.0000','0','0.0000','0','0')
INSERT INTO products_attributes VALUES('929','97','1','16','100.0000','0','+','10','0','0','+','0','0','1','attributes/color_red.gif','1','0.0000','0.0000','0.0000','0.0000','0.0000','','','0.0000','0','0.0000','0','0')
INSERT INTO products_attributes VALUES('930','97','1','25','50.0000','0','+','20','0','0','+','0','0','1','attributes/color_orange.gif','1','0.0000','0.0000','0.0000','0.0000','0.0000','','','0.0000','0','0.0000','0','0')
INSERT INTO products_attributes VALUES('931','97','1','17','75.0000','0','+','30','0','0','+','0','0','1','attributes/color_yellow.gif','1','0.0000','0.0000','0.0000','0.0000','0.0000','','','0.0000','0','0.0000','0','0')
INSERT INTO products_attributes VALUES('932','97','2','21','50.0000','0','+','20','0','0','+','0','0','1','','1','0.0000','0.0000','0.0000','0.0000','0.0000','','','0.0000','0','0.0000','0','0')
INSERT INTO products_attributes VALUES('933','97','2','20','100.0000','0','+','40','0','0','+','0','0','1','','1','0.0000','0.0000','0.0000','0.0000','0.0000','','','0.0000','0','0.0000','0','0')
INSERT INTO products_attributes VALUES('934','97','2','18','75.0000','0','+','30','0','0','+','0','0','1','','1','0.0000','0.0000','0.0000','0.0000','0.0000','','','0.0000','0','0.0000','0','0')
INSERT INTO products_attributes VALUES('935','97','13','35','75.0000','0','+','30','0','0','+','0','0','1','','1','0.0000','0.0000','0.0000','0.0000','0.0000','','','0.0000','0','0.0000','0','0')
INSERT INTO products_attributes VALUES('936','97','13','34','100.0000','0','+','40','0','0','+','0','0','1','','1','0.0000','0.0000','0.0000','0.0000','0.0000','','','0.0000','0','0.0000','0','0')
INSERT INTO products_attributes VALUES('937','97','13','36','40.0000','0','+','20','0','0','+','0','0','1','','1','0.0000','0.0000','0.0000','0.0000','0.0000','','','0.0000','0','0.0000','0','0')
INSERT INTO products_attributes VALUES('938','97','1','26','40.0000','0','+','40','0','0','+','0','0','1','attributes/color_green.gif','1','0.0000','0.0000','0.0000','0.0000','0.0000','','','0.0000','0','0.0000','0','0')
INSERT INTO products_attributes VALUES('939','97','2','19','40.0000','0','+','10','0','0','+','0','0','1','','1','0.0000','0.0000','0.0000','0.0000','0.0000','','','0.0000','0','0.0000','0','0')
INSERT INTO products_attributes VALUES('940','97','13','47','50.0000','0','+','10','0','0','+','0','0','1','','1','0.0000','0.0000','0.0000','0.0000','0.0000','','','0.0000','0','0.0000','0','0')
INSERT INTO products_attributes VALUES('941','97','13','48','0.0000','0','+','5','0','0','+','0','0','1','','1','0.0000','0.0000','0.0000','0.0000','0.0000','','','0.0000','0','0.0000','0','0')
INSERT INTO products_attributes VALUES('944','97','15','51','0.0000','0','+','10','0','0','+','0','0','1','','0','0.0000','0.0000','0.0000','0.0000','0.0000','','','0.0000','0','0.0000','0','0')
INSERT INTO products_attributes VALUES('945','98','1','16','100.0000','0','+','10','0','0','+','0','0','1','attributes/color_red.gif','1','0.0000','0.0000','0.0000','0.0000','0.0000','','','0.0000','0','0.0000','0','0')
INSERT INTO products_attributes VALUES('946','98','1','25','50.0000','0','+','20','0','0','+','0','0','1','attributes/color_orange.gif','1','0.0000','0.0000','0.0000','0.0000','0.0000','','','0.0000','0','0.0000','0','0')
INSERT INTO products_attributes VALUES('947','98','1','17','75.0000','0','+','30','0','0','+','0','0','1','attributes/color_yellow.gif','1','0.0000','0.0000','0.0000','0.0000','0.0000','','','0.0000','0','0.0000','0','0')
INSERT INTO products_attributes VALUES('948','98','2','21','50.0000','0','+','20','0','0','+','0','0','1','','1','0.0000','0.0000','0.0000','0.0000','0.0000','','','0.0000','0','0.0000','0','0')
INSERT INTO products_attributes VALUES('949','98','2','20','100.0000','0','+','40','0','0','+','0','0','1','','1','0.0000','0.0000','0.0000','0.0000','0.0000','','','0.0000','0','0.0000','0','0')
INSERT INTO products_attributes VALUES('950','98','2','18','75.0000','0','+','30','0','0','+','0','0','1','','1','0.0000','0.0000','0.0000','0.0000','0.0000','','','0.0000','0','0.0000','0','0')
INSERT INTO products_attributes VALUES('951','98','13','35','75.0000','0','+','30','0','0','+','0','0','1','','1','0.0000','0.0000','0.0000','0.0000','0.0000','','','0.0000','0','0.0000','0','0')
INSERT INTO products_attributes VALUES('952','98','13','34','100.0000','0','+','40','0','0','+','0','0','1','','1','0.0000','0.0000','0.0000','0.0000','0.0000','','','0.0000','0','0.0000','0','0')
INSERT INTO products_attributes VALUES('953','98','13','36','40.0000','0','+','20','0','0','+','0','0','1','','1','0.0000','0.0000','0.0000','0.0000','0.0000','','','0.0000','0','0.0000','0','0')
INSERT INTO products_attributes VALUES('954','98','1','26','40.0000','0','+','40','0','0','+','0','0','1','attributes/color_green.gif','1','0.0000','0.0000','0.0000','0.0000','0.0000','','','0.0000','0','0.0000','0','0')
INSERT INTO products_attributes VALUES('955','98','2','19','40.0000','0','+','10','0','0','+','0','0','1','','1','0.0000','0.0000','0.0000','0.0000','0.0000','','','0.0000','0','0.0000','0','0')
INSERT INTO products_attributes VALUES('956','98','13','47','50.0000','0','+','10','0','0','+','0','0','1','','1','0.0000','0.0000','0.0000','0.0000','0.0000','','','0.0000','0','0.0000','0','0')
INSERT INTO products_attributes VALUES('957','98','13','48','0.0000','0','+','5','0','0','+','0','0','1','','1','0.0000','0.0000','0.0000','0.0000','0.0000','','','0.0000','0','0.0000','0','0')
INSERT INTO products_attributes VALUES('960','98','15','51','0.0000','0','+','10','0','0','+','0','0','1','','0','0.0000','0.0000','0.0000','0.0000','0.0000','','','0.0000','0','0.0000','0','0')
INSERT INTO products_attributes VALUES('973','101','2','20','100.0000','0','+','40','0','0','+','0','0','1','','1','0.0000','0.0000','0.0000','0.0000','0.0000','','','0.0000','0','0.0000','0','0')
INSERT INTO products_attributes VALUES('974','101','2','18','75.0000','0','+','30','0','0','+','0','0','1','','1','0.0000','0.0000','0.0000','0.0000','0.0000','','','0.0000','0','0.0000','0','0')
INSERT INTO products_attributes VALUES('975','101','13','35','75.0000','0','+','30','0','0','+','0','0','1','','1','0.0000','0.0000','0.0000','0.0000','0.0000','','','0.0000','0','0.0000','0','0')
INSERT INTO products_attributes VALUES('976','101','13','34','100.0000','0','+','40','0','0','+','0','0','1','','1','0.0000','0.0000','0.0000','0.0000','0.0000','','','0.0000','0','0.0000','0','0')
INSERT INTO products_attributes VALUES('977','101','13','36','40.0000','0','+','20','0','0','+','0','0','1','','1','0.0000','0.0000','0.0000','0.0000','0.0000','','','0.0000','0','0.0000','0','0')
INSERT INTO products_attributes VALUES('978','101','1','26','40.0000','0','+','40','0','0','+','0','0','1','attributes/color_green.gif','1','0.0000','0.0000','0.0000','0.0000','0.0000','','','0.0000','0','0.0000','0','0')
INSERT INTO products_attributes VALUES('979','101','2','19','40.0000','0','+','10','0','0','+','0','0','1','','1','0.0000','0.0000','0.0000','0.0000','0.0000','','','0.0000','0','0.0000','0','0')
INSERT INTO products_attributes VALUES('980','101','13','47','50.0000','0','+','10','0','0','+','0','0','1','','1','0.0000','0.0000','0.0000','0.0000','0.0000','','','0.0000','0','0.0000','0','0')
INSERT INTO products_attributes VALUES('981','101','13','48','0.0000','0','+','5','0','0','+','0','0','1','','1','0.0000','0.0000','0.0000','0.0000','0.0000','','','0.0000','0','0.0000','0','0')
INSERT INTO products_attributes VALUES('984','101','15','51','0.0000','0','+','10','0','0','+','0','0','1','','0','0.0000','0.0000','0.0000','0.0000','0.0000','','','0.0000','0','0.0000','0','0')
INSERT INTO products_attributes VALUES('992','110','1','17','75.0000','0','+','30','0','0','+','0','0','1','attributes/color_yellow.gif','1','0.0000','0.0000','0.0000','0.0000','0.0000','','','0.0000','0','0.0000','0','0')
INSERT INTO products_attributes VALUES('993','110','2','21','50.0000','0','+','20','0','0','+','0','0','1','','1','0.0000','0.0000','0.0000','0.0000','0.0000','','','0.0000','0','0.0000','0','0')
INSERT INTO products_attributes VALUES('994','110','2','20','100.0000','0','+','40','0','0','+','0','0','1','','1','0.0000','0.0000','0.0000','0.0000','0.0000','','','0.0000','0','0.0000','0','0')
INSERT INTO products_attributes VALUES('995','110','2','18','75.0000','0','+','30','0','0','+','0','0','1','','1','0.0000','0.0000','0.0000','0.0000','0.0000','','','0.0000','0','0.0000','0','0')
INSERT INTO products_attributes VALUES('996','110','13','35','75.0000','0','+','30','0','0','+','0','0','1','','1','0.0000','0.0000','0.0000','0.0000','0.0000','','','0.0000','0','0.0000','0','0')
INSERT INTO products_attributes VALUES('997','110','13','34','100.0000','0','+','40','0','0','+','0','0','1','','1','0.0000','0.0000','0.0000','0.0000','0.0000','','','0.0000','0','0.0000','0','0')
INSERT INTO products_attributes VALUES('998','110','13','36','40.0000','0','+','20','0','0','+','0','0','1','','1','0.0000','0.0000','0.0000','0.0000','0.0000','','','0.0000','0','0.0000','0','0')
INSERT INTO products_attributes VALUES('999','110','1','26','40.0000','0','+','40','0','0','+','0','0','1','attributes/color_green.gif','1','0.0000','0.0000','0.0000','0.0000','0.0000','','','0.0000','0','0.0000','0','0')
INSERT INTO products_attributes VALUES('1000','110','2','19','40.0000','0','+','10','0','0','+','0','0','1','','1','0.0000','0.0000','0.0000','0.0000','0.0000','','','0.0000','0','0.0000','0','0')
INSERT INTO products_attributes VALUES('1001','110','13','47','50.0000','0','+','10','0','0','+','0','0','1','','1','0.0000','0.0000','0.0000','0.0000','0.0000','','','0.0000','0','0.0000','0','0')
INSERT INTO products_attributes VALUES('1002','110','13','48','0.0000','0','+','5','0','0','+','0','0','1','','1','0.0000','0.0000','0.0000','0.0000','0.0000','','','0.0000','0','0.0000','0','0')
INSERT INTO products_attributes VALUES('1005','110','15','51','0.0000','0','+','10','0','0','+','0','0','1','','0','0.0000','0.0000','0.0000','0.0000','0.0000','','','0.0000','0','0.0000','0','0')
INSERT INTO products_attributes VALUES('1006','111','1','16','100.0000','0','+','10','0','0','+','0','0','1','attributes/color_red.gif','1','0.0000','0.0000','0.0000','0.0000','0.0000','','','0.0000','0','0.0000','0','0')
INSERT INTO products_attributes VALUES('1007','111','1','25','50.0000','0','+','20','0','0','+','0','0','1','attributes/color_orange.gif','1','0.0000','0.0000','0.0000','0.0000','0.0000','','','0.0000','0','0.0000','0','0')
INSERT INTO products_attributes VALUES('1008','111','1','17','75.0000','0','+','30','0','0','+','0','0','1','attributes/color_yellow.gif','1','0.0000','0.0000','0.0000','0.0000','0.0000','','','0.0000','0','0.0000','0','0')
INSERT INTO products_attributes VALUES('1009','111','2','21','50.0000','0','+','20','0','0','+','0','0','1','','1','0.0000','0.0000','0.0000','0.0000','0.0000','','','0.0000','0','0.0000','0','0')
INSERT INTO products_attributes VALUES('1010','111','2','20','100.0000','0','+','40','0','0','+','0','0','1','','1','0.0000','0.0000','0.0000','0.0000','0.0000','','','0.0000','0','0.0000','0','0')
INSERT INTO products_attributes VALUES('1011','111','2','18','75.0000','0','+','30','0','0','+','0','0','1','','1','0.0000','0.0000','0.0000','0.0000','0.0000','','','0.0000','0','0.0000','0','0')
INSERT INTO products_attributes VALUES('1012','111','13','35','75.0000','0','+','30','0','0','+','0','0','1','','1','0.0000','0.0000','0.0000','0.0000','0.0000','','','0.0000','0','0.0000','0','0')
INSERT INTO products_attributes VALUES('1013','111','13','34','100.0000','0','+','40','0','0','+','0','0','1','','1','0.0000','0.0000','0.0000','0.0000','0.0000','','','0.0000','0','0.0000','0','0')
INSERT INTO products_attributes VALUES('1014','111','13','36','40.0000','0','+','20','0','0','+','0','0','1','','1','0.0000','0.0000','0.0000','0.0000','0.0000','','','0.0000','0','0.0000','0','0')
INSERT INTO products_attributes VALUES('1015','111','1','26','40.0000','0','+','40','0','0','+','0','0','1','attributes/color_green.gif','1','0.0000','0.0000','0.0000','0.0000','0.0000','','','0.0000','0','0.0000','0','0')
INSERT INTO products_attributes VALUES('1016','111','2','19','40.0000','0','+','10','0','0','+','0','0','1','','1','0.0000','0.0000','0.0000','0.0000','0.0000','','','0.0000','0','0.0000','0','0')
INSERT INTO products_attributes VALUES('1017','111','13','47','50.0000','0','+','10','0','0','+','0','0','1','','1','0.0000','0.0000','0.0000','0.0000','0.0000','','','0.0000','0','0.0000','0','0')
INSERT INTO products_attributes VALUES('1018','111','13','48','0.0000','0','+','5','0','0','+','0','0','1','','1','0.0000','0.0000','0.0000','0.0000','0.0000','','','0.0000','0','0.0000','0','0')
INSERT INTO products_attributes VALUES('1021','111','15','51','0.0000','0','+','10','0','0','+','0','0','1','','0','0.0000','0.0000','0.0000','0.0000','0.0000','','','0.0000','0','0.0000','0','0')
DROP TABLE IF EXISTS products_attributes_download
CREATE TABLE `products_attributes_download` (  `products_attributes_id` int(11) NOT NULL default '0',  `products_attributes_filename` varchar(255) NOT NULL default '',  `products_attributes_maxdays` int(2) default '0',  `products_attributes_maxcount` int(2) default '0',  PRIMARY KEY  (`products_attributes_id`)) ENGINE=MyISAM DEFAULT CHARSET=utf8
INSERT INTO products_attributes_download VALUES('26','unreal.zip','7','3')
DROP TABLE IF EXISTS products_description
CREATE TABLE `products_description` (  `products_id` int(11) NOT NULL auto_increment,  `language_id` int(11) NOT NULL default '1',  `products_name` varchar(255) NOT NULL,  `products_description` text,  `products_url` varchar(255) default NULL,  `products_viewed` int(5) default '0',  PRIMARY KEY  (`products_id`,`language_id`),  KEY `idx_products_name_zen` (`products_name`)) ENGINE=MyISAM AUTO_INCREMENT=213 DEFAULT CHARSET=utf8
INSERT INTO products_description VALUES('183','1','wolsadfasdf','asdfasdf','','7')
INSERT INTO products_description VALUES('4','1','The Replacement Killers','<p>Regional Code: 2 (Japan, Europe, Middle East, South Africa).<br />Languages: English, Deutsch.<br />Subtitles: English, Deutsch, Spanish.<br />Audio: Dolby Surround 5.1.<br />Picture Format: 16:9 Wide-Screen.<br />Length: (approx) 80 minutes.<br />Other: Interactive Menus, Chapter Selection, Subtitles (more languages).</p>','www.replacement-killers.com','23')
INSERT INTO products_description VALUES('7','1','You\'ve Got Mail Linked','Regional Code: 2 (Japan, Europe, Middle East, South Africa). <br />Languages: English, Deutsch, Spanish. <br />Subtitles: English, Deutsch, Spanish, French, Nordic, Polish. <br />Audio: Dolby Digital 5.1. <br />Picture Format: 16:9 Wide-Screen. <br />Length: (approx) 115 minutes. <br />Other: Interactive Menus, Chapter Selection, Subtitles (more languages).','www.youvegotmail.com','3')
INSERT INTO products_description VALUES('8','1','A Bug\'s Life Linked','Regional Code: 2 (Japan, Europe, Middle East, South Africa). <br />Languages: English, Deutsch. <br />Subtitles: English, Deutsch, Spanish. <br />Audio: Dolby Digital 5.1 / Dolby Surround Stereo. <br />Picture Format: 16:9 Wide-Screen. <br />Length: (approx) 91 minutes. <br />Other: Interactive Menus, Chapter Selection, Subtitles (more languages).','www.abugslife.com','5')
INSERT INTO products_description VALUES('9','1','Under Siege Linked','Regional Code: 2 (Japan, Europe, Middle East, South Africa). <br />Languages: English, Deutsch. <br />Subtitles: English, Deutsch, Spanish. <br />Audio: Dolby Surround 5.1. <br />Picture Format: 16:9 Wide-Screen. <br />Length: (approx) 98 minutes. <br />Other: Interactive Menus, Chapter Selection, Subtitles (more languages).','','13')
INSERT INTO products_description VALUES('10','1','Under Siege 2 - Dark Territory','Regional Code: 2 (Japan, Europe, Middle East, South Africa).\r<br />\nLanguages: English, Deutsch.\r<br />\nSubtitles: English, Deutsch, Spanish.\r<br />\nAudio: Dolby Surround 5.1.\r<br />\nPicture Format: 16:9 Wide-Screen.\r<br />\nLength: (approx) 98 minutes.\r<br />\nOther: Interactive Menus, Chapter Selection, Subtitles (more languages).','','4')
INSERT INTO products_description VALUES('11','1','Fire Down Below Linked','Regional Code: 2 (Japan, Europe, Middle East, South Africa).\r\n<br />\r\nLanguages: English, Deutsch.\r\n<br />\r\nSubtitles: English, Deutsch, Spanish.\r\n<br />\r\nAudio: Dolby Surround 5.1.\r\n<br />\r\nPicture Format: 16:9 Wide-Screen.\r\n<br />\r\nLength: (approx) 100 minutes.\r\n<br />\r\nOther: Interactive Menus, Chapter Selection, Subtitles (more languages).','','7')
INSERT INTO products_description VALUES('18','1','Speed 2: Cruise Control','Regional Code: 2 (Japan, Europe, Middle East, South Africa).\r<br />\nLanguages: English, Deutsch.\r<br />\nSubtitles: English, Deutsch, Spanish.\r<br />\nAudio: Dolby Surround 5.1.\r<br />\nPicture Format: 16:9 Wide-Screen.\r<br />\nLength: (approx) 120 minutes.\r<br />\nOther: Interactive Menus, Chapter Selection, Subtitles (more languages).','','8')
INSERT INTO products_description VALUES('22','1','Unreal Tournament Linked','From the creators of the best-selling Unreal, comes Unreal Tournament. A new kind of single player experience. A ruthless multiplayer revolution.<br /><br />This stand-alone game showcases completely new team-based gameplay, groundbreaking multi-faceted single player action or dynamic multi-player mayhem. It\'s a fight to the finish for the title of Unreal Grand Master in the gladiatorial arena. A single player experience like no other! Guide your team of \'bots\' (virtual teamates) against the hardest criminals in the galaxy for the ultimate title - the Unreal Grand Master.','www.unrealtournament.net','98')
INSERT INTO products_description VALUES('23','1','The Wheel Of Time Linked','The world in which The Wheel of Time takes place is lifted directly out of Jordan\'s pages; it\'s huge and consists of many different environments. How you navigate the world will depend largely on which game - single player or multipayer - you\'re playing. The single player experience, with a few exceptions, will see Elayna traversing the world mainly by foot (with a couple notable exceptions). In the multiplayer experience, your character will have more access to travel via Ter\'angreal, Portal Stones, and the Ways. However you move around, though, you\'ll quickly discover that means of locomotion can easily become the least of the your worries...<br /><br />During your travels, you quickly discover that four locations are crucial to your success in the game. Not surprisingly, these locations are the homes of The Wheel of Time\'s main characters. Some of these places are ripped directly from the pages of Jordan\'s books, made flesh with Legend\'s unparalleled pixel-pushing ways. Other places are specific to the game, conceived and executed with the intent of expanding this game world even further. Either way, they provide a backdrop for some of the most intense first person action and strategy you\'ll have this year.','www.wheeloftime.com','9')
INSERT INTO products_description VALUES('24','1','Disciples: Sacred Lands Linked','A new age is dawning...<br /><br />Enter the realm of the Sacred Lands, where the dawn of a New Age has set in motion the most momentous of wars. As the prophecies long foretold, four races now clash with swords and sorcery in a desperate bid to control the destiny of their gods. Take on the quest as a champion of the Empire, the Mountain Clans, the Legions of the Damned, or the Undead Hordes and test your faith in battles of brute force, spellbinding magic and acts of guile. Slay demons, vanquish giants and combat merciless forces of the dead and undead. But to ensure the salvation of your god, the hero within must evolve.<br /><br />The day of reckoning has come... and only the chosen will survive.','','12')
INSERT INTO products_description VALUES('25','1','Microsoft Internet Keyboard PS/2','The Internet Keyboard has 10 Hot Keys on a comfortable standard keyboard design that also includes a detachable palm rest. The Hot Keys allow you to browse the web, or check e-mail directly from your keyboard. The IntelliType Pro software also allows you to customize your hot keys - make the Internet Keyboard work the way you want it to!','','397')
INSERT INTO products_description VALUES('27','1','Hewlett Packard LaserJet 1100Xi Linked','HP has always set the pace in laser printing technology. The new generation HP LaserJet 1100 series sets another impressive pace, delivering a stunning 8 pages per minute print speed. The 600 dpi print resolution with HP\'s Resolution Enhancement technology (REt) makes every document more professional.<br /><br />Enhanced print speed and laser quality results are just the beginning. With 2MB standard memory, HP LaserJet 1100xi users will be able to print increasingly complex pages. Memory can be increased to 18MB to tackle even more complex documents with ease. The HP LaserJet 1100xi supports key operating systems including Windows 3.1, 3.11, 95, 98, NT 4.0, OS/2 and DOS. Network compatibility available via the optional HP JetDirect External Print Servers.<br /><br />HP LaserJet 1100xi also features The Document Builder for the Web Era from Trellix Corp. (featuring software to create Web documents).','www.pandi.hp.com/pandi-db/prodinfo.main?product=laserjet1100','3')
INSERT INTO products_description VALUES('28','1','Gift Certificate $  5.00','Purchase a Gift Certificate today to share with your family, friends or business associates!','','4')
INSERT INTO products_description VALUES('29','1','Gift Certificate $ 10.00','Purchase a Gift Certificate today to share with your family, friends or business associates!','','6')
INSERT INTO products_description VALUES('30','1','Gift Certificate $ 25.00','Purchase a Gift Certificate today to share with your family, friends or business associates!','','3')
INSERT INTO products_description VALUES('31','1','Gift Certificate $ 50.00','Purchase a Gift Certificate today to share with your family, friends or business associates!','','3')
INSERT INTO products_description VALUES('32','1','Gift Certificate $100.00','Purchase a Gift Certificate today to share with your family, friends or business associates!','','3')
INSERT INTO products_description VALUES('34','1','A Bug\'s Life \"Multi Pak\" Special 2003 Collectors Edition','<ul><li>\r\nA Bug\'s Life &quot;Multi Pak&quot; Special 2003 Collectors Edition\r\n</li><li>\r\nRegional Code: 2 (Japan, Europe, Middle East, South Africa).\r\n</li><li>\r\nLanguages: English, Deutsch.\r\n</li><li>\r\nSubtitles: English, Deutsch, Spanish.\r\n</li><li>\r\nAudio: Dolby Digital 5.1 / Dolby Surround Stereo.\r\n</li><li>\r\nPicture Format: 16:9 Wide-Screen.\r\n</li><li>\r\nLength: (approx) 91 minutes.\r\n</li><li>\r\nOther: Interactive Menus, Chapter Selection, Subtitles (more languages).</li></ul>','www.abugslife.com','18')
INSERT INTO products_description VALUES('101','1','TEST $120 Sale 10% Special off','Product is Priced by Attributes.\r\n<br /><br />\r\n\r\nAttribute Option Group: Color and Size are used for pricing by marking these as Included in Base Price.\r\n<br /><br />\r\n\r\nGift Options has everything marked included in base price also, but because None is set to $0.00 that groups lowest price is $0.00 so it is not affecting the Base Price.\r\n<br /><br />\r\n\r\nIf None was not part of this group and you did not want to include those prices, you would mark all of the Gift Option Attributes to NOT be included in the Base Price.\r\n<br /><br />\r\n\r\nProduct Product is $0.00\r\n<br /><br />\r\n\r\nSpecial does not exist\r\n<br /><br />\r\nSale Price is 10%\r\n<br /><br />\r\n\r\nAttributes:<br />\r\nColor:<br />\r\n- Red $100.00<br />\r\n- Orange $50.00<br />\r\n- Yellow $75\r\n<br /><br />\r\n\r\nSize:<br />\r\nSelect from Below:<br />\r\nSmall $50.00<br />\r\nMedium $75.00<br />\r\nLarge $100.00\r\n<br /><br />\r\n\r\nGift Options:<br />\r\n- Dated Collector\'s Tin $50.00<br />\r\n- Autographed Memorabila Card $75.00<br />\r\n- Wrapping $100.00\r\n<br /><br />\r\n\r\nNOTE: Select from below is defined as a Display Only Attribute and NOT to be included in the base price. \r\n<br /><br />\r\nThe Display Only means, the customer may NOT select this option value. If they do not selected another option value, then the product cannot be added to the shopping cart.\r\n<br /><br />\r\nThe NOT included in base price means, if this product were priced by attributes, it would not be include. The reason for this is so that the lowest price of this group will be the Small at $50.00 and not Select from Below at $0.00\r\n<br /><br />','','11')
INSERT INTO products_description VALUES('44','1','A Mixed OFF Product with Attributes','This product has attributes and a minimum qty and units.\r\n<br /><br />\r\n\r\nMixed is OFF this means you CANNOT mix attributes to make the minimums and units.\r\n<br /><br />\r\n\r\nThe Size Option Value: Select from Below ... is a Display Only Attribute. \r\n<br /><br />\r\n\r\nThis means that the product cannot be added to the Shopping Cart if that Option Value is selected. If it is still selected, then an error is triggered when the Add to Cart is pressed with a warning to the customer on what the error is.\r\n<br /><br />\r\n\r\nNo checkout is allowed when errors exist.','','12')
INSERT INTO products_description VALUES('46','1','A Mixed ON Product with Attributes','This product has attributes and a minimum qty and units.\r\n<br /><br />\r\n\r\nMixed is ON this means you CAN mix attributes to make the minimums and units.\r\n<br /><br />\r\n\r\nSelect from Below is a Display Only Attribute. This means that it cannot be added to the cart. If it is, then an error is triggered.\r\n<br /><br />\r\n\r\nNo checkout is allowed when errors exist.','','48')
INSERT INTO products_description VALUES('47','1','Gift Certificates by attributes','<p>Priced by Attributes Gift Certificates.</p>','','1')
INSERT INTO products_description VALUES('48','1','Test 1','This is a test product for copying and deleting attributes.\r\n<br /><br />\r\nAll of the images for this product are in the main /images directory and /large directory.\r\n<br /><br />\r\nThe main products_image is called 1_small.jpg\r\n<br /><br />\r\nThere are additional images for this product that will auto load located in /images called:<br />\r\n1_small_01.jpg<br />\r\n1_small_02.jpg<br />\r\n1_small_03.jpg<br />\r\n<br />\r\nThe large additional images are in /images/large called:<br />\r\n1_small_01_LRG.jpg<br />\r\n1_small_02_LRG.jpg<br />\r\n1_small_03_LRG.jpg<br />\r\n\r\n<br /><br />\r\n\r\nThe naming conventions for the additional images do not require that they be numeric. Using the numberic system helps establish the sort order of the images and how they will display.\r\n<br /><br />\r\n\r\nWhat is important is that all the additional images be located in the same directory and start with the same name: 1_small and end in the same extenion: .jpg\r\n<br /><br />\r\n\r\nThe additional large images need to be located in the /large directory and use the same name plus the Large image suffix, defined in the Admin ... Images ... in this case _LRG\r\n<br /><br />','','13')
INSERT INTO products_description VALUES('49','1','Test 2','This is a test product for copying and deleting attributes.\r\n<br /><br />\r\n\r\nThis was made using the Attributes Copy to Product in the new Admin ... Catalog ... Attributes Controller ... and copying the Attributes from the Test 1 product to Test 2.\r\n<br /><br />\r\n\r\nThis product does not have any additional images.\r\n<br /><br />\r\n\r\nIt does have a Large image located in /large\r\n<br /><br />\r\n\r\nThis uses the same name: 2_small plus the large image suffix _LRG plus the matching extension .jpg to give the new name: /images/large/2_small_LRG.jpg\r\n<br /><br />','','9')
INSERT INTO products_description VALUES('50','1','Test 3','This is a test product for copying and deleting attributes.\r\n<br /><br />\r\n\r\nThis was made using the Attributes Copy to Product in the new Admin ... Catalog ... Attributes Controller ... and copying the attributes from the Test 2 product to Test 3.\r\n<br /><br />\r\n\r\nThis product does not have any additional images.\r\n<br /><br />\r\n\r\nIt does NOT have a Large image located in /large\r\n<br /><br />\r\n\r\nThis means that when you click on the image for enlarge, unless the original image is larger than the small image settings you will see the same image in the popup.\r\n<br /><br />','','9')
INSERT INTO products_description VALUES('54','1','Min and Units NOMIX','This product is purchased based on minimums and units.\r\n<br /><br />\r\n\r\nThe Min is set to 6 and the units is set to 3\r\n<br /><br />\r\n\r\nQuantity Minimums and Units are designed to more or less force the customer to make purchases of a Minimum Quantity ... and if need be, in Units.\r\n<br /><br />\r\n\r\nThis product can only be purchased if you buy at least 6 ... and after that in units of 3 ... 9, 12, 15, 18, etc.\r\n<br /><br />\r\n\r\nIf you do not purchase it in the right Quantity, you will not be able to checkout.\r\n<br /><br />\r\n\r\nWhen adding to the cart, the quantity box on the product_info page is \"smart\". It will adjust itself based on what is in the cart.\r\n<br /><br />\r\n\r\nThe Add to Cart buttons are also smart on New Products and Product Listing ... these also will adjust what is added to the cart.\r\n<br /><br />\r\n\r\nFor example: If there is 1 in the cart, the next use of Add to Cart will add 5 more to make the Minimum of 6. Add again and 3 more will be added to keep the Units correct.\r\n<br /><br />\r\n\r\nProduct Quantity Min/Unit Mix is for when a product has attributes.\r\n<br /><br />\r\n\r\nIf Mix is ON then a mix of attributes options may be used to make up the Quantity Minimum and Units. This means you can mix 1 blue, 3 silver and 2 green to get 6.\r\n<br /><br />\r\n\r\nIf the Mix is OFF then you may not mix 2 blue, 2 silver and 2 green to get 6.\r\n<br /><br />\r\n\r\nThis product has the Product Qty Min/Unit Mix set to OFF','','5')
INSERT INTO products_description VALUES('59','1','Hewlett Packard - by attributes','The Product Price is set to 0.00\r\n<br /><br />\r\n\r\nThe Product Priced by Attributes is set to YES\r\n<br /><br />\r\n\r\nThe attribute prices are defined without the price prefix of +\r\n<br /><br />\r\n\r\nThe Display Price is made up of the lowest attribute price from each Option Name group.\r\n<br /><br />\r\n\r\nIf there had been a Product Price, this would have been added together to the lowest attributes price from each of the Option Name groups to make up the display price.\r\n<br /><br />\r\n\r\nThe price prefix of the + is not used as we are not \"adding\" to the display price.\r\n<br /><br />','www.pandi.hp.com/pandi-db/prodinfo.main?product=laserjet1100','1')
INSERT INTO products_description VALUES('111','1','TEST $120 Special $90.00 Sale -$5.00 Skip','Product is $120\r\n<br /><br />\r\n\r\nSpecial $90.00 or 25% - Specials are Skipped\r\n<br /><br />\r\n\r\nSale is -$5.00\r\n<br /><br />\r\n\r\n\r\nAttributes:<br />\r\nColor:<br />\r\n- Red $100.00<br />\r\n- Orange $50.00<br />\r\n- Yellow $75\r\n<br /><br />\r\n\r\nSize:<br />\r\nSelect from Below:<br />\r\nSmall $50.00<br />\r\nMedium $75.00<br />\r\nLarge $100.00\r\n<br /><br />\r\n\r\nGift Options:<br />\r\n- Dated Collector\'s Tin $50.00<br />\r\n- Autographed Memorabila Card $75.00<br />\r\n- Wrapping $100.00\r\n<br /><br />\r\n\r\nNOTE: Select from below is defined as a Display Only Attribute and NOT to be included in the base price. \r\n<br /><br />\r\nThe Display Only means, the customer may NOT select this option value. If they do not selected another option value, then the product cannot be added to the shopping cart.\r\n<br /><br />\r\nThe NOT included in base price means, if this product were priced by attributes, it would not be include. The reason for this is so that the lowest price of this group will be the Small at $50.00 and not Select from Below at $0.00\r\n<br /><br />','','17')
INSERT INTO products_description VALUES('110','1','TEST $120 Sale -$5.00 Skip','Product is $120\r\n<br /><br />\r\nSale is -$5.00\r\n<br /><br />\r\nSpecials are skipped\r\n<br /><br />\r\n\r\nAttributes:<br />\r\nColor:<br />\r\n- Red $100.00<br />\r\n- Orange $50.00<br />\r\n- Yellow $75\r\n<br /><br />\r\n\r\nSize:<br />\r\nSelect from Below:<br />\r\nSmall $50.00<br />\r\nMedium $75.00<br />\r\nLarge $100.00\r\n<br /><br />\r\n\r\nGift Options:<br />\r\n- Dated Collector\'s Tin $50.00<br />\r\n- Autographed Memorabila Card $75.00<br />\r\n- Wrapping $100.00\r\n<br /><br />\r\n\r\nNOTE: Select from below is defined as a Display Only Attribute and NOT to be included in the base price. \r\n<br /><br />\r\nThe Display Only means, the customer may NOT select this option value. If they do not selected another option value, then the product cannot be added to the shopping cart.\r\n<br /><br />\r\nThe NOT included in base price means, if this product were priced by attributes, it would not be include. The reason for this is so that the lowest price of this group will be the Small at $50.00 and not Select from Below at $0.00\r\n<br /><br />','','152')
INSERT INTO products_description VALUES('109','1','Hide Quantity Box Methods','This product does not show the Quantity Box when Adding to the Shopping Cart.\r\n<br /><br />\r\n\r\nWhile Quantity Box Shows is set to YES, the Product Qty Max has been set to 1\r\n\r\nThis will add only 1 to the Shopping Cart when Add to Cart is hit.\r\n<br /><br />\r\n\r\nThe reason for this is that this is a download. As a download, there is never a reason to allow more than quantity 1 to be ordered.\r\n<br /><br />\r\n\r\nNOTE: If using Quantity Box Shows set to NO, unless Qty Max is also set to 1 then each time the Add to Cart is clicked the current cart quantity is updated by 1. If Qty Max is set to 1 then no more than 1 will be able to be added to the Shopping Cart per order.\r\n<br /><br />\r\n\r\nTwo methods are available to trigger the Hide Quantity Box.\r\n<br /><br />\r\n\r\nMethod 1: Set Quantity Box Shows to NO\r\n<br /><br />\r\n\r\nMethod 2: Set Qty Maximum to 1\r\n<br /><br />\r\n\r\nIn either case, you will only be able to add qty 1 to the shopping cart and the quantity box will not show.\r\n<br /><br />','','1')
INSERT INTO products_description VALUES('74','1','Hewlett Packard - by attributes with Special% no SALE','The Product Price is set to 0.00 Special is set to 20%\r\n<br /><br />\r\n\r\nThe Product Priced by Attributes is set to YES\r\n<br /><br />\r\n\r\nThe attribute prices are defined without the price prefix of +\r\n<br /><br />\r\n\r\nThe Display Price is made up of the lowest attribute price from each Option Name group.\r\n<br /><br />\r\n\r\nIf there had been a Product Price, this would have been added together to the lowest attributes price from each of the Option Name groups to make up the display price.\r\n<br /><br />\r\n\r\nThe price prefix of the + is not used as we are not \"adding\" to the display price.\r\n<br /><br />\r\n\r\nThe Colors attributes are, their prices before the Special discount is applied:<br />\r\nWhite $499.99<br />\r\nBlack $519.00<br />\r\nBlue $539.00\r\n<br /><br />\r\n\r\nThe Specials Price is a flat $100 discount. This $100 discount is applied to all attributes marked attributes_discounted Yes.','www.pandi.hp.com/pandi-db/prodinfo.main?product=laserjet1100','1')
INSERT INTO products_description VALUES('85','1','TEST $120 Special $90','Product is $120\r\n<br /><br />\r\n\r\nThere is a $90.00 or 25% Special and no sale on this product.\r\n<br /><br />\r\n\r\n\r\nAttributes:<br />\r\nColor:<br />\r\n- Red $100.00<br />\r\n- Orange $50.00<br />\r\n- Yellow $75\r\n<br /><br />\r\n\r\nSize:<br />\r\nSelect from Below:<br />\r\nSmall $50.00<br />\r\nMedium $75.00<br />\r\nLarge $100.00\r\n<br /><br />\r\n\r\nGift Options:<br />\r\n- Dated Collector\'s Tin $50.00<br />\r\n- Autographed Memorabila Card $75.00<br />\r\n- Wrapping $100.00\r\n<br /><br />\r\n\r\nNOTE: Select from below is defined as a Display Only Attribute and NOT to be included in the base price. \r\n<br /><br />\r\nThe Display Only means, the customer may NOT select this option value. If they do not selected another option value, then the product cannot be added to the shopping cart.\r\n<br /><br />\r\nThe NOT included in base price means, if this product were priced by attributes, it would not be include. The reason for this is so that the lowest price of this group will be the Small at $50.00 and not Select from Below at $0.00\r\n<br /><br />','','9')
INSERT INTO products_description VALUES('79','1','TEST 25% Special Attribute Priced','Priced by Attributes - Product price is set to $0.00\r\n<br /><br />\r\nAll attributes are marked to make the price.\r\n\r\n<br /><br />\r\nProduct is $0\r\n<br /><br />\r\nSpecial is 25%\r\n<br /><br />','','9')
INSERT INTO products_description VALUES('80','1','TEST 25% Special','Product is $100.00\r\n<br /><br />\r\nSpecial is 25%\r\n<br /><br />','','10')
INSERT INTO products_description VALUES('84','1','TEST $120','Product is $120\r\n<br /><br />\r\n\r\nThere is no special and no sale on this product.\r\n<br /><br />\r\n\r\nAttributes:<br />\r\nColor:<br />\r\n- Red $100.00<br />\r\n- Orange $50.00<br />\r\n- Yellow $75<br />\r\n- Green $40\r\n<br /><br />\r\n\r\nSize:<br />\r\nSelect from Below:<br />\r\nX-Small $40.00<br />\r\nSmall $50.00<br />\r\nMedium $75.00<br />\r\nLarge $100.00\r\n<br /><br />\r\n\r\nGift Options:<br />\r\n- None<br /> \r\n- Embossed Collector\'s Tin $40.00<br />\r\n- Collector\'s Tin $50.00<br />\r\n- Autographed Memorabila Card $75.00<br />\r\n- Wrapping $100.00\r\n<br /><br />\r\n\r\nFeatures: <br />\r\nQuality Design<br />\r\nCustom Handling<br />\r\nSame Day Shipping<br />\r\n<br /><br />\r\n\r\nNOTE: Select from below ... is defined as a Display Only Attribute and NOT to be included in the base price. \r\n<br /><br />\r\n\r\nThe Display Only means, the customer may NOT select this option value. If they do not selected another option value, then the product cannot be added to the shopping cart.\r\n<br /><br />\r\n\r\nThe NOT included in base price means, if this product were priced by attributes, it would not be include. The reason for this is so that the lowest price of this group will be the Small at $50.00 and not Select from Below at $0.00\r\n<br /><br />\r\n\r\nNOTE: None is similar to Display Only, but this can be used when for when no option value is required.\r\n<br /><br />\r\n\r\nIts value is set the value to $0.00 and it is NOT marked Display Only. \r\n<br /><br />\r\n\r\nBecause its value is $0.00 if included in the Attributes Based Price on products Priced by Attributes, this Options group would not have any value included in the calculated price.\r\n<br /><br />\r\n\r\nNOTE: The Option Name: Featured is a READ ONLY Option Type\r\n<br /><br />\r\nThis can be for repeatative information or anything that occures on many products but functions like an attribute in setting up the information. It does not get added to the Shopping Cart nor display on the Order. They should be marked exclude from Attribute Based Price.\r\n<br /><br />','','9')
INSERT INTO products_description VALUES('82','1','TEST $120 Sale -$5.00','Product is $120\r\n<br /><br />\r\nSale is -$5.00\r\n<br /><br />\r\n\r\nAttributes:<br />\r\nColor:<br />\r\n- Red $100.00<br />\r\n- Orange $50.00<br />\r\n- Yellow $75\r\n<br /><br />\r\n\r\nSize:<br />\r\nSelect from Below:<br />\r\nSmall $50.00<br />\r\nMedium $75.00<br />\r\nLarge $100.00\r\n<br /><br />\r\n\r\nGift Options:<br />\r\n- Dated Collector\'s Tin $50.00<br />\r\n- Autographed Memorabila Card $75.00<br />\r\n- Wrapping $100.00\r\n<br /><br />\r\n\r\nNOTE: Select from below is defined as a Display Only Attribute and NOT to be included in the base price. \r\n<br /><br />\r\nThe Display Only means, the customer may NOT select this option value. If they do not selected another option value, then the product cannot be added to the shopping cart.\r\n<br /><br />\r\nThe NOT included in base price means, if this product were priced by attributes, it would not be include. The reason for this is so that the lowest price of this group will be the Small at $50.00 and not Select from Below at $0.00\r\n<br /><br />','','10')
INSERT INTO products_description VALUES('83','1','TEST $120 Special $90.00 Sale -$5.00','Product is $120\r\n<br /><br />\r\n\r\nSpecial $90.00 or 25%\r\n<br /><br />\r\n\r\nSale is -$5.00\r\n<br /><br />\r\n\r\n\r\nAttributes:<br />\r\nColor:<br />\r\n- Red $100.00<br />\r\n- Orange $50.00<br />\r\n- Yellow $75\r\n<br /><br />\r\n\r\nSize:<br />\r\nSelect from Below:<br />\r\nSmall $50.00<br />\r\nMedium $75.00<br />\r\nLarge $100.00\r\n<br /><br />\r\n\r\nGift Options:<br />\r\n- Dated Collector\'s Tin $50.00<br />\r\n- Autographed Memorabila Card $75.00<br />\r\n- Wrapping $100.00\r\n<br /><br />\r\n\r\nNOTE: Select from below is defined as a Display Only Attribute and NOT to be included in the base price. \r\n<br /><br />\r\nThe Display Only means, the customer may NOT select this option value. If they do not selected another option value, then the product cannot be added to the shopping cart.\r\n<br /><br />\r\nThe NOT included in base price means, if this product were priced by attributes, it would not be include. The reason for this is so that the lowest price of this group will be the Small at $50.00 and not Select from Below at $0.00\r\n<br /><br />','','10')
INSERT INTO products_description VALUES('106','1','A Maximum Sample of 3','This product only allows Quantity 1 because the Products Qty Maximum is set to 3.\r\n<br /><br />\r\n\r\nThis means there will be a Quantity box.\r\n<br /><br />\r\n\r\nAdd button will not add more than a total of 3 to the Shopping Cart.\r\n<br /><br />','','9')
INSERT INTO products_description VALUES('104','1','Hide Quantity Box','This product does not show the Quantity Box when Adding to the Shopping Cart.\r\n<br /><br />\r\n\r\nThis will add 1 to the Shopping Cart when Add to Cart is hit.\r\n<br /><br />\r\n\r\nNOTE: If using Quantity Box Shows set to NO, unless Qty Max is also set to 1 then each time the Add to Cart is clicked the current cart quantity is updated by 1. If Qty Max is set to 1 then no more than 1 will be able to be added to the Shopping Cart per order.\r\n<br /><br />\r\n\r\nBecause the Image name is: 1_small.jpg<br />\r\nand stored in the /images directory ...\r\n<br /><br />\r\n\r\nThe other matching images will show:\r\n<br /><br />\r\n/images/1_small_00.jpg<br />\r\n/images/1_small_02.jpg<br />\r\n/images/1_small_03.jpg\r\n<br /><br />\r\n\r\nThe matching large images from /images/large will show:\r\n<br /><br />\r\n/images/large/1_small_00_LRG.jpg<br />\r\n/images/large/1_small_02_LRG.jpg<br />\r\n/images/large/1_small_03_LRG.jpg\r\n<br /><br />\r\n\r\nA matching image must begin with the same exact name as the Product Image and end in the same extension.\r\n<br /><br />\r\n\r\nThese will then auto load.\r\n<br /><br />','','2')
INSERT INTO products_description VALUES('105','1','A Maximum Sample of 1','This product only allows Quantity 1 because the Products Qty Maximum is set to 1.\r\n<br /><br />\r\n\r\nThis means there will be no Quantity box.\r\n<br /><br />\r\n\r\nAdd button will not add more than a total of 1 to the Shopping Cart.\r\n<br /><br />','','7')
INSERT INTO products_description VALUES('88','1','TEST $120 Sale Special $90 Skip','Product is $120\r\n<br /><br />\r\nSpecial is $105\r\n<br /><br />\r\nSale Price is $90 or 25% - Skip Products with Specials\r\n<br /><br />\r\n\r\nAttributes:<br />\r\nColor:<br />\r\n- Red $100.00<br />\r\n- Orange $50.00<br />\r\n- Yellow $75\r\n<br /><br />\r\n\r\nSize:<br />\r\nSelect from Below:<br />\r\nSmall $50.00<br />\r\nMedium $75.00<br />\r\nLarge $100.00\r\n<br /><br />\r\n\r\nGift Options:<br />\r\n- Dated Collector\'s Tin $50.00<br />\r\n- Autographed Memorabila Card $75.00<br />\r\n- Wrapping $100.00\r\n<br /><br />\r\n\r\nNOTE: Select from below is defined as a Display Only Attribute and NOT to be included in the base price. \r\n<br /><br />\r\nThe Display Only means, the customer may NOT select this option value. If they do not selected another option value, then the product cannot be added to the shopping cart.\r\n<br /><br />\r\nThe NOT included in base price means, if this product were priced by attributes, it would not be include. The reason for this is so that the lowest price of this group will be the Small at $50.00 and not Select from Below at $0.00\r\n<br /><br />','','9')
INSERT INTO products_description VALUES('89','1','TEST $120 Sale 10% Special off Skip','Product is $120\r\n<br /><br />\r\nSpecial does not exist\r\n<br /><br />\r\nSale Price is 10% - Skip Products with Specials\r\n<br /><br />\r\n\r\nAttributes:<br />\r\nColor:<br />\r\n- Red $100.00<br />\r\n- Orange $50.00<br />\r\n- Yellow $75\r\n<br /><br />\r\n\r\nSize:<br />\r\nSelect from Below:<br />\r\nSmall $50.00<br />\r\nMedium $75.00<br />\r\nLarge $100.00\r\n<br /><br />\r\n\r\nGift Options:<br />\r\n- Dated Collector\'s Tin $50.00<br />\r\n- Autographed Memorabila Card $75.00<br />\r\n- Wrapping $100.00\r\n<br /><br />\r\n\r\nNOTE: Select from below is defined as a Display Only Attribute and NOT to be included in the base price. \r\n<br /><br />\r\nThe Display Only means, the customer may NOT select this option value. If they do not selected another option value, then the product cannot be added to the shopping cart.\r\n<br /><br />\r\nThe NOT included in base price means, if this product were priced by attributes, it would not be include. The reason for this is so that the lowest price of this group will be the Small at $50.00 and not Select from Below at $0.00\r\n<br /><br />','','9')
INSERT INTO products_description VALUES('93','1','TEST $120 Special off Sale New Price $100','Product is $120\r\n<br /><br />\r\nSpecial does not exist\r\n<br /><br />\r\nSale Price is New Price $100\r\n<br /><br />\r\n\r\nAttributes:<br />\r\nColor:<br />\r\n- Red $100.00<br />\r\n- Orange $50.00<br />\r\n- Yellow $75\r\n<br /><br />\r\n\r\nSize:<br />\r\nSelect from Below:<br />\r\nSmall $50.00<br />\r\nMedium $75.00<br />\r\nLarge $100.00\r\n<br /><br />\r\n\r\nGift Options:<br />\r\n- Dated Collector\'s Tin $50.00<br />\r\n- Autographed Memorabila Card $75.00<br />\r\n- Wrapping $100.00\r\n<br /><br />\r\n\r\nAttributes are not affected by the Sale Discount Price when a New Price is used.\r\n<br /><br />\r\n\r\nNOTE: Select from below is defined as a Display Only Attribute and NOT to be included in the base price. \r\n<br /><br />\r\nThe Display Only means, the customer may NOT select this option value. If they do not selected another option value, then the product cannot be added to the shopping cart.\r\n<br /><br />\r\nThe NOT included in base price means, if this product were priced by attributes, it would not be include. The reason for this is so that the lowest price of this group will be the Small at $50.00 and not Select from Below at $0.00\r\n<br /><br />','','9')
INSERT INTO products_description VALUES('94','1','TEST $120 Special 25% Sale New Price $100','Product is $120\r\n<br /><br />\r\nSpecial 25% or $90\r\n<br /><br />\r\nSale Price is New Price $100\r\n<br /><br />\r\n\r\nAttributes:<br />\r\nColor:<br />\r\n- Red $100.00<br />\r\n- Orange $50.00<br />\r\n- Yellow $75\r\n<br /><br />\r\n\r\nSize:<br />\r\nSelect from Below:<br />\r\nSmall $50.00<br />\r\nMedium $75.00<br />\r\nLarge $100.00\r\n<br /><br />\r\n\r\nGift Options:<br />\r\n- Dated Collector\'s Tin $50.00<br />\r\n- Autographed Memorabila Card $75.00<br />\r\n- Wrapping $100.00\r\n<br /><br />\r\n\r\nAttributes are not affected by the Sale Discount Price when a New Price is used.\r\n<br /><br />\r\n\r\nNOTE: Select from below is defined as a Display Only Attribute and NOT to be included in the base price. \r\n<br /><br />\r\nThe Display Only means, the customer may NOT select this option value. If they do not selected another option value, then the product cannot be added to the shopping cart.\r\n<br /><br />\r\nThe NOT included in base price means, if this product were priced by attributes, it would not be include. The reason for this is so that the lowest price of this group will be the Small at $50.00 and not Select from Below at $0.00\r\n<br /><br />','','11')
INSERT INTO products_description VALUES('95','1','TEST $120 Special 25% Sale New Price $100 Skip Specials','Product is $120\r\n<br /><br />\r\nSpecial 25% or $90\r\n<br /><br />\r\nSale Price is New Price $100\r\n<br /><br />\r\n\r\nAttributes:<br />\r\nColor:<br />\r\n- Red $100.00<br />\r\n- Orange $50.00<br />\r\n- Yellow $75\r\n<br /><br />\r\n\r\nSize:<br />\r\nSelect from Below:<br />\r\nSmall $50.00<br />\r\nMedium $75.00<br />\r\nLarge $100.00\r\n<br /><br />\r\n\r\nGift Options:<br />\r\n- Dated Collector\'s Tin $50.00<br />\r\n- Autographed Memorabila Card $75.00<br />\r\n- Wrapping $100.00\r\n<br /><br />\r\n\r\nAttributes are not affected by the Sale Discount Price when a New Price is used.\r\n<br /><br />\r\n\r\nNOTE: Select from below is defined as a Display Only Attribute and NOT to be included in the base price. \r\n<br /><br />\r\nThe Display Only means, the customer may NOT select this option value. If they do not selected another option value, then the product cannot be added to the shopping cart.\r\n<br /><br />\r\nThe NOT included in base price means, if this product were priced by attributes, it would not be include. The reason for this is so that the lowest price of this group will be the Small at $50.00 and not Select from Below at $0.00\r\n<br /><br />','','32')
INSERT INTO products_description VALUES('96','1','TEST $120 Special off Sale New Price $100 Skip Specials','Product is $120\r\n<br /><br />\r\nSpecial does not exist\r\n<br /><br />\r\nSale Price is New Price $100\r\n<br /><br />\r\n\r\nAttributes:<br />\r\nColor:<br />\r\n- Red $100.00<br />\r\n- Orange $50.00<br />\r\n- Yellow $75\r\n<br /><br />\r\n\r\nSize:<br />\r\nSelect from Below:<br />\r\nSmall $50.00<br />\r\nMedium $75.00<br />\r\nLarge $100.00\r\n<br /><br />\r\n\r\nGift Options:<br />\r\n- Dated Collector\'s Tin $50.00<br />\r\n- Autographed Memorabila Card $75.00<br />\r\n- Wrapping $100.00\r\n<br /><br />\r\n\r\nAttributes are not affected by the Sale Discount Price when a New Price is used.\r\n<br /><br />\r\n\r\nNOTE: Select from below is defined as a Display Only Attribute and NOT to be included in the base price. \r\n<br /><br />\r\nThe Display Only means, the customer may NOT select this option value. If they do not selected another option value, then the product cannot be added to the shopping cart.\r\n<br /><br />\r\nThe NOT included in base price means, if this product were priced by attributes, it would not be include. The reason for this is so that the lowest price of this group will be the Small at $50.00 and not Select from Below at $0.00\r\n<br /><br />','','9')
INSERT INTO products_description VALUES('97','1','TEST $120 Sale 10% Special - Apply to price','Product is $120\r\n<br /><br />\r\nSpecial is 25% or $90\r\n<br /><br />\r\nSale Price is 10%\r\n<br /><br />\r\n\r\nAttributes:<br />\r\nColor:<br />\r\n- Red $100.00<br />\r\n- Orange $50.00<br />\r\n- Yellow $75\r\n<br /><br />\r\n\r\nSize:<br />\r\nSelect from Below:<br />\r\nSmall $50.00<br />\r\nMedium $75.00<br />\r\nLarge $100.00\r\n<br /><br />\r\n\r\nGift Options:<br />\r\n- Dated Collector\'s Tin $50.00<br />\r\n- Autographed Memorabila Card $75.00<br />\r\n- Wrapping $100.00\r\n<br /><br />\r\n\r\nNOTE: Select from below is defined as a Display Only Attribute and NOT to be included in the base price. \r\n<br /><br />\r\nThe Display Only means, the customer may NOT select this option value. If they do not selected another option value, then the product cannot be added to the shopping cart.\r\n<br /><br />\r\nThe NOT included in base price means, if this product were priced by attributes, it would not be include. The reason for this is so that the lowest price of this group will be the Small at $50.00 and not Select from Below at $0.00\r\n<br /><br />','','9')
INSERT INTO products_description VALUES('98','1','TEST $120 Sale 10% Special off - Apply to Price','Product is $120\r\n<br /><br />\r\nSpecial does not exist\r\n<br /><br />\r\nSale Price is 10%\r\n<br /><br />\r\n\r\nAttributes:<br />\r\nColor:<br />\r\n- Red $100.00<br />\r\n- Orange $50.00<br />\r\n- Yellow $75\r\n<br /><br />\r\n\r\nSize:<br />\r\nSelect from Below:<br />\r\nSmall $50.00<br />\r\nMedium $75.00<br />\r\nLarge $100.00\r\n<br /><br />\r\n\r\nGift Options:<br />\r\n- Dated Collector\'s Tin $50.00<br />\r\n- Autographed Memorabila Card $75.00<br />\r\n- Wrapping $100.00\r\n<br /><br />\r\n\r\nNOTE: Select from below is defined as a Display Only Attribute and NOT to be included in the base price. \r\n<br /><br />\r\nThe Display Only means, the customer may NOT select this option value. If they do not selected another option value, then the product cannot be added to the shopping cart.\r\n<br /><br />\r\nThe NOT included in base price means, if this product were priced by attributes, it would not be include. The reason for this is so that the lowest price of this group will be the Small at $50.00 and not Select from Below at $0.00\r\n<br /><br />','','11')
INSERT INTO products_description VALUES('180','1','123123123123','<h1><span style=\"font-family: comic sans ms,sans-serif; color: #ff0000;\">133333333333333333333333333333333333</span></h1>','','13')
INSERT INTO products_description VALUES('181','1','123123aa','<p><ins>12321312312311:01:2012-08-2008</ins><img style=\"float: right;\" src=\"/lightinthebox/images//dvd/a_bugs_life_01.gif\" alt=\"a_bugs_life_01.gif\" width=\"100\" height=\"80\" /></p>','','43')
INSERT INTO products_description VALUES('182','1','1231231','<p>123123133333333333</p>','','28')
INSERT INTO products_description VALUES('185','1','23123123','<p>s33333333333333</p>','','1')
INSERT INTO products_description VALUES('186','1','121sssss','<p>sssssss</p>','ssssss','1')
INSERT INTO products_description VALUES('187','1','22222sdfasdfasdfa','<p>12fasdfasdfasdfadfasdf</p>','','1')
INSERT INTO products_description VALUES('188','1','test1','<p>1111111111111111sdf</p>','','9')
INSERT INTO products_description VALUES('189','1','test2','','','9')
INSERT INTO products_description VALUES('190','1','six picture','<p>sssssssssssssssssssdf</p>\r\n<p>s</p>\r\n<p>df</p>\r\n<p>&nbsp;</p>\r\n<p>sd</p>\r\n<p>f</p>\r\n<p>s</p>\r\n<p>df</p>\r\n<p>a</p>\r\n<p>sd</p>\r\n<p>f</p>\r\n<p>asdf</p>\r\n<p>asdf</p>\r\n<table border=\"1\">\r\n<thead> \r\n<tr>\r\n<td>Column 1</td>\r\n<td>Column 2</td>\r\n</tr>\r\n</thead> \r\n<tbody>\r\n<tr>\r\n<td>Username: {$username}</td>\r\n<td>Staffid: {$staffid}</td>\r\n</tr>\r\n</tbody>\r\n</table>','','1')
INSERT INTO products_description VALUES('191','1','test products','<p class=\"static_h1\">ssdfa</p>\r\n<p class=\"static_h1\">a</p>\r\n<p class=\"static_h1\">dfasdf</p>\r\n<p><span class=\"static_h1\">asdf</span></p>','','13')
INSERT INTO products_description VALUES('192','1','test product1','<p>This is just some <strong>code</strong>.</p>\r\n<p class=\"border_b\">This is just some <strong>code</strong>.</p>\r\n<div class=\"notice_1\">\r\n<ul class=\"mycon\" style=\"font-size: 12px; color: #204f13;\">\r\n<div style=\"font-weight: bold; font-size: 16px;\"><span class=\"red\">Must Read before You Make The Order<br /></span></div>\r\n<strong>1. About Size Choice:</strong> Carefully view the SIZE on both Length and Chest beofore placing your order, as the Jersey is a non-refundable product.<br /><strong>3. About Item Request:</strong> To prevent you from writing an item request in a review , Pls kindly refer following steps when you are ordering: you should submit your item request in COMMENT BOX which will show up after you complete the SHIPPING ADDRESS and PAYMENT METHOD.<br /><strong></strong>\r\n</ul>\r\n<strong><em></em></strong></div>','','48')
INSERT INTO products_description VALUES('193','1','test products 2','<p>asdfasdf</p>\r\n<div class=\"notice_1\">\r\n<ul class=\"mycon\" style=\"font-size: 12px; color: #204f13;\">\r\n<div style=\"font-weight: bold; font-size: 16px;\"><span class=\"red\">Must Read before You Make The Order<br /> </span></div>\r\n<strong>1. About Size Choice:</strong> Carefully view the SIZE on both Length and Chest beofore placing your order, as the Jersey is a non-refundable product.<br /><strong>3. About Item Request:</strong> To prevent you from writing an item request in a review , Pls kindly refer following steps when you are ordering: you should submit your item request in COMMENT BOX which will show up after you complete the SHIPPING ADDRESS and PAYMENT METHOD.<br /><br /> \r\n</ul>\r\n</div>\r\n<div><br /></div>\r\n<div><br /></div>\r\n<div>sdfsdf<br /> \r\n<table class=\"table\" style=\"height: 77px;\" border=\"0\" cellspacing=\"1\" cellpadding=\"0\" width=\"525\" align=\"left\" bgcolor=\"#666666\">\r\n<tbody>\r\n<tr>\r\n<td bgcolor=\"#dbeef4\">wolfregion</td>\r\n<td bgcolor=\"#ffffff\">newtiel<br /></td>\r\n</tr>\r\n<tr>\r\n<td bgcolor=\"#dbeef4\">Keasfasdys</td>\r\n<td bgcolor=\"#ffffff\">Valufaesdfasdfs<br /></td>\r\n</tr>\r\n<tr>\r\n<td bgcolor=\"#dbeef4\">Keysdfasdfas<br /></td>\r\n<td bgcolor=\"#ffffff\">fasdfasdf</td>\r\n</tr>\r\n</tbody>\r\n</table>\r\n</div>','','80')
INSERT INTO products_description VALUES('194','1','test products3','<p>dwolfregion</p>\r\n<table class=\"table\" style=\"height: 80px;\" border=\"0\" cellspacing=\"1\" cellpadding=\"0\" width=\"515\" align=\"left\" bgcolor=\"#666666\">\r\n<tbody>\r\n<tr>\r\n<td bgcolor=\"#dbeef4\">Keys</td>\r\n<td bgcolor=\"#ffffff\">Values<br /></td>\r\n</tr>\r\n<tr>\r\n<td bgcolor=\"#dbeef4\">Keys</td>\r\n<td bgcolor=\"#ffffff\">Values<br /></td>\r\n</tr>\r\n<tr>\r\n<td bgcolor=\"#dbeef4\">Keys<br /></td>\r\n<td bgcolor=\"#ffffff\">Values</td>\r\n</tr>\r\n</tbody>\r\n</table>\r\n<p>ddd</p>','','79')
INSERT INTO products_description VALUES('195','1','Test Products 4','<p>asdfasdf</p>\r\n<div class=\"notice_1\">\r\n<ul class=\"mycon\" style=\"font-size: 12px; color: #204f13;\">\r\n<div style=\"font-weight: bold; font-size: 16px;\"><span class=\"red\">Must Read before You Make The Order<br /> </span></div>\r\n<strong>1. About Size Choice:</strong> Carefully view the SIZE on both Length and Chest beofore placing your order, as the Jersey is a non-refundable product.<br /><strong>3. About Item Request:</strong> To prevent you from writing an item request in a review , Pls kindly refer following steps when you are ordering: you should submit your item request in COMMENT BOX which will show up after you complete the SHIPPING ADDRESS and PAYMENT METHOD.<br /><br /> \r\n</ul>\r\n</div>\r\n<div><br /></div>\r\n<div><br /></div>\r\n<div>sdfsdf<br /> \r\n<table class=\"table\" style=\"height: 77px;\" border=\"0\" cellspacing=\"1\" cellpadding=\"0\" width=\"525\" align=\"left\" bgcolor=\"#666666\">\r\n<tbody>\r\n<tr>\r\n<td bgcolor=\"#dbeef4\">wolfregion</td>\r\n<td bgcolor=\"#ffffff\">newtiel<br /></td>\r\n</tr>\r\n<tr>\r\n<td bgcolor=\"#dbeef4\">Keasfasdys</td>\r\n<td bgcolor=\"#ffffff\">Valufaesdfasdfs<br /></td>\r\n</tr>\r\n<tr>\r\n<td bgcolor=\"#dbeef4\">Keysdfasdfas<br /></td>\r\n<td bgcolor=\"#ffffff\">fasdfasdf</td>\r\n</tr>\r\n</tbody>\r\n</table>\r\n</div>','','532')
INSERT INTO products_description VALUES('196','1','Test Products 6','<p>fasdfasdf</p>\r\n<p>adfasd</p>\r\n<p>fasdf</p>\r\n<p>adsf</p>','','6')
INSERT INTO products_description VALUES('197','1','test products 6','<p>sdfasdfa</p>\r\n<p>sd</p>\r\n<p>fasd</p>\r\n<p>f</p>\r\n<p>&nbsp;</p>\r\n<p>as</p>\r\n<p>df</p>\r\n<p>&nbsp;</p>\r\n<p>as</p>\r\n<p>df</p>','','2')
INSERT INTO products_description VALUES('198','1','test products 7','<p>fadfasdf</p>\r\n<p>adsf</p>\r\n<p>a</p>\r\n<p>df</p>\r\n<p>a</p>\r\n<p>sdf</p>\r\n<p>a</p>\r\n<p>sdfasdf</p>','','6')
INSERT INTO products_description VALUES('199','1','test products 8','<p>asdfasd</p>\r\n<p>f</p>\r\n<p>as</p>\r\n<p>df</p>\r\n<p>asd</p>\r\n<p>f</p>','','1')
INSERT INTO products_description VALUES('200','1','test products 71','<p>asdfasdf<!-- pagebreak --></p>\r\n<table class=\"table\" style=\"height: 350px;\" border=\"0\" cellspacing=\"1\" cellpadding=\"0\" width=\"500\" align=\"left\">\r\n<tbody>\r\n<tr>\r\n<td bgcolor=\"#dbeef4\">Keys</td>\r\n<td bgcolor=\"#ffffff\">Values</td>\r\n</tr>\r\n<tr>\r\n<td bgcolor=\"#dbeef4\">Keys</td>\r\n<td bgcolor=\"#ffffff\">Values</td>\r\n</tr>\r\n<tr>\r\n<td bgcolor=\"#dbeef4\">Keys</td>\r\n<td bgcolor=\"#ffffff\">Values</td>\r\n</tr>\r\n</tbody>\r\n</table>','','9')
INSERT INTO products_description VALUES('201','1','dstest','','','3')
INSERT INTO products_description VALUES('202','1','zxcvzxcv','<p>aadfasdf</p>','','1')
INSERT INTO products_description VALUES('203','1','Test Products 43','','','1')
INSERT INTO products_description VALUES('204','1','test products 232','','','1')
INSERT INTO products_description VALUES('205','1','Test Products 431','<p>sdfsdfasdf</p>','','1')
INSERT INTO products_description VALUES('206','1','tsdt','','','1')
INSERT INTO products_description VALUES('207','1','','','','0')
INSERT INTO products_description VALUES('208','1','test products 100','<p>f</p>\r\n<div class=\"bg_box_gray big allborder pad_10px margin_t pad_l_28px\">\r\n<h2 class=\"line_30px\">Note:</h2>\r\n<span class=\"red b\"> Canon IXUS and Powershot SD are completely same product with different name.  For the product, it is called Canon IXUS or Powershot SD in different consuming region. Based on such reason,we can only arrange your order according to our sotck, which means you will get Canon IXUS or Powershot SD by chance, but both with the same quality guarantee. Please read above note carefully.  Once you paid for the product, it means you have agreed on our terms.   Thanks for your understand and cooperation. </span></div>','','4')
INSERT INTO products_description VALUES('209','1','test products 200','<div class=\"notice_1\">\r\n<ul class=\"mycon\" style=\"font-size: 12px; color: #204f13;\">\r\n<div style=\"font-weight: bold; font-size: 18px;\">This phone will work with GSM network<span style=\"color: #ea0212;\"> 850/900/1800/1900</span> mHz.</div>\r\n<br /> Please check if your local area Network is compatible with this phone.<br /> You can <button onclick=\"window.open(\'http://www.gsmworld.com/roaming/gsminfo/index.shtml\')\"><span style=\"font-weight: bold; font-size: 12px; color: #204f13;\">Click here</span></button> to see Network Frequency for your country<br /> Please confirm with your carriers or providers before you purchase this item. \r\n</ul>\r\n<em> </em></div>','','2')
INSERT INTO products_description VALUES('211','1','New Test Products','<p>ASDASDFsdfs</p>','','9')
DROP TABLE IF EXISTS products_discount_quantity
CREATE TABLE `products_discount_quantity` (  `discount_id` int(4) NOT NULL default '0',  `products_id` int(11) NOT NULL default '0',  `discount_qty` float NOT NULL default '0',  `discount_price` decimal(15,4) NOT NULL default '0.0000',  KEY `idx_id_qty_zen` (`products_id`,`discount_qty`)) ENGINE=MyISAM DEFAULT CHARSET=utf8
INSERT INTO products_discount_quantity VALUES('1','8','3','10.0000')
INSERT INTO products_discount_quantity VALUES('5','25','160','50.0000')
INSERT INTO products_discount_quantity VALUES('4','25','120','40.0000')
INSERT INTO products_discount_quantity VALUES('3','25','90','30.0000')
INSERT INTO products_discount_quantity VALUES('2','25','60','20.0000')
INSERT INTO products_discount_quantity VALUES('1','25','30','10.0000')
INSERT INTO products_discount_quantity VALUES('1','182','0','0.0000')
INSERT INTO products_discount_quantity VALUES('2','182','0','0.0000')
INSERT INTO products_discount_quantity VALUES('3','182','0','0.0000')
INSERT INTO products_discount_quantity VALUES('4','182','0','0.0000')
INSERT INTO products_discount_quantity VALUES('5','182','0','0.0000')
INSERT INTO products_discount_quantity VALUES('1','192','10','10.0000')
INSERT INTO products_discount_quantity VALUES('2','192','20','20.0000')
INSERT INTO products_discount_quantity VALUES('1','195','10','10.0000')
INSERT INTO products_discount_quantity VALUES('2','195','20','20.0000')
INSERT INTO products_discount_quantity VALUES('1','0','0','0.0000')
INSERT INTO products_discount_quantity VALUES('2','0','0','0.0000')
INSERT INTO products_discount_quantity VALUES('3','0','0','0.0000')
INSERT INTO products_discount_quantity VALUES('4','0','0','0.0000')
INSERT INTO products_discount_quantity VALUES('5','0','0','0.0000')
INSERT INTO products_discount_quantity VALUES('6','0','0','0.0000')
INSERT INTO products_discount_quantity VALUES('7','0','0','0.0000')
INSERT INTO products_discount_quantity VALUES('8','0','0','0.0000')
INSERT INTO products_discount_quantity VALUES('9','0','0','0.0000')
INSERT INTO products_discount_quantity VALUES('10','0','0','0.0000')
INSERT INTO products_discount_quantity VALUES('11','0','0','0.0000')
INSERT INTO products_discount_quantity VALUES('12','0','0','0.0000')
INSERT INTO products_discount_quantity VALUES('13','0','0','0.0000')
INSERT INTO products_discount_quantity VALUES('14','0','0','0.0000')
INSERT INTO products_discount_quantity VALUES('15','0','0','0.0000')
INSERT INTO products_discount_quantity VALUES('16','0','0','0.0000')
INSERT INTO products_discount_quantity VALUES('17','0','0','0.0000')
INSERT INTO products_discount_quantity VALUES('18','0','0','0.0000')
INSERT INTO products_discount_quantity VALUES('19','0','0','0.0000')
INSERT INTO products_discount_quantity VALUES('20','0','0','0.0000')
INSERT INTO products_discount_quantity VALUES('21','0','0','0.0000')
INSERT INTO products_discount_quantity VALUES('22','0','0','0.0000')
INSERT INTO products_discount_quantity VALUES('23','0','0','0.0000')
INSERT INTO products_discount_quantity VALUES('24','0','0','0.0000')
INSERT INTO products_discount_quantity VALUES('25','0','0','0.0000')
INSERT INTO products_discount_quantity VALUES('26','0','0','0.0000')
INSERT INTO products_discount_quantity VALUES('27','0','0','0.0000')
INSERT INTO products_discount_quantity VALUES('28','0','0','0.0000')
INSERT INTO products_discount_quantity VALUES('29','0','0','0.0000')
INSERT INTO products_discount_quantity VALUES('30','0','0','0.0000')
DROP TABLE IF EXISTS products_notifications
CREATE TABLE `products_notifications` (  `products_id` int(11) NOT NULL default '0',  `customers_id` int(11) NOT NULL default '0',  `date_added` datetime NOT NULL default '0001-01-01 00:00:00',  PRIMARY KEY  (`products_id`,`customers_id`)) ENGINE=MyISAM DEFAULT CHARSET=utf8
INSERT INTO products_notifications VALUES('12','2','2008-08-22 16:25:35')
INSERT INTO products_notifications VALUES('192','14','2008-08-26 23:42:09')
INSERT INTO products_notifications VALUES('192','16','2008-11-30 20:12:44')
INSERT INTO products_notifications VALUES('193','19','2008-12-01 03:51:16')
DROP TABLE IF EXISTS products_options
CREATE TABLE `products_options` (  `products_options_id` int(11) NOT NULL default '0',  `language_id` int(11) NOT NULL default '1',  `products_options_name` varchar(32) NOT NULL default '',  `products_options_sort_order` int(11) NOT NULL default '0',  `products_options_type` int(5) NOT NULL default '0',  `products_options_length` smallint(2) NOT NULL default '32',  `products_options_comment` varchar(64) default NULL,  `products_options_size` smallint(2) NOT NULL default '32',  `products_options_images_per_row` int(2) default '5',  `products_options_images_style` int(1) default '0',  `products_options_rows` smallint(2) NOT NULL default '1',  PRIMARY KEY  (`products_options_id`,`language_id`),  KEY `idx_lang_id_zen` (`language_id`),  KEY `idx_products_options_sort_order_zen` (`products_options_sort_order`),  KEY `idx_products_options_name_zen` (`products_options_name`)) ENGINE=MyISAM DEFAULT CHARSET=utf8
INSERT INTO products_options VALUES('1','1','Color','10','0','32','','32','5','0','1')
INSERT INTO products_options VALUES('2','1','Size','20','0','32','','32','5','0','1')
INSERT INTO products_options VALUES('3','1','Model','30','0','32','','32','5','0','1')
INSERT INTO products_options VALUES('4','1','Memory','50','0','32','','32','5','0','1')
INSERT INTO products_options VALUES('5','1','Version','40','0','32','','32','5','0','1')
INSERT INTO products_options VALUES('6','1','Media Type','60','0','32','','32','5','0','1')
INSERT INTO products_options VALUES('17','1','Documentation','45','0','32','','32','5','0','1')
INSERT INTO products_options VALUES('16','1','Irons','800','3','32','','32','5','0','1')
INSERT INTO products_options VALUES('7','1','Logo Back','310','4','32','','32','5','0','1')
INSERT INTO products_options VALUES('8','1','Logo Front','300','4','32','You may upload your own image file(s)','32','5','0','1')
INSERT INTO products_options VALUES('9','1','Line 2','410','1','64','','40','5','0','1')
INSERT INTO products_options VALUES('10','1','Line 1','400','1','64','Enter your text up to 64 characters, punctuation and spaces','40','5','0','1')
INSERT INTO products_options VALUES('11','1','Line 3','420','1','64','','40','5','0','1')
INSERT INTO products_options VALUES('12','1','Line 4','430','1','64','','40','5','0','1')
INSERT INTO products_options VALUES('13','1','Gift Options','70','3','32','Special Option Options Available:','32','5','0','1')
INSERT INTO products_options VALUES('14','1','Amount','200','2','32','','32','5','0','1')
INSERT INTO products_options VALUES('15','1','Features','700','5','32',' ','32','5','0','3')
INSERT INTO products_options VALUES('18','1','Length','70','0','32','','32','5','0','1')
INSERT INTO products_options VALUES('19','1','Shipping','600','5','32','','32','0','0','1')
DROP TABLE IF EXISTS products_options_types
CREATE TABLE `products_options_types` (  `products_options_types_id` int(11) NOT NULL default '0',  `products_options_types_name` varchar(32) default NULL,  PRIMARY KEY  (`products_options_types_id`)) ENGINE=MyISAM DEFAULT CHARSET=utf8 COMMENT='Track products_options_types'
INSERT INTO products_options_types VALUES('0','Dropdown')
INSERT INTO products_options_types VALUES('1','Text')
INSERT INTO products_options_types VALUES('2','Radio')
INSERT INTO products_options_types VALUES('3','Checkbox')
INSERT INTO products_options_types VALUES('4','File')
INSERT INTO products_options_types VALUES('5','Read Only')
DROP TABLE IF EXISTS products_options_values
CREATE TABLE `products_options_values` (  `products_options_values_id` int(11) NOT NULL default '0',  `language_id` int(11) NOT NULL default '1',  `products_options_values_name` varchar(64) NOT NULL,  `products_options_values_sort_order` int(11) NOT NULL default '0',  PRIMARY KEY  (`products_options_values_id`,`language_id`),  KEY `idx_products_options_values_name_zen` (`products_options_values_name`),  KEY `idx_products_options_values_sort_order_zen` (`products_options_values_sort_order`)) ENGINE=MyISAM DEFAULT CHARSET=utf8
INSERT INTO products_options_values VALUES('0','1','TEXT','0')
INSERT INTO products_options_values VALUES('1','1','4 mb','10')
INSERT INTO products_options_values VALUES('2','1','8 mb','20')
INSERT INTO products_options_values VALUES('3','1','16 mb','30')
INSERT INTO products_options_values VALUES('4','1','32 mb','40')
INSERT INTO products_options_values VALUES('5','1','Value','10')
INSERT INTO products_options_values VALUES('6','1','Premium','20')
INSERT INTO products_options_values VALUES('7','1','Deluxe','30')
INSERT INTO products_options_values VALUES('8','1','PS/2','20')
INSERT INTO products_options_values VALUES('9','1','USB','10')
INSERT INTO products_options_values VALUES('10','1','Download: Windows - English','10')
INSERT INTO products_options_values VALUES('13','1','Box: Windows - English','1000')
INSERT INTO products_options_values VALUES('14','1','DVD/VHS Combo Pak','30')
INSERT INTO products_options_values VALUES('15','1','Blue','50')
INSERT INTO products_options_values VALUES('16','1','Red','10')
INSERT INTO products_options_values VALUES('17','1','Yellow','30')
INSERT INTO products_options_values VALUES('18','1','Medium','30')
INSERT INTO products_options_values VALUES('63','1','MS Word - English','20')
INSERT INTO products_options_values VALUES('19','1','X-Small','10')
INSERT INTO products_options_values VALUES('62','1','PDF - English','10')
INSERT INTO products_options_values VALUES('61','1','2 Iron','20')
INSERT INTO products_options_values VALUES('20','1','Large','40')
INSERT INTO products_options_values VALUES('60','1','8 Iron','80')
INSERT INTO products_options_values VALUES('59','1','7 Iron','70')
INSERT INTO products_options_values VALUES('21','1','Small','20')
INSERT INTO products_options_values VALUES('58','1','Wedge','200')
INSERT INTO products_options_values VALUES('57','1','9 Iron','90')
INSERT INTO products_options_values VALUES('22','1','VHS','20')
INSERT INTO products_options_values VALUES('23','1','DVD','10')
INSERT INTO products_options_values VALUES('56','1','6 Iron','60')
INSERT INTO products_options_values VALUES('55','1','5 Iron','50')
INSERT INTO products_options_values VALUES('24','1','20th Century','10')
INSERT INTO products_options_values VALUES('54','1','4 Iron','40')
INSERT INTO products_options_values VALUES('53','1','3 Iron','30')
INSERT INTO products_options_values VALUES('25','1','Orange','20')
INSERT INTO products_options_values VALUES('26','1','Green','40')
INSERT INTO products_options_values VALUES('27','1','Purple','60')
INSERT INTO products_options_values VALUES('28','1','Brown','70')
INSERT INTO products_options_values VALUES('29','1','Black','80')
INSERT INTO products_options_values VALUES('30','1','White','90')
INSERT INTO products_options_values VALUES('31','1','Silver','100')
INSERT INTO products_options_values VALUES('32','1','Gold','110')
INSERT INTO products_options_values VALUES('64','1','Download: MAC - English','100')
INSERT INTO products_options_values VALUES('34','1','Wrapping','40')
INSERT INTO products_options_values VALUES('35','1','Autographed Memorabilia Card','30')
INSERT INTO products_options_values VALUES('36','1','Collector\'s Tin','20')
INSERT INTO products_options_values VALUES('37','1','Select from below ...','5')
INSERT INTO products_options_values VALUES('38','1','$5.00','5')
INSERT INTO products_options_values VALUES('39','1','$10.00','10')
INSERT INTO products_options_values VALUES('40','1','$25.00','25')
INSERT INTO products_options_values VALUES('41','1','$15.00','15')
INSERT INTO products_options_values VALUES('42','1','$50.00','50')
INSERT INTO products_options_values VALUES('43','1','$100.00','100')
INSERT INTO products_options_values VALUES('44','1','Select from below ...','5')
INSERT INTO products_options_values VALUES('45','1','NONE','5')
INSERT INTO products_options_values VALUES('46','1','None','5')
INSERT INTO products_options_values VALUES('47','1','Embossed Collector\'s Tin','10')
INSERT INTO products_options_values VALUES('48','1','None','5')
INSERT INTO products_options_values VALUES('51','1','nnnnnnnnn','10')
INSERT INTO products_options_values VALUES('52','1','Download: Windows - Spanish','20')
INSERT INTO products_options_values VALUES('65','1','per Foot','10')
INSERT INTO products_options_values VALUES('66','1','per Yard','20')
INSERT INTO products_options_values VALUES('67','1','Free Shipping Included!','10')
INSERT INTO products_options_values VALUES('68','1','Book Hard Cover','5')
DROP TABLE IF EXISTS products_options_values_to_products_options
CREATE TABLE `products_options_values_to_products_options` (  `products_options_values_to_products_options_id` int(11) NOT NULL auto_increment,  `products_options_id` int(11) NOT NULL default '0',  `products_options_values_id` int(11) NOT NULL default '0',  PRIMARY KEY  (`products_options_values_to_products_options_id`),  KEY `idx_products_options_id_zen` (`products_options_id`),  KEY `idx_products_options_values_id_zen` (`products_options_values_id`)) ENGINE=MyISAM AUTO_INCREMENT=94 DEFAULT CHARSET=utf8
INSERT INTO products_options_values_to_products_options VALUES('1','4','1')
INSERT INTO products_options_values_to_products_options VALUES('2','4','2')
INSERT INTO products_options_values_to_products_options VALUES('3','4','3')
INSERT INTO products_options_values_to_products_options VALUES('4','4','4')
INSERT INTO products_options_values_to_products_options VALUES('5','3','5')
INSERT INTO products_options_values_to_products_options VALUES('6','3','6')
INSERT INTO products_options_values_to_products_options VALUES('7','3','7')
INSERT INTO products_options_values_to_products_options VALUES('8','3','8')
INSERT INTO products_options_values_to_products_options VALUES('9','3','9')
INSERT INTO products_options_values_to_products_options VALUES('10','5','10')
INSERT INTO products_options_values_to_products_options VALUES('13','5','13')
INSERT INTO products_options_values_to_products_options VALUES('14','6','14')
INSERT INTO products_options_values_to_products_options VALUES('15','1','15')
INSERT INTO products_options_values_to_products_options VALUES('16','1','16')
INSERT INTO products_options_values_to_products_options VALUES('17','1','17')
INSERT INTO products_options_values_to_products_options VALUES('18','2','18')
INSERT INTO products_options_values_to_products_options VALUES('19','2','19')
INSERT INTO products_options_values_to_products_options VALUES('20','2','20')
INSERT INTO products_options_values_to_products_options VALUES('21','2','21')
INSERT INTO products_options_values_to_products_options VALUES('22','6','22')
INSERT INTO products_options_values_to_products_options VALUES('23','6','23')
INSERT INTO products_options_values_to_products_options VALUES('24','5','24')
INSERT INTO products_options_values_to_products_options VALUES('61','8','0')
INSERT INTO products_options_values_to_products_options VALUES('60','7','0')
INSERT INTO products_options_values_to_products_options VALUES('59','12','0')
INSERT INTO products_options_values_to_products_options VALUES('58','11','0')
INSERT INTO products_options_values_to_products_options VALUES('57','10','0')
INSERT INTO products_options_values_to_products_options VALUES('56','9','0')
INSERT INTO products_options_values_to_products_options VALUES('35','1','25')
INSERT INTO products_options_values_to_products_options VALUES('36','1','26')
INSERT INTO products_options_values_to_products_options VALUES('37','1','27')
INSERT INTO products_options_values_to_products_options VALUES('38','1','28')
INSERT INTO products_options_values_to_products_options VALUES('39','1','29')
INSERT INTO products_options_values_to_products_options VALUES('40','1','30')
INSERT INTO products_options_values_to_products_options VALUES('41','1','31')
INSERT INTO products_options_values_to_products_options VALUES('42','1','32')
INSERT INTO products_options_values_to_products_options VALUES('89','5','64')
INSERT INTO products_options_values_to_products_options VALUES('55','13','36')
INSERT INTO products_options_values_to_products_options VALUES('54','13','35')
INSERT INTO products_options_values_to_products_options VALUES('53','13','34')
INSERT INTO products_options_values_to_products_options VALUES('62','2','37')
INSERT INTO products_options_values_to_products_options VALUES('63','14','38')
INSERT INTO products_options_values_to_products_options VALUES('64','14','39')
INSERT INTO products_options_values_to_products_options VALUES('65','14','40')
INSERT INTO products_options_values_to_products_options VALUES('66','14','41')
INSERT INTO products_options_values_to_products_options VALUES('67','14','42')
INSERT INTO products_options_values_to_products_options VALUES('68','14','43')
INSERT INTO products_options_values_to_products_options VALUES('69','13','44')
INSERT INTO products_options_values_to_products_options VALUES('70','1','45')
INSERT INTO products_options_values_to_products_options VALUES('71','4','46')
INSERT INTO products_options_values_to_products_options VALUES('72','13','47')
INSERT INTO products_options_values_to_products_options VALUES('73','13','48')
INSERT INTO products_options_values_to_products_options VALUES('76','15','51')
INSERT INTO products_options_values_to_products_options VALUES('77','5','52')
INSERT INTO products_options_values_to_products_options VALUES('78','16','53')
INSERT INTO products_options_values_to_products_options VALUES('79','16','54')
INSERT INTO products_options_values_to_products_options VALUES('80','16','55')
INSERT INTO products_options_values_to_products_options VALUES('81','16','56')
INSERT INTO products_options_values_to_products_options VALUES('82','16','57')
INSERT INTO products_options_values_to_products_options VALUES('83','16','58')
INSERT INTO products_options_values_to_products_options VALUES('84','16','59')
INSERT INTO products_options_values_to_products_options VALUES('85','16','60')
INSERT INTO products_options_values_to_products_options VALUES('86','16','61')
INSERT INTO products_options_values_to_products_options VALUES('87','17','62')
INSERT INTO products_options_values_to_products_options VALUES('88','17','63')
INSERT INTO products_options_values_to_products_options VALUES('90','18','65')
INSERT INTO products_options_values_to_products_options VALUES('91','18','66')
INSERT INTO products_options_values_to_products_options VALUES('92','19','67')
INSERT INTO products_options_values_to_products_options VALUES('93','5','68')
DROP TABLE IF EXISTS products_to_categories
CREATE TABLE `products_to_categories` (  `products_id` int(11) NOT NULL default '0',  `categories_id` int(11) NOT NULL default '0',  PRIMARY KEY  (`products_id`,`categories_id`),  KEY `idx_cat_prod_id_zen` (`categories_id`,`products_id`)) ENGINE=MyISAM DEFAULT CHARSET=utf8
INSERT INTO products_to_categories VALUES('4','166')
INSERT INTO products_to_categories VALUES('7','166')
INSERT INTO products_to_categories VALUES('8','166')
INSERT INTO products_to_categories VALUES('9','166')
INSERT INTO products_to_categories VALUES('10','166')
INSERT INTO products_to_categories VALUES('11','166')
INSERT INTO products_to_categories VALUES('18','166')
INSERT INTO products_to_categories VALUES('19','767')
INSERT INTO products_to_categories VALUES('22','19')
INSERT INTO products_to_categories VALUES('22','166')
INSERT INTO products_to_categories VALUES('23','20')
INSERT INTO products_to_categories VALUES('23','166')
INSERT INTO products_to_categories VALUES('24','20')
INSERT INTO products_to_categories VALUES('24','166')
INSERT INTO products_to_categories VALUES('25','166')
INSERT INTO products_to_categories VALUES('27','166')
INSERT INTO products_to_categories VALUES('28','166')
INSERT INTO products_to_categories VALUES('29','166')
INSERT INTO products_to_categories VALUES('30','166')
INSERT INTO products_to_categories VALUES('31','166')
INSERT INTO products_to_categories VALUES('32','166')
INSERT INTO products_to_categories VALUES('34','166')
INSERT INTO products_to_categories VALUES('44','166')
INSERT INTO products_to_categories VALUES('46','166')
INSERT INTO products_to_categories VALUES('47','166')
INSERT INTO products_to_categories VALUES('48','166')
INSERT INTO products_to_categories VALUES('49','166')
INSERT INTO products_to_categories VALUES('50','166')
INSERT INTO products_to_categories VALUES('54','166')
INSERT INTO products_to_categories VALUES('59','166')
INSERT INTO products_to_categories VALUES('74','166')
INSERT INTO products_to_categories VALUES('79','166')
INSERT INTO products_to_categories VALUES('80','166')
INSERT INTO products_to_categories VALUES('82','166')
INSERT INTO products_to_categories VALUES('83','166')
INSERT INTO products_to_categories VALUES('84','166')
INSERT INTO products_to_categories VALUES('85','166')
INSERT INTO products_to_categories VALUES('88','166')
INSERT INTO products_to_categories VALUES('89','166')
INSERT INTO products_to_categories VALUES('93','166')
INSERT INTO products_to_categories VALUES('94','166')
INSERT INTO products_to_categories VALUES('95','166')
INSERT INTO products_to_categories VALUES('96','166')
INSERT INTO products_to_categories VALUES('97','166')
INSERT INTO products_to_categories VALUES('98','166')
INSERT INTO products_to_categories VALUES('101','166')
INSERT INTO products_to_categories VALUES('104','166')
INSERT INTO products_to_categories VALUES('105','166')
INSERT INTO products_to_categories VALUES('106','166')
INSERT INTO products_to_categories VALUES('109','166')
INSERT INTO products_to_categories VALUES('110','166')
INSERT INTO products_to_categories VALUES('111','166')
INSERT INTO products_to_categories VALUES('180','166')
INSERT INTO products_to_categories VALUES('181','166')
INSERT INTO products_to_categories VALUES('182','166')
INSERT INTO products_to_categories VALUES('183','166')
INSERT INTO products_to_categories VALUES('185','166')
INSERT INTO products_to_categories VALUES('186','166')
INSERT INTO products_to_categories VALUES('187','166')
INSERT INTO products_to_categories VALUES('188','166')
INSERT INTO products_to_categories VALUES('189','166')
INSERT INTO products_to_categories VALUES('190','166')
INSERT INTO products_to_categories VALUES('191','166')
INSERT INTO products_to_categories VALUES('192','766')
INSERT INTO products_to_categories VALUES('193','766')
INSERT INTO products_to_categories VALUES('194','766')
INSERT INTO products_to_categories VALUES('195','767')
INSERT INTO products_to_categories VALUES('196','184')
INSERT INTO products_to_categories VALUES('197','184')
INSERT INTO products_to_categories VALUES('198','184')
INSERT INTO products_to_categories VALUES('199','184')
INSERT INTO products_to_categories VALUES('200','184')
INSERT INTO products_to_categories VALUES('201','184')
INSERT INTO products_to_categories VALUES('202','184')
INSERT INTO products_to_categories VALUES('203','184')
INSERT INTO products_to_categories VALUES('204','184')
INSERT INTO products_to_categories VALUES('205','184')
INSERT INTO products_to_categories VALUES('206','184')
INSERT INTO products_to_categories VALUES('207','184')
INSERT INTO products_to_categories VALUES('208','184')
INSERT INTO products_to_categories VALUES('209','184')
INSERT INTO products_to_categories VALUES('211','770')
DROP TABLE IF EXISTS products_xsell
CREATE TABLE `products_xsell` (  `ID` int(10) NOT NULL auto_increment,  `products_id` int(10) unsigned NOT NULL default '1',  `xsell_id` int(10) unsigned NOT NULL default '1',  `sort_order` int(10) unsigned NOT NULL default '1',  PRIMARY KEY  (`ID`),  KEY `idx_products_id_xsell` (`products_id`)) ENGINE=MyISAM AUTO_INCREMENT=3 DEFAULT CHARSET=utf8
INSERT INTO products_xsell VALUES('1','9','18','1')
INSERT INTO products_xsell VALUES('2','18','9','1')
DROP TABLE IF EXISTS project_version
CREATE TABLE `project_version` (  `project_version_id` tinyint(3) NOT NULL auto_increment,  `project_version_key` varchar(40) NOT NULL default '',  `project_version_major` varchar(20) NOT NULL default '',  `project_version_minor` varchar(20) NOT NULL default '',  `project_version_patch1` varchar(20) NOT NULL default '',  `project_version_patch2` varchar(20) NOT NULL default '',  `project_version_patch1_source` varchar(20) NOT NULL default '',  `project_version_patch2_source` varchar(20) NOT NULL default '',  `project_version_comment` varchar(250) NOT NULL default '',  `project_version_date_applied` datetime NOT NULL default '0001-01-01 01:01:01',  PRIMARY KEY  (`project_version_id`),  UNIQUE KEY `idx_project_version_key_zen` (`project_version_key`)) ENGINE=MyISAM AUTO_INCREMENT=3 DEFAULT CHARSET=utf8 COMMENT='Database Version Tracking'
INSERT INTO project_version VALUES('1','Zen-Cart Main','1','3.8','','','','','Fresh Installation','2008-07-20 12:06:21')
INSERT INTO project_version VALUES('2','Zen-Cart Database','1','3.8','','','','','Fresh Installation','2008-07-20 12:06:21')
DROP TABLE IF EXISTS project_version_history
CREATE TABLE `project_version_history` (  `project_version_id` tinyint(3) NOT NULL auto_increment,  `project_version_key` varchar(40) NOT NULL default '',  `project_version_major` varchar(20) NOT NULL default '',  `project_version_minor` varchar(20) NOT NULL default '',  `project_version_patch` varchar(20) NOT NULL default '',  `project_version_comment` varchar(250) NOT NULL default '',  `project_version_date_applied` datetime NOT NULL default '0001-01-01 01:01:01',  PRIMARY KEY  (`project_version_id`)) ENGINE=MyISAM AUTO_INCREMENT=3 DEFAULT CHARSET=utf8 COMMENT='Database Version Tracking History'
INSERT INTO project_version_history VALUES('1','Zen-Cart Main','1','3.8','','Fresh Installation','2008-07-20 12:06:21')
INSERT INTO project_version_history VALUES('2','Zen-Cart Database','1','3.8','','Fresh Installation','2008-07-20 12:06:21')
DROP TABLE IF EXISTS query_builder
CREATE TABLE `query_builder` (  `query_id` int(11) NOT NULL auto_increment,  `query_category` varchar(40) NOT NULL default '',  `query_name` varchar(80) NOT NULL default '',  `query_description` text NOT NULL,  `query_string` text NOT NULL,  `query_keys_list` text NOT NULL,  PRIMARY KEY  (`query_id`),  UNIQUE KEY `query_name` (`query_name`)) ENGINE=MyISAM AUTO_INCREMENT=19 DEFAULT CHARSET=utf8 COMMENT='Stores queries for re-use in Admin email and report modules'
INSERT INTO query_builder VALUES('1','email','All Customers','Returns all customers name and email address for sending mass emails (ie: for newsletters, coupons, GVs, messages, etc).','select customers_email_address, customers_firstname, customers_lastname from TABLE_CUSTOMERS order by customers_lastname, customers_firstname, customers_email_address','')
INSERT INTO query_builder VALUES('2','email,newsletters','Customer Account Newsletter Subscribers','Returns name and email address of newsletter subscribers who have a customer account.','select customers_firstname, customers_lastname, customers_email_address from TABLE_CUSTOMERS where customers_newsletter = \'1\'','')
INSERT INTO query_builder VALUES('3','email,newsletters','Dormant Customers (>3months) (Subscribers)','Subscribers who HAVE purchased something, but have NOT purchased for at least three months.','select o.date_purchased, c.customers_email_address, c.customers_lastname, c.customers_firstname from TABLE_CUSTOMERS c, TABLE_ORDERS o WHERE c.customers_id = o.customers_id AND c.customers_newsletter = 1 GROUP BY c.customers_email_address HAVING max(o.date_purchased) <= subdate(now(),INTERVAL 3 MONTH) ORDER BY c.customers_lastname, c.customers_firstname ASC','')
INSERT INTO query_builder VALUES('4','email,newsletters','Active customers in past 3 months (Subscribers)','Newsletter subscribers who are also active customers (purchased something) in last 3 months.','select c.customers_email_address, c.customers_lastname, c.customers_firstname from TABLE_CUSTOMERS c, TABLE_ORDERS o where c.customers_newsletter = \'1\' AND c.customers_id = o.customers_id and o.date_purchased > subdate(now(),INTERVAL 3 MONTH) GROUP BY c.customers_email_address order by c.customers_lastname, c.customers_firstname ASC','')
INSERT INTO query_builder VALUES('5','email,newsletters','Active customers in past 3 months (Regardless of subscription status)','All active customers (purchased something) in last 3 months, ignoring newsletter-subscription status.','select c.customers_email_address, c.customers_lastname, c.customers_firstname from TABLE_CUSTOMERS c, TABLE_ORDERS o WHERE c.customers_id = o.customers_id and o.date_purchased > subdate(now(),INTERVAL 3 MONTH) GROUP BY c.customers_email_address order by c.customers_lastname, c.customers_firstname ASC','')
INSERT INTO query_builder VALUES('6','email,newsletters','Administrator','Just the email account of the current administrator','select \'ADMIN\' as customers_firstname, admin_name as customers_lastname, admin_email as customers_email_address from TABLE_ADMIN where admin_id = $SESSION:admin_id','')
INSERT INTO query_builder VALUES('7','email,newsletters','Customers who have never completed a purchase','For sending newsletter to all customers who registered but have never completed a purchase','SELECT DISTINCT c.customers_email_address as customers_email_address, c.customers_lastname as customers_lastname, c.customers_firstname as customers_firstname FROM TABLE_CUSTOMERS c LEFT JOIN  TABLE_ORDERS o ON c.customers_id=o.customers_id WHERE o.date_purchased IS NULL','')
INSERT INTO query_builder VALUES('8','email,newsletters','All Newsletter Subscribers','Returns name and email address of all Customer Account subscribers and all Newsletter-Only subscribers.','select c.customers_firstname, c.customers_lastname, s.email_address as customers_email_address from TABLE_SUBSCRIBERS as s left join TABLE_CUSTOMERS as c on c.customers_id = s.customers_id ','')
INSERT INTO query_builder VALUES('9','email,newsletters','Newsletter-only Subscribers','Returns email address of all confirmed Newsletter-Only subscribers.','SELECT email_address as customers_email_address FROM TABLE_SUBSCRIBERS WHERE email_format != \'NONE\' and confirmed = 1 and (customers_id IS NULL or customers_id = 0) order by email_address','')
INSERT INTO query_builder VALUES('10','email,newsletters','Email Test Group - Newsletter-only subscribers','Returns name and email address of Newsletter-only subscribers designated in Email test group configuration.','SELECT s.email_address as customers_email_address FROM TABLE_SUBSCRIBERS as s LEFT JOIN TABLE_CONFIGURATION as q on LOCATE( s.email_address, q.configuration_value) >= 1 WHERE configuration_key = \'NEWSONLY_SUBSCRIPTION_TEST_GROUP\' ','')
INSERT INTO query_builder VALUES('11','email,newsletters','Email Test Group - Customers','Returns name and email address of Newsletter-only subscribers designated in Email test group configuration.','SELECT c.customers_email_address as customers_email_address FROM TABLE_CUSTOMERS as c LEFT JOIN TABLE_CONFIGURATION as q on LOCATE( c.customers_email_address, q.configuration_value) >= 1 WHERE configuration_key = \'NEWSONLY_SUBSCRIPTION_TEST_GROUP\' ','')
INSERT INTO query_builder VALUES('12','email,newsletters','All Auction Seller','Returns name and email address of All Auction Seller in Email test group configuration.','SELECT c.customers_email_address as customers_email_address FROM TABLE_CUSTOMERS as c LEFT JOIN TABLE_CONFIGURATION as q on LOCATE( c.customers_email_address, q.configuration_value) >= 1 WHERE c.customers_describes = 1 ','')
INSERT INTO query_builder VALUES('13','email,newsletters','All Wholesaler','Returns name and email address of All Wholesaler in Email test group configuration.','SELECT c.customers_email_address as customers_email_address FROM TABLE_CUSTOMERS as c LEFT JOIN TABLE_CONFIGURATION as q on LOCATE( c.customers_email_address, q.configuration_value) >= 1 WHERE c.customers_describes = 2 ','')
INSERT INTO query_builder VALUES('14','email,newsletters','All Offline Retailer','Returns name and email address of All Offline Retailer in Email test group configuration.','SELECT c.customers_email_address as customers_email_address FROM TABLE_CUSTOMERS as c LEFT JOIN TABLE_CONFIGURATION as q on LOCATE( c.customers_email_address, q.configuration_value) >= 1 WHERE c.customers_describes = 3','')
INSERT INTO query_builder VALUES('15','email,newsletters','All Online Retailer','Returns name and email address of All Online Retailer in Email test group configuration.','SELECT c.customers_email_address as customers_email_address FROM TABLE_CUSTOMERS as c LEFT JOIN TABLE_CONFIGURATION as q on LOCATE( c.customers_email_address, q.configuration_value) >= 1 WHERE c.customers_describes = 4 ','')
INSERT INTO query_builder VALUES('16','email,newsletters','All Dropshipper','Returns name and email address of All Dropshipper in Email test group configuration.','SELECT c.customers_email_address as customers_email_address FROM TABLE_CUSTOMERS as c LEFT JOIN TABLE_CONFIGURATION as q on LOCATE( c.customers_email_address, q.configuration_value) >= 1 WHERE c.customers_describes = 5','')
INSERT INTO query_builder VALUES('17','email,newsletters','All End-user','Returns name and email address of All End-user in Email test group configuration.','SELECT c.customers_email_address as customers_email_address FROM TABLE_CUSTOMERS as c LEFT JOIN TABLE_CONFIGURATION as q on LOCATE( c.customers_email_address, q.configuration_value) >= 1 WHERE c.customers_describes =6','')
INSERT INTO query_builder VALUES('18','email,newsletters','All Others','Returns name and email address of All Others Seller in Email test group configuration.','SELECT c.customers_email_address as customers_email_address FROM TABLE_CUSTOMERS as c LEFT JOIN TABLE_CONFIGURATION as q on LOCATE( c.customers_email_address, q.configuration_value) >= 1 WHERE c.customers_describes =7','')
DROP TABLE IF EXISTS record_artists
CREATE TABLE `record_artists` (  `artists_id` int(11) NOT NULL auto_increment,  `artists_name` varchar(32) NOT NULL default '',  `artists_image` varchar(64) default NULL,  `date_added` datetime default NULL,  `last_modified` datetime default NULL,  PRIMARY KEY  (`artists_id`),  KEY `idx_rec_artists_name_zen` (`artists_name`)) ENGINE=MyISAM AUTO_INCREMENT=2 DEFAULT CHARSET=utf8
INSERT INTO record_artists VALUES('1','The Russ Tippins Band','sooty.jpg','2004-06-01 20:53:00','')
DROP TABLE IF EXISTS record_artists_info
CREATE TABLE `record_artists_info` (  `artists_id` int(11) NOT NULL default '0',  `languages_id` int(11) NOT NULL default '0',  `artists_url` varchar(255) NOT NULL default '',  `url_clicked` int(5) NOT NULL default '0',  `date_last_click` datetime default NULL,  PRIMARY KEY  (`artists_id`,`languages_id`)) ENGINE=MyISAM DEFAULT CHARSET=utf8
INSERT INTO record_artists_info VALUES('1','1','russtippinsband.users.btopenworld.com/','0','')
DROP TABLE IF EXISTS record_company
CREATE TABLE `record_company` (  `record_company_id` int(11) NOT NULL auto_increment,  `record_company_name` varchar(32) NOT NULL default '',  `record_company_image` varchar(64) default NULL,  `date_added` datetime default NULL,  `last_modified` datetime default NULL,  PRIMARY KEY  (`record_company_id`),  KEY `idx_rec_company_name_zen` (`record_company_name`)) ENGINE=MyISAM AUTO_INCREMENT=2 DEFAULT CHARSET=utf8
INSERT INTO record_company VALUES('1','HMV Group','','2004-07-09 14:11:52','')
DROP TABLE IF EXISTS record_company_info
CREATE TABLE `record_company_info` (  `record_company_id` int(11) NOT NULL default '0',  `languages_id` int(11) NOT NULL default '0',  `record_company_url` varchar(255) NOT NULL default '',  `url_clicked` int(5) NOT NULL default '0',  `date_last_click` datetime default NULL,  PRIMARY KEY  (`record_company_id`,`languages_id`)) ENGINE=MyISAM DEFAULT CHARSET=utf8
INSERT INTO record_company_info VALUES('1','1','www.hmvgroup.com','0','')
DROP TABLE IF EXISTS reviews
CREATE TABLE `reviews` (  `reviews_id` int(11) NOT NULL auto_increment,  `products_id` int(11) NOT NULL default '0',  `customers_id` int(11) default NULL,  `customers_name` varchar(64) default NULL,  `reviews_rating` int(1) default NULL,  `date_added` datetime default NULL,  `last_modified` datetime default NULL,  `reviews_read` int(5) NOT NULL default '0',  `status` int(1) NOT NULL default '0',  `reviews_is_featured` int(1) default '0',  `customers_email` varchar(64) default NULL,  PRIMARY KEY  (`reviews_id`),  KEY `idx_products_id_zen` (`products_id`),  KEY `idx_customers_id_zen` (`customers_id`),  KEY `idx_status_zen` (`status`),  KEY `idx_date_added_zen` (`date_added`)) ENGINE=MyISAM AUTO_INCREMENT=19 DEFAULT CHARSET=utf8
INSERT INTO reviews VALUES('2','22','','wolfregion liuyanjun','4','2008-08-16 15:42:43','','0','1','1','')
INSERT INTO reviews VALUES('3','0','0','test name','4','','','0','1','1','testmail@hotmai.com')
INSERT INTO reviews VALUES('4','0','0','test name','4','','','0','1','1','testmail@hotmai.com')
INSERT INTO reviews VALUES('5','0','0','test2','1','','','0','1','1','test2@test.com')
INSERT INTO reviews VALUES('6','25','0','test3','4','','','15','1','1','test3@mail.com')
INSERT INTO reviews VALUES('7','25','0','test4','0','2008-08-22 20:14:33','','0','0','1','')
INSERT INTO reviews VALUES('8','25','0','test4','0','2008-08-22 20:14:56','','0','0','1','')
INSERT INTO reviews VALUES('9','193','','liuyanjuns','0','2008-08-27 14:59:50','','0','0','1','')
INSERT INTO reviews VALUES('10','193','','liuyanjuns','0','2008-08-27 15:00:38','','0','0','1','')
INSERT INTO reviews VALUES('11','193','','liuyanjuns','0','2008-08-27 15:02:59','','0','0','1','')
INSERT INTO reviews VALUES('12','193','','liuyanjuns','0','2008-08-27 15:04:53','','0','0','1','')
INSERT INTO reviews VALUES('13','193','','liuyanjuns','0','2008-08-27 15:05:01','','0','0','1','')
INSERT INTO reviews VALUES('14','193','0','asdf','0','2008-08-27 15:05:53','','0','1','1','')
INSERT INTO reviews VALUES('15','193','0','asdfasdf','0','2008-08-27 15:10:36','','0','1','1','')
INSERT INTO reviews VALUES('16','193','0','adsfasd','1','2008-08-27 15:17:13','','0','1','1','fasdf@ss.com')
INSERT INTO reviews VALUES('17','193','0','adfds','4','2008-11-30 20:54:58','','0','0','0','2@bcc.com')
INSERT INTO reviews VALUES('18','193','0','tssfs','4','2008-11-30 20:57:02','','0','0','0','23@bdfds.com')
DROP TABLE IF EXISTS reviews_description
CREATE TABLE `reviews_description` (  `reviews_id` int(11) NOT NULL default '0',  `languages_id` int(11) NOT NULL default '0',  `reviews_text` text NOT NULL,  `reviews_title` varchar(255) default NULL,  PRIMARY KEY  (`reviews_id`,`languages_id`)) ENGINE=MyISAM DEFAULT CHARSET=utf8
INSERT INTO reviews_description VALUES('2','1','I have bought this toy for the son and we remained are very happy with purchase. \r\nThe most important plus. It is not necessary to buy expensive disks with games, and it is possible to load game from the Internet, to write down on a flash card and to play. In my opinion very big economy of the house budget.\r\nStill big plus: service and delivery. All was top-level.\r\nMANY THANKS!','i like shopping')
INSERT INTO reviews_description VALUES('4','1','i love meimei','test title')
INSERT INTO reviews_description VALUES('5','1','test text 2','test title 2')
INSERT INTO reviews_description VALUES('6','1','test text 3','test title 3')
INSERT INTO reviews_description VALUES('0','1','test text 4','test4 title')
INSERT INTO reviews_description VALUES('11','1','asdfasdf','asdfasdf')
INSERT INTO reviews_description VALUES('12','1','asdfasdf','asdfasdf')
INSERT INTO reviews_description VALUES('13','1','asdfasdf','asdfasdf')
INSERT INTO reviews_description VALUES('14','1','sdfasdfasdfa','asdfa')
INSERT INTO reviews_description VALUES('15','1','asdfasdf','4asdfasdf')
INSERT INTO reviews_description VALUES('16','1','asdfasd','asdfasdjfasdf')
INSERT INTO reviews_description VALUES('17','1','this is good','good')
INSERT INTO reviews_description VALUES('18','1','where\\\'s','good')
DROP TABLE IF EXISTS salemaker_sales
CREATE TABLE `salemaker_sales` (  `sale_id` int(11) NOT NULL auto_increment,  `sale_status` tinyint(4) NOT NULL default '0',  `sale_name` varchar(30) NOT NULL default '',  `sale_deduction_value` decimal(15,4) NOT NULL default '0.0000',  `sale_deduction_type` tinyint(4) NOT NULL default '0',  `sale_pricerange_from` decimal(15,4) NOT NULL default '0.0000',  `sale_pricerange_to` decimal(15,4) NOT NULL default '0.0000',  `sale_specials_condition` tinyint(4) NOT NULL default '0',  `sale_categories_selected` text,  `sale_categories_all` text,  `sale_date_start` date NOT NULL default '0001-01-01',  `sale_date_end` date NOT NULL default '0001-01-01',  `sale_date_added` date NOT NULL default '0001-01-01',  `sale_date_last_modified` date NOT NULL default '0001-01-01',  `sale_date_status_change` date NOT NULL default '0001-01-01',  PRIMARY KEY  (`sale_id`),  KEY `idx_sale_status_zen` (`sale_status`),  KEY `idx_sale_date_start_zen` (`sale_date_start`),  KEY `idx_sale_date_end_zen` (`sale_date_end`)) ENGINE=MyISAM AUTO_INCREMENT=12 DEFAULT CHARSET=utf8
INSERT INTO salemaker_sales VALUES('1','0','10% off Sale','10.0000','1','1.0000','1000.0000','2','25,28,45,47,58',',25,28,45,47,58,','2003-12-23','2008-02-21','2003-12-23','2004-05-18','2008-09-22')
INSERT INTO salemaker_sales VALUES('3','0','Mice 20%','20.0000','1','1.0000','1000.0000','2','9',',9,','2003-12-24','2004-04-21','2003-12-31','2003-12-31','2004-04-25')
INSERT INTO salemaker_sales VALUES('6','1','$5.00 off','5.0000','0','0.0000','0.0000','2','27',',27,','0001-01-01','0001-01-01','2004-01-04','2004-01-05','2004-01-04')
INSERT INTO salemaker_sales VALUES('7','1','10% Skip Specials','10.0000','1','0.0000','0.0000','1','31',',31,','0001-01-01','0001-01-01','2004-01-04','2004-05-18','2004-01-04')
INSERT INTO salemaker_sales VALUES('8','1','10% Apply to Price','10.0000','1','0.0000','0.0000','0','32',',32,','0001-01-01','0001-01-01','2004-01-05','2004-05-18','2004-01-05')
INSERT INTO salemaker_sales VALUES('9','1','New Price $100','100.0000','2','0.0000','0.0000','2','46',',46,','0001-01-01','0001-01-01','2004-01-06','2004-01-07','2004-01-06')
INSERT INTO salemaker_sales VALUES('10','1','New Price $100 Skip Special','100.0000','2','0.0000','0.0000','1','51',',51,','0001-01-01','0001-01-01','2004-01-07','2004-01-07','2004-01-07')
INSERT INTO salemaker_sales VALUES('11','1','$5.00 off Skip Specials','5.0000','0','0.0000','0.0000','1','52',',52,','0001-01-01','0001-01-01','2004-01-24','2004-01-24','2004-01-24')
DROP TABLE IF EXISTS search_log
CREATE TABLE `search_log` (  `search_log_id` int(11) NOT NULL auto_increment,  `search_term` varchar(255) default NULL,  `search_time` datetime default NULL,  `search_results` int(11) default NULL,  PRIMARY KEY  (`search_log_id`)) ENGINE=MyISAM AUTO_INCREMENT=25 DEFAULT CHARSET=utf8
INSERT INTO search_log VALUES('1','Maximum Sample','2008-08-15 20:55:16','2')
INSERT INTO search_log VALUES('2','Maximum Sample','2008-08-15 21:06:26','2')
INSERT INTO search_log VALUES('3','Gift Certificate','2008-08-19 14:56:21','5')
INSERT INTO search_log VALUES('4','dddd','2008-08-22 11:15:50','0')
INSERT INTO search_log VALUES('5','mirco','2008-08-22 11:20:33','0')
INSERT INTO search_log VALUES('6','Microsoft Internet Keyboard PS/2','2008-08-22 11:20:50','0')
INSERT INTO search_log VALUES('7','Microsoft Internet','2008-08-22 11:21:04','1')
INSERT INTO search_log VALUES('8','fff','2008-08-23 00:11:59','0')
INSERT INTO search_log VALUES('9','mirco','2008-08-23 00:12:09','0')
INSERT INTO search_log VALUES('10','The Replacement Killers','2008-08-23 00:12:24','0')
INSERT INTO search_log VALUES('11','The Replacement','2008-08-23 00:12:38','0')
INSERT INTO search_log VALUES('12','Maximum','2008-08-23 00:13:28','3')
INSERT INTO search_log VALUES('13','Maximum','2008-08-23 08:35:53','3')
INSERT INTO search_log VALUES('14','The Replacement Killers','2008-08-27 14:34:44','0')
INSERT INTO search_log VALUES('15','sas','2008-08-29 10:50:24','0')
INSERT INTO search_log VALUES('16','ss','2008-08-29 11:08:16','0')
INSERT INTO search_log VALUES('17','a','2008-08-29 11:08:25','18')
INSERT INTO search_log VALUES('18','ssss','2008-08-29 11:17:53','0')
INSERT INTO search_log VALUES('19','a','2008-08-29 11:26:10','18')
INSERT INTO search_log VALUES('20','Test','2008-09-24 12:39:40','28')
INSERT INTO search_log VALUES('21','test','2008-09-24 13:56:47','28')
INSERT INTO search_log VALUES('22','f','2008-10-10 14:40:52','16')
INSERT INTO search_log VALUES('23','mp3','2008-11-30 17:33:34','0')
INSERT INTO search_log VALUES('24','test','2008-11-30 17:33:55','39')
DROP TABLE IF EXISTS seo_cache
CREATE TABLE `seo_cache` (  `cache_id` varchar(32) NOT NULL default '',  `cache_language_id` tinyint(1) NOT NULL default '0',  `cache_name` varchar(255) NOT NULL default '',  `cache_data` mediumtext NOT NULL,  `cache_global` tinyint(1) NOT NULL default '1',  `cache_gzip` tinyint(1) NOT NULL default '1',  `cache_method` varchar(20) NOT NULL default 'RETURN',  `cache_date` datetime NOT NULL default '0000-00-00 00:00:00',  `cache_expires` datetime NOT NULL default '0000-00-00 00:00:00',  PRIMARY KEY  (`cache_id`,`cache_language_id`),  KEY `cache_id` (`cache_id`),  KEY `cache_language_id` (`cache_language_id`),  KEY `cache_global` (`cache_global`)) ENGINE=MyISAM DEFAULT CHARSET=utf8
INSERT INTO seo_cache VALUES('4404c1df54fdb1291c8dd9bb259f32a9','1','seo_urls_v2_manufacturers','S0lNy8xL1VD3dfQLdXN0DgkNcg2K93P0dY1X11FQV9e05koZVYESHgA=','1','1','EVAL','2008-11-30 06:33:02','2008-12-30 06:33:02')
INSERT INTO seo_cache VALUES('ca34fbe5f9a075091ad59abf02c259a7','1','seo_urls_v2_products','lVfLjuM2ELznK3KbBEgDIm2vbeQUJDnmgSA5L2ipNWYskQpJre18fZotS/LYJu0MdrCXrn5VdYlTYa0NfvP2+x+//fTXj39+/vWHX37+vHz77uu3sEdw2DWqxBZNgINuGnT+7dvvv6oegdYRdLb9F4R3G6BVuoFGmwNWScgmQhTs+ndPoTU+i9/G+N5U6MBrfH8aL4pbgIRKuQMEdE4H687J1oSI0Fo7hMoeDeywscdn/QkeyHeIFUgoXa89QmlNcLZJVpJyaNKhaiDY3hnF+36yO7mIsEjScY/YgK0h6PbpSiRzW2lf6q5BD16VjrptlKkiB1m65CqWbHXprLd1AG1ojwZJGnjeWeUq6LxMz8kC2eOxwRCgU+UhIhrl0f1NOYQoipN+2gJv+F1T9RJd0LUuVUBYFUW6LqvmDkLl0pgFC+cOI3N1FqyYOwxBMnWY+ztM7C0DYgqvz6btm6BppQcg7ZWadCSLYkHKo4stSeYesNJBW5Nc0vKSs9UnUoOta+icrfoywFGHPagQnN71AdPnv/wUxaHgksH8/wSsj9tdeNidXyrPwqAGSUnpKVkKHJTW6Yq556BFMtOK99VqA3Q40BsdPBhLs6cRXPtW/q8NJwrW1jCdLOhoGwRB/1/YJr6SdUUxFNYVwj+9MkGHM+zsCVoMe1ulCV1fLWs1lZqUQPzqMuPta95Qdt5BW+MQxvJcyUE2My9y6icdzeXHjaXD+ADHsGGxuSPfDK7LMotEXAjY0r2+AGb/nItN4HR7V6oeeZ9rgj/oLo2d+RMj9qNm8vjt427j7qP8DB4HCZAQaXbqZNxGWlLbx9uLdnOfMznY9gO1Y1V42Fg6CdvVHRePW3l1PHawOefNlaqua870hR/Wlu7sAec3vL2YSRTDDd6efrK0KJhzMnF10m3fEistvRLi2yJtqqIYnf8OlPZP+trz82U6pLgrOry8JMXwKps3PF3Q1fk9STHYiJCL6V96HRt2h0tgJoy3NmbMxPGihBQ+/mTiWEcy/viqVuNvBjBJJkPTZvKD9LdPbJkWr0/Q6TL0DtNFt/M36fJWyIy0nX32Epzp9MomxsyQ63n2gzE8I7wrWxujYZmZcvaJKfxTJny2gJfCJ+LG55KHdSb7ROEcvkmG0xtwurGpmXV673J4ZVQ+3lcmK1P576n8En8zcbPZT9WXaWLkYFZ821O8XKR5l4NZfQQs6RWe+gNVDkYVfJWbjgnM5HjAGH0AM4AHnEVmkl0OHhc/rx9Gi4D/AA==','1','1','EVAL','2008-11-30 06:33:01','2008-12-30 06:33:01')
INSERT INTO seo_cache VALUES('a93b9170a03ff54d81e95917742ea01b','1','seo_urls_v2_categories','pV1Nb+w6ct3nV2T3EiAC3J/2RVaDYJBVEiDIJquB1K3u1rVa0ujDff1+fU6dQ/XHm3GR7dzNtY0qimQVi8XDquK+PFRN+U+//duf/ufP//5f//2/f/nPP/3Hn/+y+O1f/vG3XX4u+zzLm32GH3dtvy/73/75X/9h/3dZlmLps3y3K4eh7aty+Jp6ReqyrrPu1DYe5atR7qtjNeYgrnbj1JfZoUffnObfQv9jnV68GOF5qscqO0zNbqzaJtuldGvBKerLw9QX1XAqMUdJbJqmE+Z8KLOi5+QmMf5hxtKmebG28T3zmQ0Z6qkc23Y8fS3AxYNcpCoOdRAItGPaV61D+MO+n9e79tTWmJ8yH0/ZWA6jq3qU4i5H61WfdVNfHSqXXupdY4BVc6SC512X92X9dceWElx77ib0xVG9V84gJqSzto+l9Qor6FS9z79//ZHXrY3+NDUjaB0yzv2xrQ9Z+dep6s5lM35NvaTmHKvDOLAnGOj4mQ1T19XuEl1Sd36Wl7LuP53mOd5Tey7Z+jGHmWgccvZ9V+fDUO2ysf10pnJJrTmVeQ0lsEksynwanb6sKNixbJpqyPp8914687KiRA/oyamujqfR6cianR4u1fnsCmbFqT53K/b2XO6rPOvq/NNTxhWn+dyt45ScaWs92ib16Nxt4pQc2akds6R2KRCZkyR6ruZLPu5OSe2vuZDVm/h8rCntxbFA2/GRrinuZSo1JTmPNKEvlOI6tXVK8pA3tA9fL5Y15dgNnUNCkQxd22N5t9O4b1tnk15TIFh1Xze4oQw+qn3ZZkfssg4l57+pGiy4fZvtnQW04eTn2l8P1RF7uEP9qt2irs7FbDO1oFpYxhxbZ9m7y/CVo9xXHy7VGwcKA4rdpa9yx2a9caAdzH7bwAk5VCN2b6//YQorTmC2a5uhrZ2JfGX7ybPDuWxr88p6WtAwOWPbZ+d2X9YD/vq12F6p2n2Ofdi6NvbYaH07/ErlHsbpcICfkzfVOcc3zCB32EVKz3JuqemXqvq6P1sq+a+i/ZWtti9pfs2WZmvmcdqmJnXDyiGhsnTD8muSN8748J772/IbJ3b3uat9vdNsTj0cbzkfRbv/LFpsnD4fp3J4r4wtYd9/47yiXev1jYFye88/c/NHnDFzhg9wbX0yTnDbjdXOWRBvnOMi32P7HFtnpf3gyoEqWJfponxKueGzVFh6+G/InA/94Eo6t1gKJocy2wUn7+uB/qBw+wk+gzcfPyjcocXhxrGvPyjbz/aIY1PMo/xBeVZdiyWVcmT6QXnuP7DqIi7FD23qZb6PHa5+UHzz6eqjrXZl1pexU9MPihMDxARb/7+e3MULBXqe4OxBfFUDUzuZu+rIcPFCIe6mAg7i71UPGwU3KuqHLl4oyA4Od51CLXnCl7fVmg1V/VH2KXyUsK3YFGJZP/N/vDmiYHEYQQfOJY65Q0rTlDEcYm/bXbxoebLphBmkXNsK52zssmY2PDHp7AzzHxaqM0IdlnU0wF7T1m67lON7hUnzDhKLBSXIgwcO4fD4zVK5DcvwljscEO0E9IlT5dlloPiO+f7o7nGLBQWoI5CdqvIGCIg3HZTdOX8vpy5h8ijDcArClu84EouFNrPZU4lQL7k4h1MO1ff6u+SCPOAoDrpsn39mPE06I9Rp+SOvsdThr8XptXWe+moYzzlMfPR0utDxVIfZpv0oa19GS8oy33+gR3Ccmn1dDhkwBmBa7tApWmwo6UOncOdDdnO0k66rDTrl7oAsAAjzLeOS4m3K8dL2/va9WFG21qrhFWk7zELn56oBT7YvP7AbeHOjAzR0DO4zlohLSvnyrA0Td277z2zfVx8+D5frCW5RAi2lW+fd2HZD1rRjWbTtu9sjCrbe7eEyNxX8BUebVxTp8P7ZlYIrPVqu1ktZAAHyyCjJMBWYQm8P1an4Uu7NP4z7FQudi82An/MRqEzMEVnoaHzCoihy14KuKcYLsJ5mSHCtFmuKMJmaQhxOrasWOhPvzcZeZnCNv2VRTooxTEfiilhTnBBQtoMmHj3fb6HDtdHenDRPBXXSNvpj59LJHwJdUFWXmLunNTp+AijvcNAeDDGHY+F2fiMLDL6PfDdNZ4i3zBufhdKFpSOyOUAn3FW0oXiB6OITVXmZB+Mskg3XqLBlHgPwo3zTROlt2UPYhIC0z46umnSnketT7j68sX4oHchksZWXWxcJpBRmU5hHG2uVomwO5s7GSCm95pRCSjEYxvY4G44cdEI/TD+Bq9fnJ/jCVtjkAE7gzKd/kKsOTNgmws2PROZ1khLDzo4bnGSmV+2S+QAsJJ2JInxv9/n7E0wSZvX+VPco1rb+xC4Oxyt1KoTXdHAm8l9PcGl9Vrh6eYKJS3TIz8OEvSm9h9pR8+bzmXmnVuTV8RkeasXNAlwtiLf4hQzaErmSO4ondPDnxy6NmnrQ5fOaSPoC1YDLIYlcdhn9bx/uS7P38tO2scoBYBZv1ILFGmd1gPazQB/a8eaC6rD8Lje1YrX55repHq8v3+Smorx9k1u41eLlmwMXbLVYfK/rQrAWy++yU7uKfISDILRt/jnu8gjvGnZ9WTbwNeB373xXWqAXtNgiC+BtOrokvMt2HI+IKpPmRwvsMtfocM5GXL0P58oG7TUfNhW4XgnXbkuhXQssG0QR4Ds3P/DrbywFdy2fZKIZOdRVl+3byzNfo7SBJuzhGcIHSIATly80KLDwcNzg42UD7l88H335QiNy6130iLV8oeG4diuBQTvI1KhLCQw0Dzf3UzroyYWyvzHEPyFEbD8B6RwqeNB2dL1FhTifCvhY2+5rHFvtlJfGRiXQ9eowfhrcfQ0l8b5GFbhUuLS7DHDDiwqcRIo9JrnSH38vTMZjk7dZRZun/IvqYcacPXqp+BNYqOaIAKL7CXO5qASnyg4r97Pl8lAP4Le953fz63EIV9u3Bu3fJOJy0KUEWtZ+4FLuKkSXRQ4l1CV35l/BH3QdsGh3iMtyNv+lMDVen7S12yzFOlSlne29z1OsjXUydVgy6HaDgy6kMlGsD6NM5aRwu1MFSwpII2nmBa0NwedN5KGA5ysTC3lzZk3AWp2q1Io6KeaYLYCncdRxqbCTG1O+N/DM2QuXK8r8xmHGevACbJYrLWp6Fv6GIYQt+Bu6WmaHXHB2uaLY9/kIPWmbBr4Hrvy9+KDlKuznQGSzrp1ww6CP4crWg2CWguDS/ZylMLi7e73sgI0zUf5rLu2bYmEnGTx9ESyHq7UcOgws7GjYtk2md7uxFDg3w4rmDrg49XJN+c/0d0NzNFlgXQnQ3Ta1hG9w9e9wk2PhkQn01IAC+DP23ARyit/Iy+GcV3vMVnTYQukOdXsBjH6scLmYwMPV3tU4tA/V72U2T1oCp7b0gPVeTKLO9Aq0m1sv2gnBLN7V6nLDXXxmONa4N3HbfxB59AJxKcBubh5XgwgLQPyB+wlKfGbBJX+fu+QU+Ez+UVbeVeJyQ3nbBa95rM5ECsBDuJf37S2liltMu1Apytod15aCxDl/9C3fNpy+du8d4hVljezuwg5HbmcoyXllxbH7pSJxaPQQtgM80ZsOGu4Rx7loNyQ+3QjE1Xsr8Ykc0Wplbxi+1xNKMNw42Gx6cyI0LxDjOhjBIk7TiroK1FOzj/bllSLlbUa0J5QqSVNGKcCO5PFuc02Kti7LLjKBCikmedIY5X7Z/U7kOmWpKL3rbLu3NkuF5OEGGde0QIJjbQuBwzpwJSjkTZc/afuRIrmSrouWCucKOp2N0zh52vTG9ViXxyOsDQLwIhHFS+FsUA5EE7rtcikCtEu8w12+UYK4uQjG5NTCTXcDuN+4KKObgYK4Tr45DwFcMI5ZMe3e4Yg4K1Cw14Bzsr8NCeCKGFIFaBV532Pb8T9LUZn7WuDK0+0g1xru5T8RdlrP4QIZpRHlpeAulWvFFall1uQTcvJMssAritWbUZrLd1xoZzF5rgRW4ZaP0UFxcu5+iJN6T2ialjIEJcdbprGcEMFT/sLcesthJSiK5sx24KBkX8/ISlCUGvfIKC2FBOEw0fohnKsXLrKett1RoJXiry4VUkvgXmfxM83qhRKchoIXngdwGnd2mgrvO0Kednlhnr8F5obzUOsFt6wEOw0ImXt3D1qrBeWJ6wNGqeoLZ0SHOBOq6Cxdx2GBK0TEo5c/0+EQb8BZnJ5L89SlEVO6m8XyXHhdoFAX26NLRGP55tNQhkgGcD4mjAjpCB4NlxwSHDwaigZpMRatz0A1njTvgrU8Zq6820FzeIaXApvja6l0c2iFHXXVAe/bFOB8wSQ0NujufMvvafySIr1jV2DAwwi8r1PWd+y4j3jgtTA3j59qMPMD3cT8Kynxbgo9fqqIXSrYar3PFErjFwY14wnAGW9zbhCA13UFed3uM54ZtpCpW7LSU7xUNsQBIBzwaU0VXPV38wLvhu5MuNArmOEdEh4sGGFX4SRHVyGxAe0QCpa8Y4lONzXtIaj2GW7q2WN6z6BwyrtWvHFT0UIc/98wxjofErImBgM/z037dUslsl3JMmEetMbpu3CwuwSjuyFHe05tQ+rUMzw0aUhWeYaHZuwW6cpQVN9VXQkVu/EoN/OPptSbGOrUrYEZ4YjH+q0U0HZj1XmTVgjhAp7FVXjbjTMySOFmM1ITtgZnTBsqiy6zbh+JBBqvlFi2uwYO7y15ARkv3jXHaqNt78oU/Yi2uit9LF10pVC3W6+6dhjtNtAbPs3LjWUYcYLDUdJjoRbcWEbcwnsC3NCW3OgNXbQkZe8TtB4Dzic5PXOsYKSBuan3yOFiEnNeG2SKsIB4LPdKyNptAShilaswhF47fRTSdrPssi53IdseLzUBR8HHDOP7L2ee1BRg+JBz8sjr7sSC5Ip+Qv0AT3CKvztXfe/788qKG3Hf0jr5fyuBcAWumpFKdI0PVRS02w0qw22ib1uoM8PC5DDD/YiMbACK4Rrd+5CQOeAC82mG6TbwKJOY6RDbmfYMmBEIo/slyh8ZB0PuxvauhNDx4I+F7B18lP+v68QIJZc8x2ZtZkh5kQOchGWtXrn8GwATuOyJfIkrv/zEzhujpIzzwi6TdmP24LY4UhZehzSvEpHDmE6b9nRmWv45rTT5k5Qz7mV6XP0kM1HetcE+u7zDdCQzcgvoytZy3pKZ6BsMY4UyJ3V1eIKRmqGMsIRUrJUwvx2gE1lbz/0X2rdvAVIqwdIT69V5jNMK+WMfdm1d51AAAhHWKYBMERMnKJC9KuZEBxyM+Admd1nZF6enggjF315CdrK4yxLQvmcEhBySeN6CvC9RE0R9N07+IWGcVIkUJ1HhbyFnLupxCEiMQm1CEev80sCU4kLTnRYKv0NmrEu3Fo4IRB85WJL5AADNcyXXCnkbut5KY2THCbcNpivRjLy1cjwBDp0RQCimEqCHN471C9c8HEvcAeIS2j6EnRSnPxb7iXsn6xD+hqT32my0pSXyJj+W57cW9rhrkTav4iglhgwcsIWJ9BG3teLhtNfisIpCJiM2w6/Vci1EEljeDnnSyG58rqPcH4CdX9x9ZC1wsmitM1mLAHN/5oVKwpPtsbty4tv+CDv/e8RBXwuYHA3OjPRIyORYos4K7opkcTTf9rszX8InkZE2xr4QnH9oNG6ucKmyO4Uf5/sA7ytc7vNXEDjp94lmH+i9ex2yVugb02g54CR3Yb2gjM+wxBPXQSQNd61UUia18lDljFJYJmzn7t2j4jYfrLtHx40dMchOzvQ6xLUF1UpUK4W37fqqkKYUVoQI2ZSenihvlPbXPSqtBUjGZnWpMxtE0Ga4lEC8BhItdWT9QDK9n5C8VqqoDgLeDMpyJ9ZKW4d4tt1Ud7bLerMh7PAD4UiaQeRdu+QUpbJt4Xky6dYWkdP3Fa21Sb9v23Nantc6BLPNTJYzGlnVggNH7IFeAMl6jmBzzshrxa6hZoU3Ki4+9Gnft4U/w5RdkRef82HHaTaEpXVI62BEvScLRaRh8VvQDDxgwLDx/VYIHI3AEPLmve5Qdj/z2+a8xwHMMgLcjgXXOlTXCVkELoKzViwatASbOnNa/NTMtRA3u9ebsWdvGFyjM7b/1wmZAh41RZvg0a1nAM3SK70JEXL2x8oXsc1D+NmVC9GQ73XuJnCvBZ5dWRD+hKsg3xwKOruy4Fhvm4k7Gor3yhEl544pRCWpQ9wzRZ/SG8r2EbCJ7MqCzcSSNKuyvugM6migMpYftLQWXBbqj6S0L7AsMKRMkQCywJAwRwpJC/QxeQkBS2mVggUGUfTtJYs2S7FaekuUMsAgOH3EacNaRWxptFlKEcWKjtiiY8QCucItjSBsO2YgPGCPcmwZ/+KYEOFdjDSK08o7wuZowcteozTGD1VlUpRFQNcDW4JwBXo9cIVo0ZjZUnzaA2fKIhD49cAWFRKFv+tR9gWIUaRyzloBazXKeFqtjSi5ALAj6slAZRA16dflWStyDd7WX6cWYS9xekodiC1oaYk8yYc6ZATGoh2hdQY4g7NtlFaHGeQNRUy+Ko9ZjU8XBRBqZV+N1QRaC7QyUjvCwzfET47uz6FqCJqLBi2vBVzN6go/zl1WAqos3vac78uU5ik6ZJij2iMOXyNyPFEW1PMohEfJjNyu2p3hKgvzVinlIZ7A46NAVbQyocSlEClV0Ewhp2FWec4Uci7PFvslci1T6GmgmQ2eQr8JlcjK6vcp6QMbgVRNeRnO8MUTurQROtV2HQCeJHqaaJSybpGGl8TA1WoCS9eOjVAoE9szTNx/TXjPMFHiiI16iolyv+UsYSbiBW43QqIYP5NSO28jKMq6ltS8ACitjITeCIXSykghp9y1MlLIKfWg6Sn0XNbnoOkpDBT2vVqlMFHY92qVwkRh36tVChNXerIwrpF1aaJWcbNkYaiyGVyiYkJRb2xDsRKLG0FVV9I0SGMjrAqYeo+rTGNO/Bhlfw04vX7V8Rc2Qq5YiDIeC7oRgiXq5Lz/jZArcj0m37sdo+DJhAmPTrRwLJLvLfz9651vEwqdMUFXdZ1cam7hbNgy8VxSLm2S9qhz5gaibwRbhXYtdNfrMQVLWpzMkFZlYbJexPhG2FVKgv9GEJbVkDbIPakowEbJlzhSDG63KcLjhNcbemd0ArLmAGM884AyPh45oeQh/9VG8so3ArBQmOEtK6ceudWTU0t7s6b0DtiQJ9yOstYr6mBN8bJOGyVTNrzYwOki8OJe4hwt3rQRmJXvsnMFXG7mjdV82gjTyn+ixg9SkQGE7fGxA3Jr1O84Pw047mlLFrV+gpFGHLdFQItQEBsBL+1Y2OUYpyr589SMwm4AcRkJLBzlZp7ovUCyokXwDFxrXBT3IxrZx2dbOBm6bnlIz3yQRgCH7nrAbdMzjDIJqJKOKiKU8DPM3Pt/Tla2Ejr5DCcNRo27pL4z3PMZVoEv8EqRSwxEEAGneZ3/QsnURNXaULXOAJmBUdi4Id4RpcO/pykC4OCIw+DZxePcWLrGKg+UdbTClQtuYKH4AMKBgicOSkBdN3xkJY5wdt2dvlaF2eHUWuPDqHyJBI1D+oepeYyJxOXuU5xUPdzz7y1jFRvSM12m5tmeMEH62fdMmyLcEBhv1w3fbILKiDt+qNPnd9ugPg4WSvPdFmjz7A2ib/eB9s5qSFowdf7NfghpxK77O/LRvjehQhtLqxEBe/nNNqiSKJ/7/2mDyvkzR/bbd3tBFT2Xv+AOfbcJWsm+hXJhaX1zMqihg71shAL1efH9hrQjm831fCol3haIxIUT2MOsDng6IbrdC9BEaYVdjgJ6qK7ufUJw5kx8OcF6p30lpOSWSLJADuJYWWxOvG9Ky8XmeMmnd8TKwFTBaKUwUoewNWSfhtIi3jOFiWpzZfrMG3wzhY+6YrVigPzV+B9BJ/jFXlFKGGJQEitOWUIAHQtwJfBRJ4Kw5bWkfI3mapZfMdWsKe8XEd0INUXdV1ylmGnY5dhzkDuc8D1hqCjCAcwXOxx8DobKRJUyhP2VDTiyZjpaofX4nIRgv6BkHWqGI68kgY3KcoJvz4WDI2La16gu9Z03VDN6K+GDVJhzlZ8rO72PCRzUkruFgBzqlJFRSUyj297K9lpl894CWxK+SE15UOrXrRvWtdHzDzh5lU31C4GhCXO/Ffp6QRgoAHyb/guiwPp9vIPb8BpEsFu4AkjQx62Q2Jsq251jUjepIkGPd+2lwPtk0TncKkAQz56ZFuNTDbIkErioHboNyDtkHCO0rEVRkQROasnVgB1xWk5ikxeE7ZYOWYUwzWz9I2V9b0Me80182HbwEk3SlNLvuZoixCS8n/JLglZvQzm9sMxto0PNOoQtx6zKVugtEg2QEQPXFYFHuDeykhZxTvo1HcpCDsXUH092gQ/wIomVqoNUmeyn3dINgJWSBknrghAZ9NbiQi2+HEv4kNJZKtDdmkJIu3moKazajfCgnV8+ZKtYQ3v5DtPo3eZtFV9IymN7tBJUXwM4WwUXzrVD4t0QpquiJwnUhIdwD9tVJc4d1qfIMIXq4lmFdA6Je8RGCTuWJT0juBWoa6BsLKB7q7hDJNmjDF6klshWAK4uwxEIxocnw3uTCe9EbYXo4hE3LxByKwR3sJIzdgcL/8UTsF6quFL7xYy2Qm7nrmu8wB7MBdFo4I8ARvBiDbeCdGcGbPEIomUbSeGx2/kxC30vIeVgq0jF+YOILXv3Yw63gntnhgKGkCWfnGWiKMVLXrMmKPYId1EJ8J3bt7cfPAmFknthgiNxq1uhvTCEEyKm7cihyFuv77T7j0qZoo2CgnHraHspI80tacl9XmSr2MbwbioC0wHteUMXKFxUTYuYV/gTzijWXOZ4UNaAoh1C3l1i2nK+y4rZdylpukmZpp4Ce8kQWUt6q5SUsNje0Oj5BUJ7V80WXGJvKFuyxlJOtgJqSYtjJKCPY+aHXG+F0JKjwrbozaMiGKVkZED06H7auXO/oUhRPQbvGNmQLQsWsWPR9262Kp6HBDoc8f3Mh21IAJ5fsARobEdTRxjhqQvEAqDakEtIJw7Ohf8E5Vagqd7AxIuVfpsUZ6CNClQ4aKA+IYnU666Az0CMxEDvVm6rQMVAPODOyG1ZGzCADKD/fOqT0hwaAAGlX75nq6BFe10a8TghW80RjlBMaRlMWHgv1Oqdx3RNmbtDvrfnprwvUKrnqqlgWUvoo2uUQhW90vwCK2QONqyqFOO6paTtfUKnM8IYrU5H9MnLrcDEqsGEK8MH7koNy53ASVdbkxqok4ag50vDvmJvPHrzqmjGA575shkqqnefmlYZ2WV8O9JtV/4zNn1sUy6hzlx47BObmR14vXmnQZ5nhM98mn2CRl+sXh69rrjKCefD4cwcdudrgvhIF30jcytYz4hjToigvLneCLrrjViRiihb4OGdW5XWQ1MAO2Go8aYZ4DBvZBKjXVzZju1RUoxJjsC1rB7e/8RFZ9VFxamYxXC7hC3P6weXZSDFf66VDCX2gLXhPhAP5hUGXqJUoj2p4Ibib4W2AV2y23gnR3gbCu6hvQF1hSzV0um8whUf3xP+KIHX+EtTQYvEc7zGKcs/PD3s0VOiVvbF3q6GrkSeXt6GCnxgKHB97L3SvFXyrLWd5iUFnOyR3hIzv+7/q3AyfsMKcpdO0MSrkDGjhUvotSlQg3RMmPFouatamywm51HS2RWlF4fyqvhDEirUxmv0Kr5r5JJHTeNqLadX5n4VlEUmnKq81rkoSYiQa+TrOrSCqu4rFWGNJajfq6Cqv2GM6eKrIg7v+ZJ08lVpr1/wRXRzQYk/8MaKxr8uuH7veXxd1VOqj/QxnRVGdc8T011hVY8crg4Lr3pgiOqyMKt7HoCJjg4pEPGe/gmtFoD1wOxrt6ISrdZVmqF8FXZlDFHlFHZlpGlKKfxqfs39nimikUKuboxRkykQ68rg66IwrDvimCIKxroyxLRQiNWN3PBqes+OkgimuvIcvESC1xWN+ZU4xaQKo/qD6CJSCCiViTsqAGFU1CJ3zxI6JToleRIOjC464VTGF519mndSpkx8gKXQ8ByK6khJeJS17QtIQJTRDYZ1egXCXtcUJmn9la1QxKvUo6tV4YfdsLpfeN7gwh4N+qi4BUZZ2zFxqC6dKF1TrCxaEka1QdiT0fpyEOJkdAlvmL0KdDLqa5w1/Mz42t0E32oVt6CCmrphmWqdBTgZQ1TegpqMNM06K5iP9FF5h1xZ6wYqluDdVaAZKrtyOeHs5miVQvTsK0lzOQfjLSOSFf5kzSa9Efcanm0APbIEGyfH7FXQDjB2z51XRbbh+s+ZAIE6dqkbaVPwzEyIhTUinsQeZMuW1vz/AQ==','1','1','EVAL','2008-11-30 06:33:02','2008-12-30 06:33:02')
DROP TABLE IF EXISTS sessions
CREATE TABLE `sessions` (  `sesskey` varchar(32) NOT NULL default '',  `expiry` int(11) unsigned NOT NULL default '0',  `value` mediumblob NOT NULL,  PRIMARY KEY  (`sesskey`)) ENGINE=MyISAM DEFAULT CHARSET=utf8
INSERT INTO sessions VALUES('3f675bad1953bb2207e50654248214cb','1228131594','securityToken|s:32:\"1ceff8bae46911beab65f593b358c799\";customers_host_address|s:48:\"180.174.61.58.broad.sz.gd.dynamic.163data.com.cn\";cartID|s:0:\"\";cart|O:12:\"shoppingCart\":9:{s:8:\"contents\";a:0:{}s:5:\"total\";i:0;s:6:\"weight\";i:0;s:6:\"cartID\";N;s:12:\"content_type\";b:0;s:18:\"free_shipping_item\";i:0;s:20:\"free_shipping_weight\";i:0;s:19:\"free_shipping_price\";i:0;s:9:\"observers\";a:0:{}}navigation|O:17:\"navigationHistory\":3:{s:4:\"path\";a:2:{i:0;a:4:{s:4:\"page\";s:5:\"index\";s:4:\"mode\";s:6:\"NONSSL\";s:3:\"get\";s:0:\"\";s:4:\"post\";a:0:{}}i:1;a:4:{s:4:\"page\";s:14:\"page_not_found\";s:4:\"mode\";s:6:\"NONSSL\";s:3:\"get\";s:0:\"\";s:4:\"post\";a:0:{}}}s:8:\"snapshot\";a:0:{}s:9:\"observers\";a:0:{}}check_valid|s:4:\"true\";language|s:7:\"english\";languages_id|s:1:\"1\";languages_code|s:2:\"en\";currency|s:3:\"USD\";today_is|s:10:\"2008-12-01\";updateExpirations|b:1;recent_products|a:0:{}session_counter|b:1;customers_ip_address|s:13:\"58.61.174.180\";')
INSERT INTO sessions VALUES('0cd29cf65d0b58dfc45cb13e54293009','1228134618','securityToken|s:32:\"8cf37629ffd2e45f82068073473c3dfd\";language|s:7:\"english\";languages_id|s:1:\"1\";languages_code|s:2:\"en\";selected_box|s:13:\"configuration\";html_editor_preference_status|s:7:\"TINYMCE\";')
DROP TABLE IF EXISTS shipping_airmail
CREATE TABLE `shipping_airmail` (  `countries_iso_code_2` char(2) NOT NULL default '',  `shipping_airmail_zone` char(1) NOT NULL default '',  `shipping_airmail_20` double(4,2) NOT NULL default '0.00',  `shipping_airmail_30` double(4,2) NOT NULL default '0.00',  `shipping_airmail_ex10` double(4,2) NOT NULL default '0.00',  `shipping_airmail_500` double(4,2) NOT NULL default '0.00',  `shipping_airmail_1000` double(4,2) NOT NULL default '0.00',  `shipping_airmail_ex500` double(4,2) NOT NULL default '0.00',  `shipping_airmail_max` double(4,2) NOT NULL default '0.00',  `shipping_airmail_desc` varchar(255) NOT NULL default '',  PRIMARY KEY  (`countries_iso_code_2`)) ENGINE=MyISAM DEFAULT CHARSET=utf8
INSERT INTO shipping_airmail VALUES('AF','1','1.90','3.10','0.80','99.99','99.99','37.00','10.00','10-15')
INSERT INTO shipping_airmail VALUES('AL','2','2.50','4.10','1.00','99.99','99.99','36.00','20.00','10-15')
INSERT INTO shipping_airmail VALUES('DZ','2','2.50','4.10','1.00','99.99','99.99','41.00','20.00','9-11')
INSERT INTO shipping_airmail VALUES('AO','2','2.50','4.10','1.00','99.99','99.99','55.00','20.00','9-13')
INSERT INTO shipping_airmail VALUES('AI','2','2.50','4.10','1.00','93.00','99.99','53.00','10.00','10-15')
INSERT INTO shipping_airmail VALUES('AG','2','2.50','4.10','1.00','93.00','99.99','53.00','10.00','10-15')
INSERT INTO shipping_airmail VALUES('AR','2','2.50','4.10','1.00','99.99','99.99','53.00','20.00','7-9')
